2026-05-12 08:41:44,238 - INFO - ABLATION DQL training started 20 steps/episode.
2026-05-12 08:42:19,295 - INFO - FLUKA OK: abl_dql_ep1_step1.inp (35.1s)
2026-05-12 08:42:19,297 - INFO - ustsuw OK â†?/home/marina/caseI/20run_caseI/final_run_confirm_time/abl_dql_ep1_step1_out_tab.lis (5 cycles, unit 24)
2026-05-12 08:42:19,298 - INFO - Ep1 Step1: HCNO: N=40.0%  H=6.6%  C=18.5%  O=35.0%
2026-05-12 08:42:19,298 - INFO - Ep1 Step1: Reward=18.25
2026-05-12 08:42:19,298 - INFO - Ep 1 Step 1: Action=12 (DecGap), Layers=[2.5, 7.5, 7.5, 6.5, 2.5, 3.5], Gap=5.5, Reward=18.25
2026-05-12 08:42:19,298 - INFO - New Best: 18.25 at Ep1, Step1
2026-05-12 08:42:55,517 - INFO - FLUKA OK: abl_dql_ep1_step2.inp (36.2s)
2026-05-12 08:42:55,522 - INFO - ustsuw OK â†?/home/marina/caseI/20run_caseI/final_run_confirm_time/abl_dql_ep1_step2_out_tab.lis (5 cycles, unit 24)
2026-05-12 08:42:55,523 - INFO - Ep1 Step2: HCNO: N=35.7%  H=8.1%  C=25.0%  O=31.2%
2026-05-12 08:42:55,523 - INFO - Ep1 Step2: Reward=18.42
2026-05-12 08:42:55,523 - INFO - Ep 1 Step 2: Action=3 (DecL4), Layers=[2.5, 7.5, 7.5, 6.0, 2.5, 3.5], Gap=5.5, Reward=18.42
2026-05-12 08:42:55,523 - INFO - New Best: 18.42 at Ep1, Step2
2026-05-12 08:43:30,149 - INFO - FLUKA OK: abl_dql_ep1_step3.inp (34.6s)
2026-05-12 08:43:30,151 - INFO - ustsuw OK â†?/home/marina/caseI/20run_caseI/final_run_confirm_time/abl_dql_ep1_step3_out_tab.lis (5 cycles, unit 24)
2026-05-12 08:43:30,151 - INFO - Ep1 Step3: HCNO: N=25.8%  H=3.9%  C=26.8%  O=43.4%
2026-05-12 08:43:30,151 - INFO - Ep1 Step3: Reward=13.60
2026-05-12 08:43:30,151 - INFO - Ep 1 Step 3: Action=2 (DecL3), Layers=[2.5, 7.5, 7.0, 6.0, 2.5, 3.5], Gap=5.5, Reward=13.60
2026-05-12 08:44:05,122 - INFO - FLUKA OK: abl_dql_ep1_step4.inp (35.0s)
2026-05-12 08:44:05,124 - INFO - ustsuw OK â†?/home/marina/caseI/20run_caseI/final_run_confirm_time/abl_dql_ep1_step4_out_tab.lis (5 cycles, unit 24)
2026-05-12 08:44:05,125 - INFO - Ep1 Step4: HCNO: N=39.3%  H=2.4%  C=23.4%  O=34.9%
2026-05-12 08:44:05,125 - INFO - Ep1 Step4: Reward=15.59
2026-05-12 08:44:05,125 - INFO - Ep 1 Step 4: Action=10 (IncL5), Layers=[2.5, 7.5, 7.0, 6.0, 3.0, 3.5], Gap=5.5, Reward=15.59
2026-05-12 08:44:40,207 - INFO - FLUKA OK: abl_dql_ep1_step5.inp (35.1s)
2026-05-12 08:44:40,211 - INFO - ustsuw OK â†?/home/marina/caseI/20run_caseI/final_run_confirm_time/abl_dql_ep1_step5_out_tab.lis (5 cycles, unit 24)
2026-05-12 08:44:40,212 - INFO - Ep1 Step5: HCNO: N=25.8%  H=3.9%  C=26.8%  O=43.4%
2026-05-12 08:44:40,212 - INFO - Ep1 Step5: Reward=13.60
2026-05-12 08:44:40,212 - INFO - Ep 1 Step 5: Action=4 (DecL5), Layers=[2.5, 7.5, 7.0, 6.0, 2.5, 3.5], Gap=5.5, Reward=13.60
2026-05-12 08:45:15,435 - INFO - FLUKA OK: abl_dql_ep1_step6.inp (35.2s)
2026-05-12 08:45:15,438 - INFO - ustsuw OK â†?/home/marina/caseI/20run_caseI/final_run_confirm_time/abl_dql_ep1_step6_out_tab.lis (5 cycles, unit 24)
2026-05-12 08:45:15,438 - INFO - Ep1 Step6: HCNO: N=23.5%  H=11.9%  C=21.7%  O=42.8%
2026-05-12 08:45:15,438 - INFO - Ep1 Step6: Reward=13.37
2026-05-12 08:45:15,438 - INFO - Ep 1 Step 6: Action=3 (DecL4), Layers=[2.5, 7.5, 7.0, 5.5, 2.5, 3.5], Gap=5.5, Reward=13.37
2026-05-12 08:45:50,240 - INFO - FLUKA OK: abl_dql_ep1_step7.inp (34.8s)
2026-05-12 08:45:50,243 - INFO - ustsuw OK â†?/home/marina/caseI/20run_caseI/final_run_confirm_time/abl_dql_ep1_step7_out_tab.lis (5 cycles, unit 24)
2026-05-12 08:45:50,243 - INFO - Ep1 Step7: HCNO: N=31.0%  H=8.0%  C=30.7%  O=30.3%
2026-05-12 08:45:50,243 - INFO - Ep1 Step7: Reward=11.85
2026-05-12 08:45:50,244 - INFO - Ep 1 Step 7: Action=8 (IncL3), Layers=[2.5, 7.5, 7.5, 5.5, 2.5, 3.5], Gap=5.5, Reward=11.85
2026-05-12 08:46:24,666 - INFO - FLUKA OK: abl_dql_ep1_step8.inp (34.4s)
2026-05-12 08:46:24,671 - INFO - ustsuw OK â†?/home/marina/caseI/20run_caseI/final_run_confirm_time/abl_dql_ep1_step8_out_tab.lis (5 cycles, unit 24)
2026-05-12 08:46:24,673 - INFO - Ep1 Step8: HCNO: N=23.9%  H=11.6%  C=26.0%  O=38.5%
2026-05-12 08:46:24,673 - INFO - Ep1 Step8: Reward=13.26
2026-05-12 08:46:24,673 - INFO - Ep 1 Step 8: Action=4 (DecL5), Layers=[2.5, 7.5, 7.5, 5.5, 2.0, 3.5], Gap=5.5, Reward=13.26
2026-05-12 08:47:00,364 - INFO - FLUKA OK: abl_dql_ep1_step9.inp (35.7s)
2026-05-12 08:47:00,367 - INFO - ustsuw OK â†?/home/marina/caseI/20run_caseI/final_run_confirm_time/abl_dql_ep1_step9_out_tab.lis (5 cycles, unit 24)
2026-05-12 08:47:00,369 - INFO - Ep1 Step9: HCNO: N=41.6%  H=7.1%  C=19.4%  O=31.9%
2026-05-12 08:47:00,369 - INFO - Ep1 Step9: Reward=23.17
2026-05-12 08:47:00,369 - INFO - Ep 1 Step 9: Action=8 (IncL3), Layers=[2.5, 7.5, 8.0, 5.5, 2.0, 3.5], Gap=5.5, Reward=23.17
2026-05-12 08:47:00,369 - INFO - New Best: 23.17 at Ep1, Step9
2026-05-12 08:47:35,581 - INFO - FLUKA OK: abl_dql_ep1_step10.inp (35.2s)
2026-05-12 08:47:35,581 - WARNING - prefix 'abl_dql_ep1_step10' unit 24: expected 5 cycle files, found 10: ['abl_dql_ep1_step10001_fort.24', 'abl_dql_ep1_step10002_fort.24', 'abl_dql_ep1_step10003_fort.24', 'abl_dql_ep1_step10004_fort.24', 'abl_dql_ep1_step10005_fort.24', 'abl_dql_ep1_step1001_fort.24', 'abl_dql_ep1_step1002_fort.24', 'abl_dql_ep1_step1003_fort.24', 'abl_dql_ep1_step1004_fort.24', 'abl_dql_ep1_step1005_fort.24']
2026-05-12 08:47:35,583 - INFO - ustsuw OK â†?/home/marina/caseI/20run_caseI/final_run_confirm_time/abl_dql_ep1_step10_out_tab.lis (10 cycles, unit 24)
2026-05-12 08:47:35,584 - INFO - Ep1 Step10: HCNO: N=40.0%  H=9.2%  C=21.3%  O=29.4%
2026-05-12 08:47:35,584 - INFO - Ep1 Step10: Reward=24.49
2026-05-12 08:47:35,584 - INFO - Ep 1 Step 10: Action=0 (DecL1), Layers=[2.0, 7.5, 8.0, 5.5, 2.0, 3.5], Gap=5.5, Reward=24.49
2026-05-12 08:47:35,584 - INFO - New Best: 24.49 at Ep1, Step10
2026-05-12 08:48:12,754 - INFO - FLUKA OK: abl_dql_ep1_step11.inp (37.2s)
2026-05-12 08:48:12,757 - INFO - ustsuw OK â†?/home/marina/caseI/20run_caseI/final_run_confirm_time/abl_dql_ep1_step11_out_tab.lis (5 cycles, unit 24)
2026-05-12 08:48:12,758 - INFO - Ep1 Step11: HCNO: N=35.4%  H=11.1%  C=24.4%  O=29.1%
2026-05-12 08:48:12,758 - INFO - Ep1 Step11: Reward=19.12
2026-05-12 08:48:12,758 - INFO - Ep 1 Step 11: Action=10 (IncL5), Layers=[2.0, 7.5, 8.0, 5.5, 2.5, 3.5], Gap=5.5, Reward=19.12
2026-05-12 08:48:47,311 - INFO - FLUKA OK: abl_dql_ep1_step12.inp (34.6s)
2026-05-12 08:48:47,313 - INFO - ustsuw OK â†?/home/marina/caseI/20run_caseI/final_run_confirm_time/abl_dql_ep1_step12_out_tab.lis (5 cycles, unit 24)
2026-05-12 08:48:47,314 - INFO - Ep1 Step12: HCNO: N=41.6%  H=11.2%  C=23.1%  O=24.1%
2026-05-12 08:48:47,314 - INFO - Ep1 Step12: Reward=21.81
2026-05-12 08:48:47,314 - INFO - Ep 1 Step 12: Action=5 (DecL6), Layers=[2.0, 7.5, 8.0, 5.5, 2.5, 3.0], Gap=5.5, Reward=21.81
2026-05-12 08:49:21,755 - INFO - FLUKA OK: abl_dql_ep1_step13.inp (34.4s)
2026-05-12 08:49:21,758 - INFO - ustsuw OK â†?/home/marina/caseI/20run_caseI/final_run_confirm_time/abl_dql_ep1_step13_out_tab.lis (5 cycles, unit 24)
2026-05-12 08:49:21,759 - INFO - Ep1 Step13: HCNO: N=41.6%  H=11.2%  C=23.1%  O=24.1%
2026-05-12 08:49:21,759 - INFO - Ep1 Step13: Reward=21.81
2026-05-12 08:49:21,759 - INFO - Ep 1 Step 13: Action=8 (IncL3), Layers=[2.0, 7.5, 8.0, 5.5, 2.5, 3.0], Gap=5.5, Reward=21.81
2026-05-12 08:49:58,106 - INFO - FLUKA OK: abl_dql_ep1_step14.inp (36.3s)
2026-05-12 08:49:58,109 - INFO - ustsuw OK â†?/home/marina/caseI/20run_caseI/final_run_confirm_time/abl_dql_ep1_step14_out_tab.lis (5 cycles, unit 24)
2026-05-12 08:49:58,109 - INFO - Ep1 Step14: HCNO: N=41.2%  H=8.4%  C=27.7%  O=22.7%
2026-05-12 08:49:58,110 - INFO - Ep1 Step14: Reward=27.91
2026-05-12 08:49:58,110 - INFO - Ep 1 Step 14: Action=9 (IncL4), Layers=[2.0, 7.5, 8.0, 6.0, 2.5, 3.0], Gap=5.5, Reward=27.91
2026-05-12 08:49:58,110 - INFO - New Best: 27.91 at Ep1, Step14
2026-05-12 08:50:33,161 - INFO - FLUKA OK: abl_dql_ep1_step15.inp (35.1s)
2026-05-12 08:50:33,163 - INFO - ustsuw OK â†?/home/marina/caseI/20run_caseI/final_run_confirm_time/abl_dql_ep1_step15_out_tab.lis (5 cycles, unit 24)
2026-05-12 08:50:33,164 - INFO - Ep1 Step15: HCNO: N=40.6%  H=5.5%  C=25.9%  O=28.1%
2026-05-12 08:50:33,164 - INFO - Ep1 Step15: Reward=17.46
2026-05-12 08:50:33,164 - INFO - Ep 1 Step 15: Action=4 (DecL5), Layers=[2.0, 7.5, 8.0, 6.0, 2.0, 3.0], Gap=5.5, Reward=17.46
2026-05-12 08:51:09,044 - INFO - FLUKA OK: abl_dql_ep1_step16.inp (35.9s)
2026-05-12 08:51:09,047 - INFO - ustsuw OK â†?/home/marina/caseI/20run_caseI/final_run_confirm_time/abl_dql_ep1_step16_out_tab.lis (5 cycles, unit 24)
2026-05-12 08:51:09,047 - INFO - Ep1 Step16: HCNO: N=44.1%  H=9.5%  C=21.4%  O=25.0%
2026-05-12 08:51:09,047 - INFO - Ep1 Step16: Reward=14.82
2026-05-12 08:51:09,047 - INFO - Ep 1 Step 16: Action=5 (DecL6), Layers=[2.0, 7.5, 8.0, 6.0, 2.0, 2.5], Gap=5.5, Reward=14.82
2026-05-12 08:51:44,102 - INFO - FLUKA OK: abl_dql_ep1_step17.inp (35.1s)
2026-05-12 08:51:44,104 - INFO - ustsuw OK â†?/home/marina/caseI/20run_caseI/final_run_confirm_time/abl_dql_ep1_step17_out_tab.lis (5 cycles, unit 24)
2026-05-12 08:51:44,105 - INFO - Ep1 Step17: HCNO: N=44.1%  H=9.5%  C=21.4%  O=25.0%
2026-05-12 08:51:44,105 - INFO - Ep1 Step17: Reward=14.82
2026-05-12 08:51:44,105 - INFO - Ep 1 Step 17: Action=4 (DecL5), Layers=[2.0, 7.5, 8.0, 6.0, 2.0, 2.5], Gap=5.5, Reward=14.82
2026-05-12 08:52:20,473 - INFO - FLUKA OK: abl_dql_ep1_step18.inp (36.4s)
2026-05-12 08:52:20,476 - INFO - ustsuw OK â†?/home/marina/caseI/20run_caseI/final_run_confirm_time/abl_dql_ep1_step18_out_tab.lis (5 cycles, unit 24)
2026-05-12 08:52:20,477 - INFO - Ep1 Step18: HCNO: N=39.1%  H=6.7%  C=27.2%  O=27.0%
2026-05-12 08:52:20,477 - INFO - Ep1 Step18: Reward=20.97
2026-05-12 08:52:20,477 - INFO - Ep 1 Step 18: Action=10 (IncL5), Layers=[2.0, 7.5, 8.0, 6.0, 2.5, 2.5], Gap=5.5, Reward=20.97
2026-05-12 08:52:56,074 - INFO - FLUKA OK: abl_dql_ep1_step19.inp (35.6s)
2026-05-12 08:52:56,076 - INFO - ustsuw OK â†?/home/marina/caseI/20run_caseI/final_run_confirm_time/abl_dql_ep1_step19_out_tab.lis (5 cycles, unit 24)
2026-05-12 08:52:56,077 - INFO - Ep1 Step19: HCNO: N=42.7%  H=7.0%  C=26.5%  O=23.8%
2026-05-12 08:52:56,077 - INFO - Ep1 Step19: Reward=17.36
2026-05-12 08:52:56,077 - INFO - Ep 1 Step 19: Action=5 (DecL6), Layers=[2.0, 7.5, 8.0, 6.0, 2.5, 2.0], Gap=5.5, Reward=17.36
2026-05-12 08:53:32,170 - INFO - FLUKA OK: abl_dql_ep1_step20.inp (36.1s)
2026-05-12 08:53:32,171 - WARNING - prefix 'abl_dql_ep1_step20' unit 24: expected 5 cycle files, found 10: ['abl_dql_ep1_step20001_fort.24', 'abl_dql_ep1_step20002_fort.24', 'abl_dql_ep1_step20003_fort.24', 'abl_dql_ep1_step20004_fort.24', 'abl_dql_ep1_step20005_fort.24', 'abl_dql_ep1_step2001_fort.24', 'abl_dql_ep1_step2002_fort.24', 'abl_dql_ep1_step2003_fort.24', 'abl_dql_ep1_step2004_fort.24', 'abl_dql_ep1_step2005_fort.24']
2026-05-12 08:53:32,175 - INFO - ustsuw OK â†?/home/marina/caseI/20run_caseI/final_run_confirm_time/abl_dql_ep1_step20_out_tab.lis (10 cycles, unit 24)
2026-05-12 08:53:32,176 - INFO - Ep1 Step20: HCNO: N=37.5%  H=7.3%  C=26.2%  O=29.0%
2026-05-12 08:53:32,177 - INFO - Ep1 Step20: Reward=27.22
2026-05-12 08:53:32,177 - INFO - Ep 1 Step 20: Action=11 (IncL6), Layers=[2.0, 7.5, 8.0, 6.0, 2.5, 2.5], Gap=5.5, Reward=27.22
2026-05-12 08:53:32,177 - INFO - Episode 1: Return=368.91, Best=27.91, Loss=0.0000
2026-05-12 08:54:07,520 - INFO - FLUKA OK: abl_dql_ep2_step1.inp (35.3s)
2026-05-12 08:54:07,523 - INFO - ustsuw OK â†?/home/marina/caseI/20run_caseI/final_run_confirm_time/abl_dql_ep2_step1_out_tab.lis (5 cycles, unit 24)
2026-05-12 08:54:07,523 - INFO - Ep2 Step1: HCNO: N=42.5%  H=2.6%  C=19.1%  O=35.8%
2026-05-12 08:54:07,524 - INFO - Ep2 Step1: Reward=13.37
2026-05-12 08:54:07,524 - INFO - Ep 2 Step 1: Action=2 (DecL3), Layers=[5.5, 2.5, 4.0, 4.0, 8.0, 6.0], Gap=5.5, Reward=13.37
2026-05-12 08:54:43,184 - INFO - FLUKA OK: abl_dql_ep2_step2.inp (35.7s)
2026-05-12 08:54:43,187 - INFO - ustsuw OK â†?/home/marina/caseI/20run_caseI/final_run_confirm_time/abl_dql_ep2_step2_out_tab.lis (5 cycles, unit 24)
2026-05-12 08:54:43,188 - INFO - Ep2 Step2: HCNO: N=43.3%  H=13.1%  C=19.7%  O=23.9%
2026-05-12 08:54:43,188 - INFO - Ep2 Step2: Reward=17.01
2026-05-12 08:54:43,188 - INFO - Ep 2 Step 2: Action=0 (DecL1), Layers=[5.0, 2.5, 4.0, 4.0, 8.0, 6.0], Gap=5.5, Reward=17.01
2026-05-12 08:55:20,623 - INFO - FLUKA OK: abl_dql_ep2_step3.inp (37.4s)
2026-05-12 08:55:20,626 - INFO - ustsuw OK â†?/home/marina/caseI/20run_caseI/final_run_confirm_time/abl_dql_ep2_step3_out_tab.lis (5 cycles, unit 24)
2026-05-12 08:55:20,626 - INFO - Ep2 Step3: HCNO: N=38.0%  H=13.0%  C=18.3%  O=30.7%
2026-05-12 08:55:20,626 - INFO - Ep2 Step3: Reward=18.86
2026-05-12 08:55:20,626 - INFO - Ep 2 Step 3: Action=2 (DecL3), Layers=[5.0, 2.5, 3.5, 4.0, 8.0, 6.0], Gap=5.5, Reward=18.86
2026-05-12 08:55:58,227 - INFO - FLUKA OK: abl_dql_ep2_step4.inp (37.6s)
2026-05-12 08:55:58,230 - INFO - ustsuw OK â†?/home/marina/caseI/20run_caseI/final_run_confirm_time/abl_dql_ep2_step4_out_tab.lis (5 cycles, unit 24)
2026-05-12 08:55:58,231 - INFO - Ep2 Step4: HCNO: N=38.8%  H=9.6%  C=19.7%  O=31.9%
2026-05-12 08:55:58,231 - INFO - Ep2 Step4: Reward=14.20
2026-05-12 08:55:58,231 - INFO - Ep 2 Step 4: Action=13 (IncGap), Layers=[5.0, 2.5, 3.5, 4.0, 8.0, 6.0], Gap=6.0, Reward=14.20
2026-05-12 08:56:35,423 - INFO - FLUKA OK: abl_dql_ep2_step5.inp (37.2s)
2026-05-12 08:56:35,426 - INFO - ustsuw OK â†?/home/marina/caseI/20run_caseI/final_run_confirm_time/abl_dql_ep2_step5_out_tab.lis (5 cycles, unit 24)
2026-05-12 08:56:35,427 - INFO - Ep2 Step5: HCNO: N=39.7%  H=15.2%  C=17.1%  O=27.9%
2026-05-12 08:56:35,427 - INFO - Ep2 Step5: Reward=25.19
2026-05-12 08:56:35,427 - INFO - Ep 2 Step 5: Action=13 (IncGap), Layers=[5.0, 2.5, 3.5, 4.0, 8.0, 6.0], Gap=6.5, Reward=25.19
2026-05-12 08:57:14,184 - INFO - FLUKA OK: abl_dql_ep2_step6.inp (38.8s)
2026-05-12 08:57:14,187 - INFO - ustsuw OK â†?/home/marina/caseI/20run_caseI/final_run_confirm_time/abl_dql_ep2_step6_out_tab.lis (5 cycles, unit 24)
2026-05-12 08:57:14,188 - INFO - Ep2 Step6: HCNO: N=44.6%  H=7.7%  C=18.5%  O=29.1%
2026-05-12 08:57:14,188 - INFO - Ep2 Step6: Reward=21.39
2026-05-12 08:57:14,188 - INFO - Ep 2 Step 6: Action=3 (DecL4), Layers=[5.0, 2.5, 3.5, 3.5, 8.0, 6.0], Gap=6.5, Reward=21.39
2026-05-12 08:57:50,618 - INFO - FLUKA OK: abl_dql_ep2_step7.inp (36.4s)
2026-05-12 08:57:50,621 - INFO - ustsuw OK â†?/home/marina/caseI/20run_caseI/final_run_confirm_time/abl_dql_ep2_step7_out_tab.lis (5 cycles, unit 24)
2026-05-12 08:57:50,622 - INFO - Ep2 Step7: HCNO: N=35.6%  H=10.5%  C=21.4%  O=32.5%
2026-05-12 08:57:50,622 - INFO - Ep2 Step7: Reward=17.01
2026-05-12 08:57:50,622 - INFO - Ep 2 Step 7: Action=3 (DecL4), Layers=[5.0, 2.5, 3.5, 3.0, 8.0, 6.0], Gap=6.5, Reward=17.01
2026-05-12 08:58:27,495 - INFO - FLUKA OK: abl_dql_ep2_step8.inp (36.9s)
2026-05-12 08:58:27,498 - INFO - ustsuw OK â†?/home/marina/caseI/20run_caseI/final_run_confirm_time/abl_dql_ep2_step8_out_tab.lis (5 cycles, unit 24)
2026-05-12 08:58:27,498 - INFO - Ep2 Step8: HCNO: N=37.8%  H=7.6%  C=15.3%  O=39.3%
2026-05-12 08:58:27,498 - INFO - Ep2 Step8: Reward=19.72
2026-05-12 08:58:27,498 - INFO - Ep 2 Step 8: Action=8 (IncL3), Layers=[5.0, 2.5, 4.0, 3.0, 8.0, 6.0], Gap=6.5, Reward=19.72
2026-05-12 08:59:05,571 - INFO - FLUKA OK: abl_dql_ep2_step9.inp (38.1s)
2026-05-12 08:59:05,575 - INFO - ustsuw OK â†?/home/marina/caseI/20run_caseI/final_run_confirm_time/abl_dql_ep2_step9_out_tab.lis (5 cycles, unit 24)
2026-05-12 08:59:05,576 - INFO - Ep2 Step9: HCNO: N=36.1%  H=12.3%  C=15.5%  O=36.1%
2026-05-12 08:59:05,576 - INFO - Ep2 Step9: Reward=22.53
2026-05-12 08:59:05,576 - INFO - Ep 2 Step 9: Action=4 (DecL5), Layers=[5.0, 2.5, 4.0, 3.0, 7.5, 6.0], Gap=6.5, Reward=22.53
2026-05-12 08:59:41,443 - INFO - FLUKA OK: abl_dql_ep2_step10.inp (35.9s)
2026-05-12 08:59:41,444 - WARNING - prefix 'abl_dql_ep2_step10' unit 24: expected 5 cycle files, found 10: ['abl_dql_ep2_step10001_fort.24', 'abl_dql_ep2_step10002_fort.24', 'abl_dql_ep2_step10003_fort.24', 'abl_dql_ep2_step10004_fort.24', 'abl_dql_ep2_step10005_fort.24', 'abl_dql_ep2_step1001_fort.24', 'abl_dql_ep2_step1002_fort.24', 'abl_dql_ep2_step1003_fort.24', 'abl_dql_ep2_step1004_fort.24', 'abl_dql_ep2_step1005_fort.24']
2026-05-12 08:59:41,446 - INFO - ustsuw OK â†?/home/marina/caseI/20run_caseI/final_run_confirm_time/abl_dql_ep2_step10_out_tab.lis (10 cycles, unit 24)
2026-05-12 08:59:41,447 - INFO - Ep2 Step10: HCNO: N=35.3%  H=8.1%  C=21.0%  O=35.6%
2026-05-12 08:59:41,447 - INFO - Ep2 Step10: Reward=24.30
2026-05-12 08:59:41,447 - INFO - Ep 2 Step 10: Action=11 (IncL6), Layers=[5.0, 2.5, 4.0, 3.0, 7.5, 6.5], Gap=6.5, Reward=24.30
2026-05-12 09:00:19,525 - INFO - FLUKA OK: abl_dql_ep2_step11.inp (38.1s)
2026-05-12 09:00:19,528 - INFO - ustsuw OK â†?/home/marina/caseI/20run_caseI/final_run_confirm_time/abl_dql_ep2_step11_out_tab.lis (5 cycles, unit 24)
2026-05-12 09:00:19,529 - INFO - Ep2 Step11: HCNO: N=39.3%  H=8.8%  C=25.8%  O=26.0%
2026-05-12 09:00:19,529 - INFO - Ep2 Step11: Reward=19.46
2026-05-12 09:00:19,529 - INFO - Ep 2 Step 11: Action=2 (DecL3), Layers=[5.0, 2.5, 3.5, 3.0, 7.5, 6.5], Gap=6.5, Reward=19.46
2026-05-12 09:00:56,157 - INFO - FLUKA OK: abl_dql_ep2_step12.inp (36.6s)
2026-05-12 09:00:56,161 - INFO - ustsuw OK â†?/home/marina/caseI/20run_caseI/final_run_confirm_time/abl_dql_ep2_step12_out_tab.lis (5 cycles, unit 24)
2026-05-12 09:00:56,161 - INFO - Ep2 Step12: HCNO: N=31.3%  H=6.5%  C=22.3%  O=39.9%
2026-05-12 09:00:56,161 - INFO - Ep2 Step12: Reward=25.08
2026-05-12 09:00:56,161 - INFO - Ep 2 Step 12: Action=9 (IncL4), Layers=[5.0, 2.5, 3.5, 3.5, 7.5, 6.5], Gap=6.5, Reward=25.08
2026-05-12 09:01:33,197 - INFO - FLUKA OK: abl_dql_ep2_step13.inp (37.0s)
2026-05-12 09:01:33,201 - INFO - ustsuw OK â†?/home/marina/caseI/20run_caseI/final_run_confirm_time/abl_dql_ep2_step13_out_tab.lis (5 cycles, unit 24)
2026-05-12 09:01:33,203 - INFO - Ep2 Step13: HCNO: N=41.7%  H=9.0%  C=17.7%  O=31.6%
2026-05-12 09:01:33,203 - INFO - Ep2 Step13: Reward=17.15
2026-05-12 09:01:33,203 - INFO - Ep 2 Step 13: Action=11 (IncL6), Layers=[5.0, 2.5, 3.5, 3.5, 7.5, 7.0], Gap=6.5, Reward=17.15
2026-05-12 09:02:09,386 - INFO - FLUKA OK: abl_dql_ep2_step14.inp (36.2s)
2026-05-12 09:02:09,391 - INFO - ustsuw OK â†?/home/marina/caseI/20run_caseI/final_run_confirm_time/abl_dql_ep2_step14_out_tab.lis (5 cycles, unit 24)
2026-05-12 09:02:09,391 - INFO - Ep2 Step14: HCNO: N=43.0%  H=10.6%  C=14.2%  O=32.2%
2026-05-12 09:02:09,391 - INFO - Ep2 Step14: Reward=24.98
2026-05-12 09:02:09,391 - INFO - Ep 2 Step 14: Action=0 (DecL1), Layers=[4.5, 2.5, 3.5, 3.5, 7.5, 7.0], Gap=6.5, Reward=24.98
2026-05-12 09:02:45,851 - INFO - FLUKA OK: abl_dql_ep2_step15.inp (36.5s)
2026-05-12 09:02:45,854 - INFO - ustsuw OK â†?/home/marina/caseI/20run_caseI/final_run_confirm_time/abl_dql_ep2_step15_out_tab.lis (5 cycles, unit 24)
2026-05-12 09:02:45,855 - INFO - Ep2 Step15: HCNO: N=44.7%  H=7.5%  C=22.5%  O=25.3%
2026-05-12 09:02:45,855 - INFO - Ep2 Step15: Reward=21.51
2026-05-12 09:02:45,855 - INFO - Ep 2 Step 15: Action=7 (IncL2), Layers=[4.5, 3.0, 3.5, 3.5, 7.5, 7.0], Gap=6.5, Reward=21.51
2026-05-12 09:03:22,413 - INFO - FLUKA OK: abl_dql_ep2_step16.inp (36.6s)
2026-05-12 09:03:22,416 - INFO - ustsuw OK â†?/home/marina/caseI/20run_caseI/final_run_confirm_time/abl_dql_ep2_step16_out_tab.lis (5 cycles, unit 24)
2026-05-12 09:03:22,417 - INFO - Ep2 Step16: HCNO: N=44.8%  H=5.7%  C=17.5%  O=32.0%
2026-05-12 09:03:22,417 - INFO - Ep2 Step16: Reward=22.63
2026-05-12 09:03:22,417 - INFO - Ep 2 Step 16: Action=3 (DecL4), Layers=[4.5, 3.0, 3.5, 3.0, 7.5, 7.0], Gap=6.5, Reward=22.63
2026-05-12 09:03:59,099 - INFO - FLUKA OK: abl_dql_ep2_step17.inp (36.7s)
2026-05-12 09:03:59,102 - INFO - ustsuw OK â†?/home/marina/caseI/20run_caseI/final_run_confirm_time/abl_dql_ep2_step17_out_tab.lis (5 cycles, unit 24)
2026-05-12 09:03:59,102 - INFO - Ep2 Step17: HCNO: N=40.6%  H=11.9%  C=20.1%  O=27.3%
2026-05-12 09:03:59,102 - INFO - Ep2 Step17: Reward=22.27
2026-05-12 09:03:59,102 - INFO - Ep 2 Step 17: Action=8 (IncL3), Layers=[4.5, 3.0, 4.0, 3.0, 7.5, 7.0], Gap=6.5, Reward=22.27
2026-05-12 09:04:35,262 - INFO - FLUKA OK: abl_dql_ep2_step18.inp (36.2s)
2026-05-12 09:04:35,266 - INFO - ustsuw OK â†?/home/marina/caseI/20run_caseI/final_run_confirm_time/abl_dql_ep2_step18_out_tab.lis (5 cycles, unit 24)
2026-05-12 09:04:35,266 - INFO - Ep2 Step18: HCNO: N=43.4%  H=15.0%  C=14.8%  O=26.8%
2026-05-12 09:04:35,266 - INFO - Ep2 Step18: Reward=35.10
2026-05-12 09:04:35,266 - INFO - Ep 2 Step 18: Action=5 (DecL6), Layers=[4.5, 3.0, 4.0, 3.0, 7.5, 6.5], Gap=6.5, Reward=35.10
2026-05-12 09:04:35,266 - INFO - New Best: 35.10 at Ep2, Step18
2026-05-12 09:05:11,947 - INFO - FLUKA OK: abl_dql_ep2_step19.inp (36.7s)
2026-05-12 09:05:11,950 - INFO - ustsuw OK â†?/home/marina/caseI/20run_caseI/final_run_confirm_time/abl_dql_ep2_step19_out_tab.lis (5 cycles, unit 24)
2026-05-12 09:05:11,950 - INFO - Ep2 Step19: HCNO: N=34.0%  H=13.7%  C=22.8%  O=29.4%
2026-05-12 09:05:11,950 - INFO - Ep2 Step19: Reward=22.06
2026-05-12 09:05:11,950 - INFO - Ep 2 Step 19: Action=10 (IncL5), Layers=[4.5, 3.0, 4.0, 3.0, 8.0, 6.5], Gap=6.5, Reward=22.06
2026-05-12 09:05:48,919 - INFO - FLUKA OK: abl_dql_ep2_step20.inp (37.0s)
2026-05-12 09:05:48,921 - WARNING - prefix 'abl_dql_ep2_step20' unit 24: expected 5 cycle files, found 10: ['abl_dql_ep2_step20001_fort.24', 'abl_dql_ep2_step20002_fort.24', 'abl_dql_ep2_step20003_fort.24', 'abl_dql_ep2_step20004_fort.24', 'abl_dql_ep2_step20005_fort.24', 'abl_dql_ep2_step2001_fort.24', 'abl_dql_ep2_step2002_fort.24', 'abl_dql_ep2_step2003_fort.24', 'abl_dql_ep2_step2004_fort.24', 'abl_dql_ep2_step2005_fort.24']
2026-05-12 09:05:48,923 - INFO - ustsuw OK â†?/home/marina/caseI/20run_caseI/final_run_confirm_time/abl_dql_ep2_step20_out_tab.lis (10 cycles, unit 24)
2026-05-12 09:05:48,924 - INFO - Ep2 Step20: HCNO: N=36.9%  H=10.5%  C=20.2%  O=32.4%
2026-05-12 09:05:48,924 - INFO - Ep2 Step20: Reward=28.45
2026-05-12 09:05:48,924 - INFO - Ep 2 Step 20: Action=0 (DecL1), Layers=[4.0, 3.0, 4.0, 3.0, 8.0, 6.5], Gap=6.5, Reward=28.45
2026-05-12 09:05:48,924 - INFO - Episode 2: Return=432.28, Best=35.10, Loss=0.0000
2026-05-12 09:06:26,413 - INFO - FLUKA OK: abl_dql_ep3_step1.inp (37.5s)
2026-05-12 09:06:26,417 - INFO - ustsuw OK â†?/home/marina/caseI/20run_caseI/final_run_confirm_time/abl_dql_ep3_step1_out_tab.lis (5 cycles, unit 24)
2026-05-12 09:06:26,417 - INFO - Ep3 Step1: HCNO: N=31.0%  H=15.5%  C=28.6%  O=24.9%
2026-05-12 09:06:26,417 - INFO - Ep3 Step1: Reward=12.09
2026-05-12 09:06:26,417 - INFO - Ep 3 Step 1: Action=9 (IncL4), Layers=[6.0, 6.5, 6.5, 7.0, 5.0, 4.5], Gap=8.0, Reward=12.09
2026-05-12 09:07:01,670 - INFO - FLUKA OK: abl_dql_ep3_step2.inp (35.3s)
2026-05-12 09:07:01,673 - INFO - ustsuw OK â†?/home/marina/caseI/20run_caseI/final_run_confirm_time/abl_dql_ep3_step2_out_tab.lis (5 cycles, unit 24)
2026-05-12 09:07:01,674 - INFO - Ep3 Step2: HCNO: N=33.5%  H=13.5%  C=29.3%  O=23.8%
2026-05-12 09:07:01,674 - INFO - Ep3 Step2: Reward=14.39
2026-05-12 09:07:01,674 - INFO - Ep 3 Step 2: Action=4 (DecL5), Layers=[6.0, 6.5, 6.5, 7.0, 4.5, 4.5], Gap=8.0, Reward=14.39
2026-05-12 09:07:35,808 - INFO - FLUKA OK: abl_dql_ep3_step3.inp (34.1s)
2026-05-12 09:07:35,812 - INFO - ustsuw OK â†?/home/marina/caseI/20run_caseI/final_run_confirm_time/abl_dql_ep3_step3_out_tab.lis (5 cycles, unit 24)
2026-05-12 09:07:35,813 - INFO - Ep3 Step3: HCNO: N=29.5%  H=16.9%  C=27.7%  O=25.9%
2026-05-12 09:07:35,813 - INFO - Ep3 Step3: Reward=12.85
2026-05-12 09:07:35,814 - INFO - Ep 3 Step 3: Action=9 (IncL4), Layers=[6.0, 6.5, 6.5, 7.5, 4.5, 4.5], Gap=8.0, Reward=12.85
2026-05-12 09:08:13,111 - INFO - FLUKA OK: abl_dql_ep3_step4.inp (37.3s)
2026-05-12 09:08:13,115 - INFO - ustsuw OK â†?/home/marina/caseI/20run_caseI/final_run_confirm_time/abl_dql_ep3_step4_out_tab.lis (5 cycles, unit 24)
2026-05-12 09:08:13,116 - INFO - Ep3 Step4: HCNO: N=30.4%  H=17.4%  C=28.5%  O=23.8%
2026-05-12 09:08:13,116 - INFO - Ep3 Step4: Reward=12.92
2026-05-12 09:08:13,116 - INFO - Ep 3 Step 4: Action=12 (DecGap), Layers=[6.0, 6.5, 6.5, 7.5, 4.5, 4.5], Gap=7.5, Reward=12.92
2026-05-12 09:08:48,644 - INFO - FLUKA OK: abl_dql_ep3_step5.inp (35.5s)
2026-05-12 09:08:48,648 - INFO - ustsuw OK â†?/home/marina/caseI/20run_caseI/final_run_confirm_time/abl_dql_ep3_step5_out_tab.lis (5 cycles, unit 24)
2026-05-12 09:08:48,648 - INFO - Ep3 Step5: HCNO: N=22.7%  H=13.3%  C=24.3%  O=39.7%
2026-05-12 09:08:48,648 - INFO - Ep3 Step5: Reward=11.30
2026-05-12 09:08:48,648 - INFO - Ep 3 Step 5: Action=11 (IncL6), Layers=[6.0, 6.5, 6.5, 7.5, 4.5, 5.0], Gap=7.5, Reward=11.30
2026-05-12 09:09:22,305 - INFO - FLUKA OK: abl_dql_ep3_step6.inp (33.7s)
2026-05-12 09:09:22,309 - INFO - ustsuw OK â†?/home/marina/caseI/20run_caseI/final_run_confirm_time/abl_dql_ep3_step6_out_tab.lis (5 cycles, unit 24)
2026-05-12 09:09:22,309 - INFO - Ep3 Step6: HCNO: N=45.2%  H=4.0%  C=18.7%  O=32.1%
2026-05-12 09:09:22,310 - INFO - Ep3 Step6: Reward=6.18
2026-05-12 09:09:22,310 - INFO - Ep 3 Step 6: Action=6 (IncL1), Layers=[6.5, 6.5, 6.5, 7.5, 4.5, 5.0], Gap=7.5, Reward=6.18
2026-05-12 09:09:54,600 - INFO - FLUKA OK: abl_dql_ep3_step7.inp (32.3s)
2026-05-12 09:09:54,604 - INFO - ustsuw OK â†?/home/marina/caseI/20run_caseI/final_run_confirm_time/abl_dql_ep3_step7_out_tab.lis (5 cycles, unit 24)
2026-05-12 09:09:54,606 - INFO - Ep3 Step7: HCNO: N=36.6%  H=4.1%  C=28.6%  O=30.7%
2026-05-12 09:09:54,606 - INFO - Ep3 Step7: Reward=8.53
2026-05-12 09:09:54,606 - INFO - Ep 3 Step 7: Action=12 (DecGap), Layers=[6.5, 6.5, 6.5, 7.5, 4.5, 5.0], Gap=7.0, Reward=8.53
2026-05-12 09:10:27,703 - INFO - FLUKA OK: abl_dql_ep3_step8.inp (33.1s)
2026-05-12 09:10:27,707 - INFO - ustsuw OK â†?/home/marina/caseI/20run_caseI/final_run_confirm_time/abl_dql_ep3_step8_out_tab.lis (5 cycles, unit 24)
2026-05-12 09:10:27,707 - INFO - Ep3 Step8: HCNO: N=43.9%  H=9.5%  C=21.0%  O=25.5%
2026-05-12 09:10:27,707 - INFO - Ep3 Step8: Reward=17.88
2026-05-12 09:10:27,708 - INFO - Ep 3 Step 8: Action=3 (DecL4), Layers=[6.5, 6.5, 6.5, 7.0, 4.5, 5.0], Gap=7.0, Reward=17.88
2026-05-12 09:11:00,802 - INFO - FLUKA OK: abl_dql_ep3_step9.inp (33.1s)
2026-05-12 09:11:00,806 - INFO - ustsuw OK â†?/home/marina/caseI/20run_caseI/final_run_confirm_time/abl_dql_ep3_step9_out_tab.lis (5 cycles, unit 24)
2026-05-12 09:11:00,807 - INFO - Ep3 Step9: HCNO: N=37.3%  H=6.0%  C=18.7%  O=37.9%
2026-05-12 09:11:00,807 - INFO - Ep3 Step9: Reward=12.80
2026-05-12 09:11:00,807 - INFO - Ep 3 Step 9: Action=6 (IncL1), Layers=[7.0, 6.5, 6.5, 7.0, 4.5, 5.0], Gap=7.0, Reward=12.80
2026-05-12 09:11:35,524 - INFO - FLUKA OK: abl_dql_ep3_step10.inp (34.7s)
2026-05-12 09:11:35,526 - WARNING - prefix 'abl_dql_ep3_step10' unit 24: expected 5 cycle files, found 10: ['abl_dql_ep3_step10001_fort.24', 'abl_dql_ep3_step10002_fort.24', 'abl_dql_ep3_step10003_fort.24', 'abl_dql_ep3_step10004_fort.24', 'abl_dql_ep3_step10005_fort.24', 'abl_dql_ep3_step1001_fort.24', 'abl_dql_ep3_step1002_fort.24', 'abl_dql_ep3_step1003_fort.24', 'abl_dql_ep3_step1004_fort.24', 'abl_dql_ep3_step1005_fort.24']
2026-05-12 09:11:35,528 - INFO - ustsuw OK â†?/home/marina/caseI/20run_caseI/final_run_confirm_time/abl_dql_ep3_step10_out_tab.lis (10 cycles, unit 24)
2026-05-12 09:11:35,528 - INFO - Ep3 Step10: HCNO: N=37.4%  H=12.5%  C=24.8%  O=25.2%
2026-05-12 09:11:35,528 - INFO - Ep3 Step10: Reward=21.42
2026-05-12 09:11:35,528 - INFO - Ep 3 Step 10: Action=0 (DecL1), Layers=[6.5, 6.5, 6.5, 7.0, 4.5, 5.0], Gap=7.0, Reward=21.42
2026-05-12 09:12:09,887 - INFO - FLUKA OK: abl_dql_ep3_step11.inp (34.4s)
2026-05-12 09:12:09,891 - INFO - ustsuw OK â†?/home/marina/caseI/20run_caseI/final_run_confirm_time/abl_dql_ep3_step11_out_tab.lis (5 cycles, unit 24)
2026-05-12 09:12:09,892 - INFO - Ep3 Step11: HCNO: N=32.0%  H=9.7%  C=41.7%  O=16.6%
2026-05-12 09:12:09,892 - INFO - Ep3 Step11: Reward=8.14
2026-05-12 09:12:09,892 - INFO - Ep 3 Step 11: Action=5 (DecL6), Layers=[6.5, 6.5, 6.5, 7.0, 4.5, 4.5], Gap=7.0, Reward=8.14
2026-05-12 09:12:43,220 - INFO - FLUKA OK: abl_dql_ep3_step12.inp (33.3s)
2026-05-12 09:12:43,223 - INFO - ustsuw OK â†?/home/marina/caseI/20run_caseI/final_run_confirm_time/abl_dql_ep3_step12_out_tab.lis (5 cycles, unit 24)
2026-05-12 09:12:43,224 - INFO - Ep3 Step12: HCNO: N=39.8%  H=7.7%  C=17.0%  O=35.5%
2026-05-12 09:12:43,224 - INFO - Ep3 Step12: Reward=11.65
2026-05-12 09:12:43,224 - INFO - Ep 3 Step 12: Action=6 (IncL1), Layers=[7.0, 6.5, 6.5, 7.0, 4.5, 4.5], Gap=7.0, Reward=11.65
2026-05-12 09:13:16,809 - INFO - FLUKA OK: abl_dql_ep3_step13.inp (33.6s)
2026-05-12 09:13:16,813 - INFO - ustsuw OK â†?/home/marina/caseI/20run_caseI/final_run_confirm_time/abl_dql_ep3_step13_out_tab.lis (5 cycles, unit 24)
2026-05-12 09:13:16,814 - INFO - Ep3 Step13: HCNO: N=30.9%  H=6.0%  C=32.7%  O=30.4%
2026-05-12 09:13:16,814 - INFO - Ep3 Step13: Reward=22.14
2026-05-12 09:13:16,814 - INFO - Ep 3 Step 13: Action=2 (DecL3), Layers=[7.0, 6.5, 6.0, 7.0, 4.5, 4.5], Gap=7.0, Reward=22.14
2026-05-12 09:13:50,808 - INFO - FLUKA OK: abl_dql_ep3_step14.inp (34.0s)
2026-05-12 09:13:50,813 - INFO - ustsuw OK â†?/home/marina/caseI/20run_caseI/final_run_confirm_time/abl_dql_ep3_step14_out_tab.lis (5 cycles, unit 24)
2026-05-12 09:13:50,813 - INFO - Ep3 Step14: HCNO: N=27.5%  H=7.0%  C=32.1%  O=33.3%
2026-05-12 09:13:50,813 - INFO - Ep3 Step14: Reward=18.46
2026-05-12 09:13:50,814 - INFO - Ep 3 Step 14: Action=11 (IncL6), Layers=[7.0, 6.5, 6.0, 7.0, 4.5, 5.0], Gap=7.0, Reward=18.46
2026-05-12 09:14:24,724 - INFO - FLUKA OK: abl_dql_ep3_step15.inp (33.9s)
2026-05-12 09:14:24,727 - INFO - ustsuw OK â†?/home/marina/caseI/20run_caseI/final_run_confirm_time/abl_dql_ep3_step15_out_tab.lis (5 cycles, unit 24)
2026-05-12 09:14:24,728 - INFO - Ep3 Step15: HCNO: N=27.3%  H=6.9%  C=31.0%  O=34.9%
2026-05-12 09:14:24,728 - INFO - Ep3 Step15: Reward=18.42
2026-05-12 09:14:24,728 - INFO - Ep 3 Step 15: Action=12 (DecGap), Layers=[7.0, 6.5, 6.0, 7.0, 4.5, 5.0], Gap=6.5, Reward=18.42
2026-05-12 09:14:59,204 - INFO - FLUKA OK: abl_dql_ep3_step16.inp (34.5s)
2026-05-12 09:14:59,208 - INFO - ustsuw OK â†?/home/marina/caseI/20run_caseI/final_run_confirm_time/abl_dql_ep3_step16_out_tab.lis (5 cycles, unit 24)
2026-05-12 09:14:59,209 - INFO - Ep3 Step16: HCNO: N=28.3%  H=11.8%  C=33.4%  O=26.5%
2026-05-12 09:14:59,209 - INFO - Ep3 Step16: Reward=17.04
2026-05-12 09:14:59,209 - INFO - Ep 3 Step 16: Action=7 (IncL2), Layers=[7.0, 7.0, 6.0, 7.0, 4.5, 5.0], Gap=6.5, Reward=17.04
2026-05-12 09:15:34,504 - INFO - FLUKA OK: abl_dql_ep3_step17.inp (35.3s)
2026-05-12 09:15:34,508 - INFO - ustsuw OK â†?/home/marina/caseI/20run_caseI/final_run_confirm_time/abl_dql_ep3_step17_out_tab.lis (5 cycles, unit 24)
2026-05-12 09:15:34,509 - INFO - Ep3 Step17: HCNO: N=31.4%  H=16.9%  C=15.5%  O=36.2%
2026-05-12 09:15:34,509 - INFO - Ep3 Step17: Reward=15.23
2026-05-12 09:15:34,509 - INFO - Ep 3 Step 17: Action=9 (IncL4), Layers=[7.0, 7.0, 6.0, 7.5, 4.5, 5.0], Gap=6.5, Reward=15.23
2026-05-12 09:16:11,755 - INFO - FLUKA OK: abl_dql_ep3_step18.inp (37.2s)
2026-05-12 09:16:11,759 - INFO - ustsuw OK â†?/home/marina/caseI/20run_caseI/final_run_confirm_time/abl_dql_ep3_step18_out_tab.lis (5 cycles, unit 24)
2026-05-12 09:16:11,760 - INFO - Ep3 Step18: HCNO: N=27.5%  H=11.2%  C=28.6%  O=32.7%
2026-05-12 09:16:11,760 - INFO - Ep3 Step18: Reward=12.27
2026-05-12 09:16:11,760 - INFO - Ep 3 Step 18: Action=9 (IncL4), Layers=[7.0, 7.0, 6.0, 8.0, 4.5, 5.0], Gap=6.5, Reward=12.27
2026-05-12 09:16:48,017 - INFO - FLUKA OK: abl_dql_ep3_step19.inp (36.3s)
2026-05-12 09:16:48,022 - INFO - ustsuw OK â†?/home/marina/caseI/20run_caseI/final_run_confirm_time/abl_dql_ep3_step19_out_tab.lis (5 cycles, unit 24)
2026-05-12 09:16:48,023 - INFO - Ep3 Step19: HCNO: N=34.0%  H=6.4%  C=35.8%  O=23.8%
2026-05-12 09:16:48,023 - INFO - Ep3 Step19: Reward=11.69
2026-05-12 09:16:48,023 - INFO - Ep 3 Step 19: Action=0 (DecL1), Layers=[6.5, 7.0, 6.0, 8.0, 4.5, 5.0], Gap=6.5, Reward=11.69
2026-05-12 09:17:24,937 - INFO - FLUKA OK: abl_dql_ep3_step20.inp (36.9s)
2026-05-12 09:17:24,939 - WARNING - prefix 'abl_dql_ep3_step20' unit 24: expected 5 cycle files, found 10: ['abl_dql_ep3_step20001_fort.24', 'abl_dql_ep3_step20002_fort.24', 'abl_dql_ep3_step20003_fort.24', 'abl_dql_ep3_step20004_fort.24', 'abl_dql_ep3_step20005_fort.24', 'abl_dql_ep3_step2001_fort.24', 'abl_dql_ep3_step2002_fort.24', 'abl_dql_ep3_step2003_fort.24', 'abl_dql_ep3_step2004_fort.24', 'abl_dql_ep3_step2005_fort.24']
2026-05-12 09:17:24,941 - INFO - ustsuw OK â†?/home/marina/caseI/20run_caseI/final_run_confirm_time/abl_dql_ep3_step20_out_tab.lis (10 cycles, unit 24)
2026-05-12 09:17:24,942 - INFO - Ep3 Step20: HCNO: N=34.7%  H=10.4%  C=32.2%  O=22.7%
2026-05-12 09:17:24,942 - INFO - Ep3 Step20: Reward=24.73
2026-05-12 09:17:24,942 - INFO - Ep 3 Step 20: Action=13 (IncGap), Layers=[6.5, 7.0, 6.0, 8.0, 4.5, 5.0], Gap=7.0, Reward=24.73
2026-05-12 09:17:24,942 - INFO - Episode 3: Return=290.12, Best=35.10, Loss=0.0000
2026-05-12 09:18:02,378 - INFO - FLUKA OK: abl_dql_ep4_step1.inp (37.4s)
2026-05-12 09:18:02,383 - INFO - ustsuw OK â†?/home/marina/caseI/20run_caseI/final_run_confirm_time/abl_dql_ep4_step1_out_tab.lis (5 cycles, unit 24)
2026-05-12 09:18:02,384 - INFO - Ep4 Step1: HCNO: N=33.3%  H=12.8%  C=29.7%  O=24.2%
2026-05-12 09:18:02,384 - INFO - Ep4 Step1: Reward=24.20
2026-05-12 09:18:02,384 - INFO - Ep 4 Step 1: Action=12 (DecGap), Layers=[4.5, 5.5, 7.0, 5.5, 4.0, 4.5], Gap=7.5, Reward=24.20
2026-05-12 09:18:38,893 - INFO - FLUKA OK: abl_dql_ep4_step2.inp (36.5s)
2026-05-12 09:18:38,897 - INFO - ustsuw OK â†?/home/marina/caseI/20run_caseI/final_run_confirm_time/abl_dql_ep4_step2_out_tab.lis (5 cycles, unit 24)
2026-05-12 09:18:38,898 - INFO - Ep4 Step2: HCNO: N=29.7%  H=15.9%  C=18.7%  O=35.7%
2026-05-12 09:18:38,898 - INFO - Ep4 Step2: Reward=20.96
2026-05-12 09:18:38,898 - INFO - Ep 4 Step 2: Action=3 (DecL4), Layers=[4.5, 5.5, 7.0, 5.0, 4.0, 4.5], Gap=7.5, Reward=20.96
2026-05-12 09:19:14,011 - INFO - FLUKA OK: abl_dql_ep4_step3.inp (35.1s)
2026-05-12 09:19:14,015 - INFO - ustsuw OK â†?/home/marina/caseI/20run_caseI/final_run_confirm_time/abl_dql_ep4_step3_out_tab.lis (5 cycles, unit 24)
2026-05-12 09:19:14,017 - INFO - Ep4 Step3: HCNO: N=31.7%  H=8.6%  C=26.5%  O=33.2%
2026-05-12 09:19:14,017 - INFO - Ep4 Step3: Reward=19.41
2026-05-12 09:19:14,017 - INFO - Ep 4 Step 3: Action=1 (DecL2), Layers=[4.5, 5.0, 7.0, 5.0, 4.0, 4.5], Gap=7.5, Reward=19.41
2026-05-12 09:19:48,281 - INFO - FLUKA OK: abl_dql_ep4_step4.inp (34.3s)
2026-05-12 09:19:48,285 - INFO - ustsuw OK â†?/home/marina/caseI/20run_caseI/final_run_confirm_time/abl_dql_ep4_step4_out_tab.lis (5 cycles, unit 24)
2026-05-12 09:19:48,286 - INFO - Ep4 Step4: HCNO: N=40.6%  H=5.6%  C=25.0%  O=28.8%
2026-05-12 09:19:48,286 - INFO - Ep4 Step4: Reward=22.23
2026-05-12 09:19:48,286 - INFO - Ep 4 Step 4: Action=5 (DecL6), Layers=[4.5, 5.0, 7.0, 5.0, 4.0, 4.0], Gap=7.5, Reward=22.23
2026-05-12 09:20:30,276 - INFO - FLUKA OK: abl_dql_ep4_step5.inp (34.3s)
2026-05-12 09:20:30,280 - INFO - ustsuw OK â†?/home/marina/caseI/20run_caseI/final_run_confirm_time/abl_dql_ep4_step5_out_tab.lis (5 cycles, unit 24)
2026-05-12 09:20:30,281 - INFO - Ep4 Step5: HCNO: N=31.7%  H=8.6%  C=26.5%  O=33.2%
2026-05-12 09:20:30,281 - INFO - Ep4 Step5: Reward=19.41
2026-05-12 09:20:30,281 - INFO - Ep 4 Step 5: Action=11 (IncL6), Layers=[4.5, 5.0, 7.0, 5.0, 4.0, 4.5], Gap=7.5, Reward=19.41
2026-05-12 09:21:13,781 - INFO - FLUKA OK: abl_dql_ep4_step6.inp (36.3s)
2026-05-12 09:21:13,787 - INFO - ustsuw OK â†?/home/marina/caseI/20run_caseI/final_run_confirm_time/abl_dql_ep4_step6_out_tab.lis (5 cycles, unit 24)
2026-05-12 09:21:13,788 - INFO - Ep4 Step6: HCNO: N=43.2%  H=13.1%  C=25.4%  O=18.3%
2026-05-12 09:21:13,788 - INFO - Ep4 Step6: Reward=19.64
2026-05-12 09:21:13,788 - INFO - Ep 4 Step 6: Action=6 (IncL1), Layers=[5.0, 5.0, 7.0, 5.0, 4.0, 4.5], Gap=7.5, Reward=19.64
2026-05-12 09:21:56,788 - INFO - FLUKA OK: abl_dql_ep4_step7.inp (35.2s)
2026-05-12 09:21:56,792 - INFO - ustsuw OK â†?/home/marina/caseI/20run_caseI/final_run_confirm_time/abl_dql_ep4_step7_out_tab.lis (5 cycles, unit 24)
2026-05-12 09:21:56,793 - INFO - Ep4 Step7: HCNO: N=37.7%  H=9.3%  C=28.4%  O=24.5%
2026-05-12 09:21:56,793 - INFO - Ep4 Step7: Reward=12.70
2026-05-12 09:21:56,793 - INFO - Ep 4 Step 7: Action=6 (IncL1), Layers=[5.5, 5.0, 7.0, 5.0, 4.0, 4.5], Gap=7.5, Reward=12.70
2026-05-12 09:22:41,632 - INFO - FLUKA OK: abl_dql_ep4_step8.inp (36.9s)
2026-05-12 09:22:41,636 - INFO - ustsuw OK â†?/home/marina/caseI/20run_caseI/final_run_confirm_time/abl_dql_ep4_step8_out_tab.lis (5 cycles, unit 24)
2026-05-12 09:22:41,636 - INFO - Ep4 Step8: HCNO: N=42.4%  H=7.7%  C=25.9%  O=24.0%
2026-05-12 09:22:41,636 - INFO - Ep4 Step8: Reward=14.51
2026-05-12 09:22:41,636 - INFO - Ep 4 Step 8: Action=12 (DecGap), Layers=[5.5, 5.0, 7.0, 5.0, 4.0, 4.5], Gap=7.0, Reward=14.51
2026-05-12 09:23:24,410 - INFO - FLUKA OK: abl_dql_ep4_step9.inp (35.5s)
2026-05-12 09:23:24,414 - INFO - ustsuw OK â†?/home/marina/caseI/20run_caseI/final_run_confirm_time/abl_dql_ep4_step9_out_tab.lis (5 cycles, unit 24)
2026-05-12 09:23:24,415 - INFO - Ep4 Step9: HCNO: N=36.8%  H=9.0%  C=26.1%  O=28.0%
2026-05-12 09:23:24,415 - INFO - Ep4 Step9: Reward=18.72
2026-05-12 09:23:24,415 - INFO - Ep 4 Step 9: Action=4 (DecL5), Layers=[5.5, 5.0, 7.0, 5.0, 3.5, 4.5], Gap=7.0, Reward=18.72
2026-05-12 09:24:10,465 - INFO - FLUKA OK: abl_dql_ep4_step10.inp (37.9s)
2026-05-12 09:24:10,468 - WARNING - prefix 'abl_dql_ep4_step10' unit 24: expected 5 cycle files, found 10: ['abl_dql_ep4_step10001_fort.24', 'abl_dql_ep4_step10002_fort.24', 'abl_dql_ep4_step10003_fort.24', 'abl_dql_ep4_step10004_fort.24', 'abl_dql_ep4_step10005_fort.24', 'abl_dql_ep4_step1001_fort.24', 'abl_dql_ep4_step1002_fort.24', 'abl_dql_ep4_step1003_fort.24', 'abl_dql_ep4_step1004_fort.24', 'abl_dql_ep4_step1005_fort.24']
2026-05-12 09:24:10,470 - INFO - ustsuw OK â†?/home/marina/caseI/20run_caseI/final_run_confirm_time/abl_dql_ep4_step10_out_tab.lis (10 cycles, unit 24)
2026-05-12 09:24:10,471 - INFO - Ep4 Step10: HCNO: N=35.0%  H=15.1%  C=26.2%  O=23.7%
2026-05-12 09:24:10,471 - INFO - Ep4 Step10: Reward=31.54
2026-05-12 09:24:10,471 - INFO - Ep 4 Step 10: Action=0 (DecL1), Layers=[5.0, 5.0, 7.0, 5.0, 3.5, 4.5], Gap=7.0, Reward=31.54
2026-05-12 09:24:56,691 - INFO - FLUKA OK: abl_dql_ep4_step11.inp (34.7s)
2026-05-12 09:24:56,695 - INFO - ustsuw OK â†?/home/marina/caseI/20run_caseI/final_run_confirm_time/abl_dql_ep4_step11_out_tab.lis (5 cycles, unit 24)
2026-05-12 09:24:56,697 - INFO - Ep4 Step11: HCNO: N=23.0%  H=9.8%  C=29.5%  O=37.7%
2026-05-12 09:24:56,697 - INFO - Ep4 Step11: Reward=18.47
2026-05-12 09:24:56,697 - INFO - Ep 4 Step 11: Action=8 (IncL3), Layers=[5.0, 5.0, 7.5, 5.0, 3.5, 4.5], Gap=7.0, Reward=18.47
2026-05-12 09:25:37,477 - INFO - FLUKA OK: abl_dql_ep4_step12.inp (33.7s)
2026-05-12 09:25:37,482 - INFO - ustsuw OK â†?/home/marina/caseI/20run_caseI/final_run_confirm_time/abl_dql_ep4_step12_out_tab.lis (5 cycles, unit 24)
2026-05-12 09:25:37,482 - INFO - Ep4 Step12: HCNO: N=34.2%  H=4.7%  C=25.7%  O=35.4%
2026-05-12 09:25:37,482 - INFO - Ep4 Step12: Reward=9.54
2026-05-12 09:25:37,482 - INFO - Ep 4 Step 12: Action=8 (IncL3), Layers=[5.0, 5.0, 8.0, 5.0, 3.5, 4.5], Gap=7.0, Reward=9.54
2026-05-12 09:26:19,138 - INFO - FLUKA OK: abl_dql_ep4_step13.inp (34.3s)
2026-05-12 09:26:19,145 - INFO - ustsuw OK â†?/home/marina/caseI/20run_caseI/final_run_confirm_time/abl_dql_ep4_step13_out_tab.lis (5 cycles, unit 24)
2026-05-12 09:26:19,145 - INFO - Ep4 Step13: HCNO: N=34.4%  H=4.5%  C=26.2%  O=34.9%
2026-05-12 09:26:19,145 - INFO - Ep4 Step13: Reward=7.59
2026-05-12 09:26:19,145 - INFO - Ep 4 Step 13: Action=13 (IncGap), Layers=[5.0, 5.0, 8.0, 5.0, 3.5, 4.5], Gap=7.5, Reward=7.59
2026-05-12 09:27:01,728 - INFO - FLUKA OK: abl_dql_ep4_step14.inp (34.8s)
2026-05-12 09:27:01,732 - INFO - ustsuw OK â†?/home/marina/caseI/20run_caseI/final_run_confirm_time/abl_dql_ep4_step14_out_tab.lis (5 cycles, unit 24)
2026-05-12 09:27:01,733 - INFO - Ep4 Step14: HCNO: N=40.9%  H=4.3%  C=26.8%  O=28.0%
2026-05-12 09:27:01,733 - INFO - Ep4 Step14: Reward=6.16
2026-05-12 09:27:01,733 - INFO - Ep 4 Step 14: Action=13 (IncGap), Layers=[5.0, 5.0, 8.0, 5.0, 3.5, 4.5], Gap=8.0, Reward=6.16
2026-05-12 09:27:42,963 - INFO - FLUKA OK: abl_dql_ep4_step15.inp (33.9s)
2026-05-12 09:27:42,968 - INFO - ustsuw OK â†?/home/marina/caseI/20run_caseI/final_run_confirm_time/abl_dql_ep4_step15_out_tab.lis (5 cycles, unit 24)
2026-05-12 09:27:42,968 - INFO - Ep4 Step15: HCNO: N=40.9%  H=4.3%  C=26.8%  O=28.0%
2026-05-12 09:27:42,969 - INFO - Ep4 Step15: Reward=6.16
2026-05-12 09:27:42,969 - INFO - Ep 4 Step 15: Action=8 (IncL3), Layers=[5.0, 5.0, 8.0, 5.0, 3.5, 4.5], Gap=8.0, Reward=6.16
2026-05-12 09:28:23,810 - INFO - FLUKA OK: abl_dql_ep4_step16.inp (33.6s)
2026-05-12 09:28:23,814 - INFO - ustsuw OK â†?/home/marina/caseI/20run_caseI/final_run_confirm_time/abl_dql_ep4_step16_out_tab.lis (5 cycles, unit 24)
2026-05-12 09:28:23,815 - INFO - Ep4 Step16: HCNO: N=34.4%  H=4.5%  C=26.2%  O=34.9%
2026-05-12 09:28:23,815 - INFO - Ep4 Step16: Reward=7.59
2026-05-12 09:28:23,815 - INFO - Ep 4 Step 16: Action=12 (DecGap), Layers=[5.0, 5.0, 8.0, 5.0, 3.5, 4.5], Gap=7.5, Reward=7.59
2026-05-12 09:29:05,307 - INFO - FLUKA OK: abl_dql_ep4_step17.inp (34.0s)
2026-05-12 09:29:05,311 - INFO - ustsuw OK â†?/home/marina/caseI/20run_caseI/final_run_confirm_time/abl_dql_ep4_step17_out_tab.lis (5 cycles, unit 24)
2026-05-12 09:29:05,312 - INFO - Ep4 Step17: HCNO: N=34.4%  H=4.5%  C=26.2%  O=34.9%
2026-05-12 09:29:05,312 - INFO - Ep4 Step17: Reward=7.59
2026-05-12 09:29:05,312 - INFO - Ep 4 Step 17: Action=8 (IncL3), Layers=[5.0, 5.0, 8.0, 5.0, 3.5, 4.5], Gap=7.5, Reward=7.59
2026-05-12 09:29:46,695 - INFO - FLUKA OK: abl_dql_ep4_step18.inp (34.2s)
2026-05-12 09:29:46,699 - INFO - ustsuw OK â†?/home/marina/caseI/20run_caseI/final_run_confirm_time/abl_dql_ep4_step18_out_tab.lis (5 cycles, unit 24)
2026-05-12 09:29:46,700 - INFO - Ep4 Step18: HCNO: N=34.4%  H=4.5%  C=26.2%  O=34.9%
2026-05-12 09:29:46,700 - INFO - Ep4 Step18: Reward=7.59
2026-05-12 09:29:46,700 - INFO - Ep 4 Step 18: Action=8 (IncL3), Layers=[5.0, 5.0, 8.0, 5.0, 3.5, 4.5], Gap=7.5, Reward=7.59
2026-05-12 09:30:29,051 - INFO - FLUKA OK: abl_dql_ep4_step19.inp (34.8s)
2026-05-12 09:30:29,056 - INFO - ustsuw OK â†?/home/marina/caseI/20run_caseI/final_run_confirm_time/abl_dql_ep4_step19_out_tab.lis (5 cycles, unit 24)
2026-05-12 09:30:29,056 - INFO - Ep4 Step19: HCNO: N=40.9%  H=4.3%  C=26.8%  O=28.0%
2026-05-12 09:30:29,056 - INFO - Ep4 Step19: Reward=6.16
2026-05-12 09:30:29,056 - INFO - Ep 4 Step 19: Action=13 (IncGap), Layers=[5.0, 5.0, 8.0, 5.0, 3.5, 4.5], Gap=8.0, Reward=6.16
2026-05-12 09:31:11,795 - INFO - FLUKA OK: abl_dql_ep4_step20.inp (34.9s)
2026-05-12 09:31:11,797 - WARNING - prefix 'abl_dql_ep4_step20' unit 24: expected 5 cycle files, found 10: ['abl_dql_ep4_step20001_fort.24', 'abl_dql_ep4_step20002_fort.24', 'abl_dql_ep4_step20003_fort.24', 'abl_dql_ep4_step20004_fort.24', 'abl_dql_ep4_step20005_fort.24', 'abl_dql_ep4_step2001_fort.24', 'abl_dql_ep4_step2002_fort.24', 'abl_dql_ep4_step2003_fort.24', 'abl_dql_ep4_step2004_fort.24', 'abl_dql_ep4_step2005_fort.24']
2026-05-12 09:31:11,802 - INFO - ustsuw OK â†?/home/marina/caseI/20run_caseI/final_run_confirm_time/abl_dql_ep4_step20_out_tab.lis (10 cycles, unit 24)
2026-05-12 09:31:11,802 - INFO - Ep4 Step20: HCNO: N=32.3%  H=9.7%  C=21.7%  O=36.3%
2026-05-12 09:31:11,802 - INFO - Ep4 Step20: Reward=21.19
2026-05-12 09:31:11,803 - INFO - Ep 4 Step 20: Action=9 (IncL4), Layers=[5.0, 5.0, 8.0, 5.5, 3.5, 4.5], Gap=8.0, Reward=21.19
2026-05-12 09:31:19,266 - INFO - Episode 4: Return=301.36, Best=35.10, Loss=362.4714
2026-05-12 09:31:54,741 - INFO - FLUKA OK: abl_dql_ep5_step1.inp (35.5s)
2026-05-12 09:31:54,746 - INFO - ustsuw OK â†?/home/marina/caseI/20run_caseI/final_run_confirm_time/abl_dql_ep5_step1_out_tab.lis (5 cycles, unit 24)
2026-05-12 09:31:54,746 - INFO - Ep5 Step1: HCNO: N=28.3%  H=11.4%  C=31.1%  O=29.1%
2026-05-12 09:31:54,746 - INFO - Ep5 Step1: Reward=23.99
2026-05-12 09:31:54,746 - INFO - Ep 5 Step 1: Action=7 (IncL2), Layers=[5.5, 3.5, 5.5, 7.0, 7.5, 6.0], Gap=8.0, Reward=23.99
2026-05-12 09:32:36,876 - INFO - FLUKA OK: abl_dql_ep5_step2.inp (34.7s)
2026-05-12 09:32:36,883 - INFO - ustsuw OK â†?/home/marina/caseI/20run_caseI/final_run_confirm_time/abl_dql_ep5_step2_out_tab.lis (5 cycles, unit 24)
2026-05-12 09:32:36,884 - INFO - Ep5 Step2: HCNO: N=26.8%  H=11.6%  C=31.3%  O=30.3%
2026-05-12 09:32:36,884 - INFO - Ep5 Step2: Reward=12.65
2026-05-12 09:32:36,884 - INFO - Ep 5 Step 2: Action=11 (IncL6), Layers=[5.5, 3.5, 5.5, 7.0, 7.5, 6.5], Gap=8.0, Reward=12.65
2026-05-12 09:33:20,670 - INFO - FLUKA OK: abl_dql_ep5_step3.inp (36.0s)
2026-05-12 09:33:20,675 - INFO - ustsuw OK â†?/home/marina/caseI/20run_caseI/final_run_confirm_time/abl_dql_ep5_step3_out_tab.lis (5 cycles, unit 24)
2026-05-12 09:33:20,676 - INFO - Ep5 Step3: HCNO: N=27.9%  H=11.0%  C=28.7%  O=32.4%
2026-05-12 09:33:20,676 - INFO - Ep5 Step3: Reward=12.83
2026-05-12 09:33:20,676 - INFO - Ep 5 Step 3: Action=12 (DecGap), Layers=[5.5, 3.5, 5.5, 7.0, 7.5, 6.5], Gap=7.5, Reward=12.83
2026-05-12 09:34:03,672 - INFO - FLUKA OK: abl_dql_ep5_step4.inp (35.2s)
2026-05-12 09:34:03,677 - INFO - ustsuw OK â†?/home/marina/caseI/20run_caseI/final_run_confirm_time/abl_dql_ep5_step4_out_tab.lis (5 cycles, unit 24)
2026-05-12 09:34:03,678 - INFO - Ep5 Step4: HCNO: N=27.5%  H=13.1%  C=28.6%  O=30.9%
2026-05-12 09:34:03,678 - INFO - Ep5 Step4: Reward=13.40
2026-05-12 09:34:03,678 - INFO - Ep 5 Step 4: Action=12 (DecGap), Layers=[5.5, 3.5, 5.5, 7.0, 7.5, 6.5], Gap=7.0, Reward=13.40
2026-05-12 09:34:46,654 - INFO - FLUKA OK: abl_dql_ep5_step5.inp (35.0s)
2026-05-12 09:34:46,659 - INFO - ustsuw OK â†?/home/marina/caseI/20run_caseI/final_run_confirm_time/abl_dql_ep5_step5_out_tab.lis (5 cycles, unit 24)
2026-05-12 09:34:46,660 - INFO - Ep5 Step5: HCNO: N=29.3%  H=10.4%  C=27.4%  O=32.8%
2026-05-12 09:34:46,660 - INFO - Ep5 Step5: Reward=19.22
2026-05-12 09:34:46,660 - INFO - Ep 5 Step 5: Action=4 (DecL5), Layers=[5.5, 3.5, 5.5, 7.0, 7.0, 6.5], Gap=7.0, Reward=19.22
2026-05-12 09:35:28,634 - INFO - FLUKA OK: abl_dql_ep5_step6.inp (34.7s)
2026-05-12 09:35:28,639 - INFO - ustsuw OK â†?/home/marina/caseI/20run_caseI/final_run_confirm_time/abl_dql_ep5_step6_out_tab.lis (5 cycles, unit 24)
2026-05-12 09:35:28,639 - INFO - Ep5 Step6: HCNO: N=27.5%  H=13.1%  C=28.6%  O=30.9%
2026-05-12 09:35:28,640 - INFO - Ep5 Step6: Reward=13.40
2026-05-12 09:35:28,640 - INFO - Ep 5 Step 6: Action=10 (IncL5), Layers=[5.5, 3.5, 5.5, 7.0, 7.5, 6.5], Gap=7.0, Reward=13.40
2026-05-12 09:36:11,869 - INFO - FLUKA OK: abl_dql_ep5_step7.inp (35.5s)
2026-05-12 09:36:11,873 - INFO - ustsuw OK â†?/home/marina/caseI/20run_caseI/final_run_confirm_time/abl_dql_ep5_step7_out_tab.lis (5 cycles, unit 24)
2026-05-12 09:36:11,874 - INFO - Ep5 Step7: HCNO: N=45.2%  H=5.6%  C=21.1%  O=28.0%
2026-05-12 09:36:11,874 - INFO - Ep5 Step7: Reward=15.20
2026-05-12 09:36:11,874 - INFO - Ep 5 Step 7: Action=8 (IncL3), Layers=[5.5, 3.5, 6.0, 7.0, 7.5, 6.5], Gap=7.0, Reward=15.20
2026-05-12 09:36:54,979 - INFO - FLUKA OK: abl_dql_ep5_step8.inp (35.8s)
2026-05-12 09:36:54,984 - INFO - ustsuw OK â†?/home/marina/caseI/20run_caseI/final_run_confirm_time/abl_dql_ep5_step8_out_tab.lis (5 cycles, unit 24)
2026-05-12 09:36:54,985 - INFO - Ep5 Step8: HCNO: N=41.7%  H=10.0%  C=19.4%  O=28.8%
2026-05-12 09:36:54,985 - INFO - Ep5 Step8: Reward=14.53
2026-05-12 09:36:54,985 - INFO - Ep 5 Step 8: Action=1 (DecL2), Layers=[5.5, 3.0, 6.0, 7.0, 7.5, 6.5], Gap=7.0, Reward=14.53
2026-05-12 09:37:40,078 - INFO - FLUKA OK: abl_dql_ep5_step9.inp (37.4s)
2026-05-12 09:37:40,084 - INFO - ustsuw OK â†?/home/marina/caseI/20run_caseI/final_run_confirm_time/abl_dql_ep5_step9_out_tab.lis (5 cycles, unit 24)
2026-05-12 09:37:40,085 - INFO - Ep5 Step9: HCNO: N=51.7%  H=5.1%  C=21.7%  O=21.5%
2026-05-12 09:37:40,086 - INFO - Ep5 Step9: Reward=6.56
2026-05-12 09:37:40,086 - INFO - Ep 5 Step 9: Action=8 (IncL3), Layers=[5.5, 3.0, 6.5, 7.0, 7.5, 6.5], Gap=7.0, Reward=6.56
2026-05-12 09:38:26,304 - INFO - FLUKA OK: abl_dql_ep5_step10.inp (37.3s)
2026-05-12 09:38:26,307 - WARNING - prefix 'abl_dql_ep5_step10' unit 24: expected 5 cycle files, found 10: ['abl_dql_ep5_step10001_fort.24', 'abl_dql_ep5_step10002_fort.24', 'abl_dql_ep5_step10003_fort.24', 'abl_dql_ep5_step10004_fort.24', 'abl_dql_ep5_step10005_fort.24', 'abl_dql_ep5_step1001_fort.24', 'abl_dql_ep5_step1002_fort.24', 'abl_dql_ep5_step1003_fort.24', 'abl_dql_ep5_step1004_fort.24', 'abl_dql_ep5_step1005_fort.24']
2026-05-12 09:38:26,309 - INFO - ustsuw OK â†?/home/marina/caseI/20run_caseI/final_run_confirm_time/abl_dql_ep5_step10_out_tab.lis (10 cycles, unit 24)
2026-05-12 09:38:26,309 - INFO - Ep5 Step10: HCNO: N=38.4%  H=8.5%  C=26.4%  O=26.7%
2026-05-12 09:38:26,310 - INFO - Ep5 Step10: Reward=26.74
2026-05-12 09:38:26,310 - INFO - Ep 5 Step 10: Action=13 (IncGap), Layers=[5.5, 3.0, 6.5, 7.0, 7.5, 6.5], Gap=7.5, Reward=26.74
2026-05-12 09:39:13,593 - INFO - FLUKA OK: abl_dql_ep5_step11.inp (38.3s)
2026-05-12 09:39:13,599 - INFO - ustsuw OK â†?/home/marina/caseI/20run_caseI/final_run_confirm_time/abl_dql_ep5_step11_out_tab.lis (5 cycles, unit 24)
2026-05-12 09:39:13,600 - INFO - Ep5 Step11: HCNO: N=43.2%  H=11.4%  C=24.5%  O=20.9%
2026-05-12 09:39:13,600 - INFO - Ep5 Step11: Reward=21.39
2026-05-12 09:39:13,600 - INFO - Ep 5 Step 11: Action=9 (IncL4), Layers=[5.5, 3.0, 6.5, 7.5, 7.5, 6.5], Gap=7.5, Reward=21.39
2026-05-12 09:39:57,192 - INFO - FLUKA OK: abl_dql_ep5_step12.inp (36.2s)
2026-05-12 09:39:57,199 - INFO - ustsuw OK â†?/home/marina/caseI/20run_caseI/final_run_confirm_time/abl_dql_ep5_step12_out_tab.lis (5 cycles, unit 24)
2026-05-12 09:39:57,200 - INFO - Ep5 Step12: HCNO: N=48.7%  H=5.5%  C=21.5%  O=24.3%
2026-05-12 09:39:57,200 - INFO - Ep5 Step12: Reward=6.34
2026-05-12 09:39:57,200 - INFO - Ep 5 Step 12: Action=3 (DecL4), Layers=[5.5, 3.0, 6.5, 7.0, 7.5, 6.5], Gap=7.5, Reward=6.34
2026-05-12 09:40:39,900 - INFO - FLUKA OK: abl_dql_ep5_step13.inp (34.9s)
2026-05-12 09:40:39,905 - INFO - ustsuw OK â†?/home/marina/caseI/20run_caseI/final_run_confirm_time/abl_dql_ep5_step13_out_tab.lis (5 cycles, unit 24)
2026-05-12 09:40:39,905 - INFO - Ep5 Step13: HCNO: N=27.5%  H=13.8%  C=30.3%  O=28.5%
2026-05-12 09:40:39,905 - INFO - Ep5 Step13: Reward=21.66
2026-05-12 09:40:39,906 - INFO - Ep 5 Step 13: Action=6 (IncL1), Layers=[6.0, 3.0, 6.5, 7.0, 7.5, 6.5], Gap=7.5, Reward=21.66
2026-05-12 09:41:22,278 - INFO - FLUKA OK: abl_dql_ep5_step14.inp (35.2s)
2026-05-12 09:41:22,285 - INFO - ustsuw OK â†?/home/marina/caseI/20run_caseI/final_run_confirm_time/abl_dql_ep5_step14_out_tab.lis (5 cycles, unit 24)
2026-05-12 09:41:22,286 - INFO - Ep5 Step14: HCNO: N=34.5%  H=16.1%  C=18.8%  O=30.6%
2026-05-12 09:41:22,286 - INFO - Ep5 Step14: Reward=22.62
2026-05-12 09:41:22,286 - INFO - Ep 5 Step 14: Action=11 (IncL6), Layers=[6.0, 3.0, 6.5, 7.0, 7.5, 7.0], Gap=7.5, Reward=22.62
2026-05-12 09:42:08,385 - INFO - FLUKA OK: abl_dql_ep5_step15.inp (37.0s)
2026-05-12 09:42:08,391 - INFO - ustsuw OK â†?/home/marina/caseI/20run_caseI/final_run_confirm_time/abl_dql_ep5_step15_out_tab.lis (5 cycles, unit 24)
2026-05-12 09:42:08,392 - INFO - Ep5 Step15: HCNO: N=37.2%  H=20.1%  C=24.0%  O=18.6%
2026-05-12 09:42:08,392 - INFO - Ep5 Step15: Reward=4.85
2026-05-12 09:42:08,392 - INFO - Ep 5 Step 15: Action=6 (IncL1), Layers=[6.5, 3.0, 6.5, 7.0, 7.5, 7.0], Gap=7.5, Reward=4.85
2026-05-12 09:42:49,762 - INFO - FLUKA OK: abl_dql_ep5_step16.inp (34.1s)
2026-05-12 09:42:49,767 - INFO - ustsuw OK â†?/home/marina/caseI/20run_caseI/final_run_confirm_time/abl_dql_ep5_step16_out_tab.lis (5 cycles, unit 24)
2026-05-12 09:42:49,768 - INFO - Ep5 Step16: HCNO: N=30.4%  H=18.0%  C=25.9%  O=25.7%
2026-05-12 09:42:49,768 - INFO - Ep5 Step16: Reward=6.25
2026-05-12 09:42:49,768 - INFO - Ep 5 Step 16: Action=3 (DecL4), Layers=[6.5, 3.0, 6.5, 6.5, 7.5, 7.0], Gap=7.5, Reward=6.25
2026-05-12 09:43:31,704 - INFO - FLUKA OK: abl_dql_ep5_step17.inp (34.6s)
2026-05-12 09:43:31,709 - INFO - ustsuw OK â†?/home/marina/caseI/20run_caseI/final_run_confirm_time/abl_dql_ep5_step17_out_tab.lis (5 cycles, unit 24)
2026-05-12 09:43:31,710 - INFO - Ep5 Step17: HCNO: N=24.7%  H=3.9%  C=36.1%  O=35.3%
2026-05-12 09:43:31,710 - INFO - Ep5 Step17: Reward=13.59
2026-05-12 09:43:31,710 - INFO - Ep 5 Step 17: Action=1 (DecL2), Layers=[6.5, 2.5, 6.5, 6.5, 7.5, 7.0], Gap=7.5, Reward=13.59
2026-05-12 09:44:14,557 - INFO - FLUKA OK: abl_dql_ep5_step18.inp (35.1s)
2026-05-12 09:44:14,562 - INFO - ustsuw OK â†?/home/marina/caseI/20run_caseI/final_run_confirm_time/abl_dql_ep5_step18_out_tab.lis (5 cycles, unit 24)
2026-05-12 09:44:14,563 - INFO - Ep5 Step18: HCNO: N=28.9%  H=11.8%  C=32.4%  O=26.9%
2026-05-12 09:44:14,563 - INFO - Ep5 Step18: Reward=12.74
2026-05-12 09:44:14,563 - INFO - Ep 5 Step 18: Action=1 (DecL2), Layers=[6.5, 2.0, 6.5, 6.5, 7.5, 7.0], Gap=7.5, Reward=12.74
2026-05-12 09:44:56,301 - INFO - FLUKA OK: abl_dql_ep5_step19.inp (34.3s)
2026-05-12 09:44:56,305 - INFO - ustsuw OK â†?/home/marina/caseI/20run_caseI/final_run_confirm_time/abl_dql_ep5_step19_out_tab.lis (5 cycles, unit 24)
2026-05-12 09:44:56,306 - INFO - Ep5 Step19: HCNO: N=31.2%  H=7.8%  C=24.6%  O=36.4%
2026-05-12 09:44:56,306 - INFO - Ep5 Step19: Reward=18.72
2026-05-12 09:44:56,306 - INFO - Ep 5 Step 19: Action=10 (IncL5), Layers=[6.5, 2.0, 6.5, 6.5, 8.0, 7.0], Gap=7.5, Reward=18.72
2026-05-12 09:45:38,822 - INFO - FLUKA OK: abl_dql_ep5_step20.inp (34.7s)
2026-05-12 09:45:38,825 - WARNING - prefix 'abl_dql_ep5_step20' unit 24: expected 5 cycle files, found 10: ['abl_dql_ep5_step20001_fort.24', 'abl_dql_ep5_step20002_fort.24', 'abl_dql_ep5_step20003_fort.24', 'abl_dql_ep5_step20004_fort.24', 'abl_dql_ep5_step20005_fort.24', 'abl_dql_ep5_step2001_fort.24', 'abl_dql_ep5_step2002_fort.24', 'abl_dql_ep5_step2003_fort.24', 'abl_dql_ep5_step2004_fort.24', 'abl_dql_ep5_step2005_fort.24']
2026-05-12 09:45:38,828 - INFO - ustsuw OK â†?/home/marina/caseI/20run_caseI/final_run_confirm_time/abl_dql_ep5_step20_out_tab.lis (10 cycles, unit 24)
2026-05-12 09:45:38,829 - INFO - Ep5 Step20: HCNO: N=25.3%  H=9.1%  C=37.6%  O=27.9%
2026-05-12 09:45:38,829 - INFO - Ep5 Step20: Reward=18.34
2026-05-12 09:45:38,829 - INFO - Ep 5 Step 20: Action=3 (DecL4), Layers=[6.5, 2.0, 6.5, 6.0, 8.0, 7.0], Gap=7.5, Reward=18.34
2026-05-12 09:45:46,238 - INFO - Target network updated at episode 5
2026-05-12 09:45:46,238 - INFO - Episode 5: Return=305.03, Best=35.10, Loss=195.6547
2026-05-12 09:46:20,670 - INFO - FLUKA OK: abl_dql_ep6_step1.inp (34.4s)
2026-05-12 09:46:20,675 - INFO - ustsuw OK â†?/home/marina/caseI/20run_caseI/final_run_confirm_time/abl_dql_ep6_step1_out_tab.lis (5 cycles, unit 24)
2026-05-12 09:46:20,675 - INFO - Ep6 Step1: HCNO: N=34.4%  H=11.0%  C=18.6%  O=36.0%
2026-05-12 09:46:20,676 - INFO - Ep6 Step1: Reward=18.01
2026-05-12 09:46:20,676 - INFO - Ep 6 Step 1: Action=11 (IncL6), Layers=[5.5, 3.5, 6.5, 5.5, 7.5, 6.5], Gap=7.0, Reward=18.01
2026-05-12 09:47:03,725 - INFO - FLUKA OK: abl_dql_ep6_step2.inp (36.0s)
2026-05-12 09:47:03,732 - INFO - ustsuw OK â†?/home/marina/caseI/20run_caseI/final_run_confirm_time/abl_dql_ep6_step2_out_tab.lis (5 cycles, unit 24)
2026-05-12 09:47:03,732 - INFO - Ep6 Step2: HCNO: N=33.4%  H=11.2%  C=19.6%  O=35.8%
2026-05-12 09:47:03,733 - INFO - Ep6 Step2: Reward=20.75
2026-05-12 09:47:03,733 - INFO - Ep 6 Step 2: Action=13 (IncGap), Layers=[5.5, 3.5, 6.5, 5.5, 7.5, 6.5], Gap=7.5, Reward=20.75
2026-05-12 09:47:48,700 - INFO - FLUKA OK: abl_dql_ep6_step3.inp (37.0s)
2026-05-12 09:47:48,706 - INFO - ustsuw OK â†?/home/marina/caseI/20run_caseI/final_run_confirm_time/abl_dql_ep6_step3_out_tab.lis (5 cycles, unit 24)
2026-05-12 09:47:48,707 - INFO - Ep6 Step3: HCNO: N=34.4%  H=11.0%  C=18.6%  O=36.0%
2026-05-12 09:47:48,707 - INFO - Ep6 Step3: Reward=18.01
2026-05-12 09:47:48,707 - INFO - Ep 6 Step 3: Action=12 (DecGap), Layers=[5.5, 3.5, 6.5, 5.5, 7.5, 6.5], Gap=7.0, Reward=18.01
2026-05-12 09:48:31,786 - INFO - FLUKA OK: abl_dql_ep6_step4.inp (35.5s)
2026-05-12 09:48:31,793 - INFO - ustsuw OK â†?/home/marina/caseI/20run_caseI/final_run_confirm_time/abl_dql_ep6_step4_out_tab.lis (5 cycles, unit 24)
2026-05-12 09:48:31,793 - INFO - Ep6 Step4: HCNO: N=40.9%  H=7.1%  C=23.6%  O=28.4%
2026-05-12 09:48:31,793 - INFO - Ep6 Step4: Reward=12.70
2026-05-12 09:48:31,793 - INFO - Ep 6 Step 4: Action=0 (DecL1), Layers=[5.0, 3.5, 6.5, 5.5, 7.5, 6.5], Gap=7.0, Reward=12.70
2026-05-12 09:49:16,339 - INFO - FLUKA OK: abl_dql_ep6_step5.inp (36.3s)
2026-05-12 09:49:16,344 - INFO - ustsuw OK â†?/home/marina/caseI/20run_caseI/final_run_confirm_time/abl_dql_ep6_step5_out_tab.lis (5 cycles, unit 24)
2026-05-12 09:49:16,345 - INFO - Ep6 Step5: HCNO: N=32.1%  H=14.7%  C=26.6%  O=26.5%
2026-05-12 09:49:16,345 - INFO - Ep6 Step5: Reward=22.43
2026-05-12 09:49:16,345 - INFO - Ep 6 Step 5: Action=7 (IncL2), Layers=[5.0, 4.0, 6.5, 5.5, 7.5, 6.5], Gap=7.0, Reward=22.43
2026-05-12 09:49:59,559 - INFO - FLUKA OK: abl_dql_ep6_step6.inp (35.2s)
2026-05-12 09:49:59,564 - INFO - ustsuw OK â†?/home/marina/caseI/20run_caseI/final_run_confirm_time/abl_dql_ep6_step6_out_tab.lis (5 cycles, unit 24)
2026-05-12 09:49:59,564 - INFO - Ep6 Step6: HCNO: N=39.7%  H=12.1%  C=23.2%  O=25.1%
2026-05-12 09:49:59,565 - INFO - Ep6 Step6: Reward=4.22
2026-05-12 09:49:59,565 - INFO - Ep 6 Step 6: Action=3 (DecL4), Layers=[5.0, 4.0, 6.5, 5.0, 7.5, 6.5], Gap=7.0, Reward=4.22
2026-05-12 09:50:42,335 - INFO - FLUKA OK: abl_dql_ep6_step7.inp (35.0s)
2026-05-12 09:50:42,340 - INFO - ustsuw OK â†?/home/marina/caseI/20run_caseI/final_run_confirm_time/abl_dql_ep6_step7_out_tab.lis (5 cycles, unit 24)
2026-05-12 09:50:42,341 - INFO - Ep6 Step7: HCNO: N=33.9%  H=12.1%  C=25.9%  O=28.0%
2026-05-12 09:50:42,341 - INFO - Ep6 Step7: Reward=15.92
2026-05-12 09:50:42,341 - INFO - Ep 6 Step 7: Action=3 (DecL4), Layers=[5.0, 4.0, 6.5, 4.5, 7.5, 6.5], Gap=7.0, Reward=15.92
2026-05-12 09:51:24,191 - INFO - FLUKA OK: abl_dql_ep6_step8.inp (34.7s)
2026-05-12 09:51:24,197 - INFO - ustsuw OK â†?/home/marina/caseI/20run_caseI/final_run_confirm_time/abl_dql_ep6_step8_out_tab.lis (5 cycles, unit 24)
2026-05-12 09:51:24,197 - INFO - Ep6 Step8: HCNO: N=32.8%  H=6.5%  C=25.6%  O=35.2%
2026-05-12 09:51:24,197 - INFO - Ep6 Step8: Reward=12.74
2026-05-12 09:51:24,197 - INFO - Ep 6 Step 8: Action=6 (IncL1), Layers=[5.5, 4.0, 6.5, 4.5, 7.5, 6.5], Gap=7.0, Reward=12.74
2026-05-12 09:52:07,531 - INFO - FLUKA OK: abl_dql_ep6_step9.inp (35.7s)
2026-05-12 09:52:07,536 - INFO - ustsuw OK â†?/home/marina/caseI/20run_caseI/final_run_confirm_time/abl_dql_ep6_step9_out_tab.lis (5 cycles, unit 24)
2026-05-12 09:52:07,537 - INFO - Ep6 Step9: HCNO: N=42.5%  H=6.8%  C=14.5%  O=36.2%
2026-05-12 09:52:07,537 - INFO - Ep6 Step9: Reward=27.95
2026-05-12 09:52:07,537 - INFO - Ep 6 Step 9: Action=1 (DecL2), Layers=[5.5, 3.5, 6.5, 4.5, 7.5, 6.5], Gap=7.0, Reward=27.95
2026-05-12 09:52:49,870 - INFO - FLUKA OK: abl_dql_ep6_step10.inp (34.6s)
2026-05-12 09:52:49,874 - WARNING - prefix 'abl_dql_ep6_step10' unit 24: expected 5 cycle files, found 10: ['abl_dql_ep6_step10001_fort.24', 'abl_dql_ep6_step10002_fort.24', 'abl_dql_ep6_step10003_fort.24', 'abl_dql_ep6_step10004_fort.24', 'abl_dql_ep6_step10005_fort.24', 'abl_dql_ep6_step1001_fort.24', 'abl_dql_ep6_step1002_fort.24', 'abl_dql_ep6_step1003_fort.24', 'abl_dql_ep6_step1004_fort.24', 'abl_dql_ep6_step1005_fort.24']
2026-05-12 09:52:49,876 - INFO - ustsuw OK â†?/home/marina/caseI/20run_caseI/final_run_confirm_time/abl_dql_ep6_step10_out_tab.lis (10 cycles, unit 24)
2026-05-12 09:52:49,876 - INFO - Ep6 Step10: HCNO: N=33.3%  H=10.3%  C=21.7%  O=34.6%
2026-05-12 09:52:49,876 - INFO - Ep6 Step10: Reward=30.87
2026-05-12 09:52:49,876 - INFO - Ep 6 Step 10: Action=3 (DecL4), Layers=[5.5, 3.5, 6.5, 4.0, 7.5, 6.5], Gap=7.0, Reward=30.87
2026-05-12 09:53:33,812 - INFO - FLUKA OK: abl_dql_ep6_step11.inp (35.8s)
2026-05-12 09:53:33,818 - INFO - ustsuw OK â†?/home/marina/caseI/20run_caseI/final_run_confirm_time/abl_dql_ep6_step11_out_tab.lis (5 cycles, unit 24)
2026-05-12 09:53:33,819 - INFO - Ep6 Step11: HCNO: N=32.2%  H=9.1%  C=25.0%  O=33.7%
2026-05-12 09:53:33,819 - INFO - Ep6 Step11: Reward=24.93
2026-05-12 09:53:33,819 - INFO - Ep 6 Step 11: Action=13 (IncGap), Layers=[5.5, 3.5, 6.5, 4.0, 7.5, 6.5], Gap=7.5, Reward=24.93
2026-05-12 09:54:15,795 - INFO - FLUKA OK: abl_dql_ep6_step12.inp (34.9s)
2026-05-12 09:54:15,800 - INFO - ustsuw OK â†?/home/marina/caseI/20run_caseI/final_run_confirm_time/abl_dql_ep6_step12_out_tab.lis (5 cycles, unit 24)
2026-05-12 09:54:15,801 - INFO - Ep6 Step12: HCNO: N=32.4%  H=0.3%  C=25.9%  O=41.4%
2026-05-12 09:54:15,801 - INFO - Ep6 Step12: Reward=6.90
2026-05-12 09:54:15,801 - INFO - Ep 6 Step 12: Action=7 (IncL2), Layers=[5.5, 4.0, 6.5, 4.0, 7.5, 6.5], Gap=7.5, Reward=6.90
2026-05-12 09:55:01,533 - INFO - FLUKA OK: abl_dql_ep6_step13.inp (37.5s)
2026-05-12 09:55:01,541 - INFO - ustsuw OK â†?/home/marina/caseI/20run_caseI/final_run_confirm_time/abl_dql_ep6_step13_out_tab.lis (5 cycles, unit 24)
2026-05-12 09:55:01,542 - INFO - Ep6 Step13: HCNO: N=45.2%  H=2.5%  C=20.2%  O=32.1%
2026-05-12 09:55:01,542 - INFO - Ep6 Step13: Reward=2.75
2026-05-12 09:55:01,542 - INFO - Ep 6 Step 13: Action=10 (IncL5), Layers=[5.5, 4.0, 6.5, 4.0, 8.0, 6.5], Gap=7.5, Reward=2.75
2026-05-12 09:55:48,584 - INFO - FLUKA OK: abl_dql_ep6_step14.inp (37.5s)
2026-05-12 09:55:48,590 - INFO - ustsuw OK â†?/home/marina/caseI/20run_caseI/final_run_confirm_time/abl_dql_ep6_step14_out_tab.lis (5 cycles, unit 24)
2026-05-12 09:55:48,590 - INFO - Ep6 Step14: HCNO: N=44.1%  H=4.5%  C=21.9%  O=29.6%
2026-05-12 09:55:48,590 - INFO - Ep6 Step14: Reward=5.93
2026-05-12 09:55:48,591 - INFO - Ep 6 Step 14: Action=12 (DecGap), Layers=[5.5, 4.0, 6.5, 4.0, 8.0, 6.5], Gap=7.0, Reward=5.93
2026-05-12 09:56:35,916 - INFO - FLUKA OK: abl_dql_ep6_step15.inp (38.0s)
2026-05-12 09:56:35,924 - INFO - ustsuw OK â†?/home/marina/caseI/20run_caseI/final_run_confirm_time/abl_dql_ep6_step15_out_tab.lis (5 cycles, unit 24)
2026-05-12 09:56:35,924 - INFO - Ep6 Step15: HCNO: N=35.8%  H=11.4%  C=20.9%  O=32.0%
2026-05-12 09:56:35,924 - INFO - Ep6 Step15: Reward=17.92
2026-05-12 09:56:35,925 - INFO - Ep 6 Step 15: Action=3 (DecL4), Layers=[5.5, 4.0, 6.5, 3.5, 8.0, 6.5], Gap=7.0, Reward=17.92
2026-05-12 09:57:22,350 - INFO - FLUKA OK: abl_dql_ep6_step16.inp (38.1s)
2026-05-12 09:57:22,358 - INFO - ustsuw OK â†?/home/marina/caseI/20run_caseI/final_run_confirm_time/abl_dql_ep6_step16_out_tab.lis (5 cycles, unit 24)
2026-05-12 09:57:22,359 - INFO - Ep6 Step16: HCNO: N=36.2%  H=4.5%  C=18.8%  O=40.5%
2026-05-12 09:57:22,359 - INFO - Ep6 Step16: Reward=13.14
2026-05-12 09:57:22,359 - INFO - Ep 6 Step 16: Action=3 (DecL4), Layers=[5.5, 4.0, 6.5, 3.0, 8.0, 6.5], Gap=7.0, Reward=13.14
2026-05-12 09:58:08,018 - INFO - FLUKA OK: abl_dql_ep6_step17.inp (36.6s)
2026-05-12 09:58:08,023 - INFO - ustsuw OK â†?/home/marina/caseI/20run_caseI/final_run_confirm_time/abl_dql_ep6_step17_out_tab.lis (5 cycles, unit 24)
2026-05-12 09:58:08,024 - INFO - Ep6 Step17: HCNO: N=35.8%  H=11.4%  C=20.9%  O=32.0%
2026-05-12 09:58:08,024 - INFO - Ep6 Step17: Reward=17.92
2026-05-12 09:58:08,024 - INFO - Ep 6 Step 17: Action=9 (IncL4), Layers=[5.5, 4.0, 6.5, 3.5, 8.0, 6.5], Gap=7.0, Reward=17.92
2026-05-12 09:58:55,124 - INFO - FLUKA OK: abl_dql_ep6_step18.inp (38.0s)
2026-05-12 09:58:55,129 - INFO - ustsuw OK â†?/home/marina/caseI/20run_caseI/final_run_confirm_time/abl_dql_ep6_step18_out_tab.lis (5 cycles, unit 24)
2026-05-12 09:58:55,130 - INFO - Ep6 Step18: HCNO: N=38.1%  H=14.5%  C=23.5%  O=23.9%
2026-05-12 09:58:55,130 - INFO - Ep6 Step18: Reward=18.27
2026-05-12 09:58:55,130 - INFO - Ep 6 Step 18: Action=0 (DecL1), Layers=[5.0, 4.0, 6.5, 3.5, 8.0, 6.5], Gap=7.0, Reward=18.27
2026-05-12 09:59:42,698 - INFO - FLUKA OK: abl_dql_ep6_step19.inp (38.6s)
2026-05-12 09:59:42,704 - INFO - ustsuw OK â†?/home/marina/caseI/20run_caseI/final_run_confirm_time/abl_dql_ep6_step19_out_tab.lis (5 cycles, unit 24)
2026-05-12 09:59:42,705 - INFO - Ep6 Step19: HCNO: N=28.7%  H=10.0%  C=30.9%  O=30.3%
2026-05-12 09:59:42,706 - INFO - Ep6 Step19: Reward=17.65
2026-05-12 09:59:42,706 - INFO - Ep 6 Step 19: Action=8 (IncL3), Layers=[5.0, 4.0, 7.0, 3.5, 8.0, 6.5], Gap=7.0, Reward=17.65
2026-05-12 10:00:30,256 - INFO - FLUKA OK: abl_dql_ep6_step20.inp (37.9s)
2026-05-12 10:00:30,260 - WARNING - prefix 'abl_dql_ep6_step20' unit 24: expected 5 cycle files, found 10: ['abl_dql_ep6_step20001_fort.24', 'abl_dql_ep6_step20002_fort.24', 'abl_dql_ep6_step20003_fort.24', 'abl_dql_ep6_step20004_fort.24', 'abl_dql_ep6_step20005_fort.24', 'abl_dql_ep6_step2001_fort.24', 'abl_dql_ep6_step2002_fort.24', 'abl_dql_ep6_step2003_fort.24', 'abl_dql_ep6_step2004_fort.24', 'abl_dql_ep6_step2005_fort.24']
2026-05-12 10:00:30,263 - INFO - ustsuw OK â†?/home/marina/caseI/20run_caseI/final_run_confirm_time/abl_dql_ep6_step20_out_tab.lis (10 cycles, unit 24)
2026-05-12 10:00:30,264 - INFO - Ep6 Step20: HCNO: N=36.2%  H=13.2%  C=21.9%  O=28.6%
2026-05-12 10:00:30,264 - INFO - Ep6 Step20: Reward=24.48
2026-05-12 10:00:30,264 - INFO - Ep 6 Step 20: Action=2 (DecL3), Layers=[5.0, 4.0, 6.5, 3.5, 8.0, 6.5], Gap=7.0, Reward=24.48
2026-05-12 10:00:39,632 - INFO - Episode 6: Return=333.49, Best=35.10, Loss=142.2413
2026-05-12 10:01:17,344 - INFO - FLUKA OK: abl_dql_ep7_step1.inp (37.7s)
2026-05-12 10:01:17,350 - INFO - ustsuw OK â†?/home/marina/caseI/20run_caseI/final_run_confirm_time/abl_dql_ep7_step1_out_tab.lis (5 cycles, unit 24)
2026-05-12 10:01:17,351 - INFO - Ep7 Step1: HCNO: N=40.8%  H=13.0%  C=16.3%  O=30.0%
2026-05-12 10:01:17,351 - INFO - Ep7 Step1: Reward=21.34
2026-05-12 10:01:17,351 - INFO - Ep 7 Step 1: Action=10 (IncL5), Layers=[2.5, 8.0, 6.0, 7.5, 4.0, 7.5], Gap=4.0, Reward=21.34
2026-05-12 10:02:02,351 - INFO - FLUKA OK: abl_dql_ep7_step2.inp (36.4s)
2026-05-12 10:02:02,358 - INFO - ustsuw OK â†?/home/marina/caseI/20run_caseI/final_run_confirm_time/abl_dql_ep7_step2_out_tab.lis (5 cycles, unit 24)
2026-05-12 10:02:02,358 - INFO - Ep7 Step2: HCNO: N=33.7%  H=7.7%  C=22.4%  O=36.3%
2026-05-12 10:02:02,358 - INFO - Ep7 Step2: Reward=23.54
2026-05-12 10:02:02,359 - INFO - Ep 7 Step 2: Action=0 (DecL1), Layers=[2.0, 8.0, 6.0, 7.5, 4.0, 7.5], Gap=4.0, Reward=23.54
2026-05-12 10:02:46,450 - INFO - FLUKA OK: abl_dql_ep7_step3.inp (36.0s)
2026-05-12 10:02:46,456 - INFO - ustsuw OK â†?/home/marina/caseI/20run_caseI/final_run_confirm_time/abl_dql_ep7_step3_out_tab.lis (5 cycles, unit 24)
2026-05-12 10:02:46,457 - INFO - Ep7 Step3: HCNO: N=36.9%  H=6.5%  C=28.6%  O=28.0%
2026-05-12 10:02:46,457 - INFO - Ep7 Step3: Reward=24.53
2026-05-12 10:02:46,457 - INFO - Ep 7 Step 3: Action=4 (DecL5), Layers=[2.0, 8.0, 6.0, 7.5, 3.5, 7.5], Gap=4.0, Reward=24.53
2026-05-12 10:03:30,770 - INFO - FLUKA OK: abl_dql_ep7_step4.inp (36.4s)
2026-05-12 10:03:30,776 - INFO - ustsuw OK â†?/home/marina/caseI/20run_caseI/final_run_confirm_time/abl_dql_ep7_step4_out_tab.lis (5 cycles, unit 24)
2026-05-12 10:03:30,777 - INFO - Ep7 Step4: HCNO: N=36.8%  H=12.4%  C=27.3%  O=23.5%
2026-05-12 10:03:30,777 - INFO - Ep7 Step4: Reward=16.56
2026-05-12 10:03:30,777 - INFO - Ep 7 Step 4: Action=3 (DecL4), Layers=[2.0, 8.0, 6.0, 7.0, 3.5, 7.5], Gap=4.0, Reward=16.56
2026-05-12 10:04:13,969 - INFO - FLUKA OK: abl_dql_ep7_step5.inp (35.5s)
2026-05-12 10:04:13,974 - INFO - ustsuw OK â†?/home/marina/caseI/20run_caseI/final_run_confirm_time/abl_dql_ep7_step5_out_tab.lis (5 cycles, unit 24)
2026-05-12 10:04:13,975 - INFO - Ep7 Step5: HCNO: N=34.7%  H=8.9%  C=25.0%  O=31.4%
2026-05-12 10:04:13,975 - INFO - Ep7 Step5: Reward=16.33
2026-05-12 10:04:13,975 - INFO - Ep 7 Step 5: Action=8 (IncL3), Layers=[2.0, 8.0, 6.5, 7.0, 3.5, 7.5], Gap=4.0, Reward=16.33
2026-05-12 10:04:56,337 - INFO - FLUKA OK: abl_dql_ep7_step6.inp (34.7s)
2026-05-12 10:04:56,343 - INFO - ustsuw OK â†?/home/marina/caseI/20run_caseI/final_run_confirm_time/abl_dql_ep7_step6_out_tab.lis (5 cycles, unit 24)
2026-05-12 10:04:56,343 - INFO - Ep7 Step6: HCNO: N=38.5%  H=7.6%  C=28.7%  O=25.2%
2026-05-12 10:04:56,343 - INFO - Ep7 Step6: Reward=20.72
2026-05-12 10:04:56,343 - INFO - Ep 7 Step 6: Action=5 (DecL6), Layers=[2.0, 8.0, 6.5, 7.0, 3.5, 7.0], Gap=4.0, Reward=20.72
2026-05-12 10:05:38,380 - INFO - FLUKA OK: abl_dql_ep7_step7.inp (35.0s)
2026-05-12 10:05:38,385 - INFO - ustsuw OK â†?/home/marina/caseI/20run_caseI/final_run_confirm_time/abl_dql_ep7_step7_out_tab.lis (5 cycles, unit 24)
2026-05-12 10:05:38,386 - INFO - Ep7 Step7: HCNO: N=30.7%  H=8.0%  C=27.4%  O=33.9%
2026-05-12 10:05:38,386 - INFO - Ep7 Step7: Reward=16.25
2026-05-12 10:05:38,386 - INFO - Ep 7 Step 7: Action=4 (DecL5), Layers=[2.0, 8.0, 6.5, 7.0, 3.0, 7.0], Gap=4.0, Reward=16.25
2026-05-12 10:06:20,686 - INFO - FLUKA OK: abl_dql_ep7_step8.inp (34.8s)
2026-05-12 10:06:20,691 - INFO - ustsuw OK â†?/home/marina/caseI/20run_caseI/final_run_confirm_time/abl_dql_ep7_step8_out_tab.lis (5 cycles, unit 24)
2026-05-12 10:06:20,692 - INFO - Ep7 Step8: HCNO: N=38.4%  H=10.5%  C=20.8%  O=30.3%
2026-05-12 10:06:20,692 - INFO - Ep7 Step8: Reward=16.49
2026-05-12 10:06:20,692 - INFO - Ep 7 Step 8: Action=6 (IncL1), Layers=[2.5, 8.0, 6.5, 7.0, 3.0, 7.0], Gap=4.0, Reward=16.49
2026-05-12 10:07:02,449 - INFO - FLUKA OK: abl_dql_ep7_step9.inp (34.5s)
2026-05-12 10:07:02,454 - INFO - ustsuw OK â†?/home/marina/caseI/20run_caseI/final_run_confirm_time/abl_dql_ep7_step9_out_tab.lis (5 cycles, unit 24)
2026-05-12 10:07:02,454 - INFO - Ep7 Step9: HCNO: N=41.2%  H=15.0%  C=19.0%  O=24.8%
2026-05-12 10:07:02,455 - INFO - Ep7 Step9: Reward=16.54
2026-05-12 10:07:02,455 - INFO - Ep 7 Step 9: Action=6 (IncL1), Layers=[3.0, 8.0, 6.5, 7.0, 3.0, 7.0], Gap=4.0, Reward=16.54
2026-05-12 10:07:44,835 - INFO - FLUKA OK: abl_dql_ep7_step10.inp (34.7s)
2026-05-12 10:07:44,841 - WARNING - prefix 'abl_dql_ep7_step10' unit 24: expected 5 cycle files, found 10: ['abl_dql_ep7_step10001_fort.24', 'abl_dql_ep7_step10002_fort.24', 'abl_dql_ep7_step10003_fort.24', 'abl_dql_ep7_step10004_fort.24', 'abl_dql_ep7_step10005_fort.24', 'abl_dql_ep7_step1001_fort.24', 'abl_dql_ep7_step1002_fort.24', 'abl_dql_ep7_step1003_fort.24', 'abl_dql_ep7_step1004_fort.24', 'abl_dql_ep7_step1005_fort.24']
2026-05-12 10:07:44,847 - INFO - ustsuw OK â†?/home/marina/caseI/20run_caseI/final_run_confirm_time/abl_dql_ep7_step10_out_tab.lis (10 cycles, unit 24)
2026-05-12 10:07:44,850 - INFO - Ep7 Step10: HCNO: N=45.8%  H=10.5%  C=18.6%  O=25.1%
2026-05-12 10:07:44,850 - INFO - Ep7 Step10: Reward=25.05
2026-05-12 10:07:44,850 - INFO - Ep 7 Step 10: Action=10 (IncL5), Layers=[3.0, 8.0, 6.5, 7.0, 3.5, 7.0], Gap=4.0, Reward=25.05
2026-05-12 10:08:28,152 - INFO - FLUKA OK: abl_dql_ep7_step11.inp (35.2s)
2026-05-12 10:08:28,157 - INFO - ustsuw OK â†?/home/marina/caseI/20run_caseI/final_run_confirm_time/abl_dql_ep7_step11_out_tab.lis (5 cycles, unit 24)
2026-05-12 10:08:28,158 - INFO - Ep7 Step11: HCNO: N=46.0%  H=10.7%  C=18.3%  O=25.0%
2026-05-12 10:08:28,158 - INFO - Ep7 Step11: Reward=19.54
2026-05-12 10:08:28,158 - INFO - Ep 7 Step 11: Action=5 (DecL6), Layers=[3.0, 8.0, 6.5, 7.0, 3.5, 6.5], Gap=4.0, Reward=19.54
2026-05-12 10:09:10,153 - INFO - FLUKA OK: abl_dql_ep7_step12.inp (34.3s)
2026-05-12 10:09:10,158 - INFO - ustsuw OK â†?/home/marina/caseI/20run_caseI/final_run_confirm_time/abl_dql_ep7_step12_out_tab.lis (5 cycles, unit 24)
2026-05-12 10:09:10,159 - INFO - Ep7 Step12: HCNO: N=22.9%  H=8.4%  C=33.2%  O=35.6%
2026-05-12 10:09:10,159 - INFO - Ep7 Step12: Reward=22.50
2026-05-12 10:09:10,159 - INFO - Ep 7 Step 12: Action=6 (IncL1), Layers=[3.5, 8.0, 6.5, 7.0, 3.5, 6.5], Gap=4.0, Reward=22.50
2026-05-12 10:09:52,564 - INFO - FLUKA OK: abl_dql_ep7_step13.inp (35.2s)
2026-05-12 10:09:52,570 - INFO - ustsuw OK â†?/home/marina/caseI/20run_caseI/final_run_confirm_time/abl_dql_ep7_step13_out_tab.lis (5 cycles, unit 24)
2026-05-12 10:09:52,571 - INFO - Ep7 Step13: HCNO: N=46.0%  H=10.7%  C=18.3%  O=25.0%
2026-05-12 10:09:52,571 - INFO - Ep7 Step13: Reward=19.54
2026-05-12 10:09:52,571 - INFO - Ep 7 Step 13: Action=0 (DecL1), Layers=[3.0, 8.0, 6.5, 7.0, 3.5, 6.5], Gap=4.0, Reward=19.54
2026-05-12 10:10:35,526 - INFO - FLUKA OK: abl_dql_ep7_step14.inp (34.7s)
2026-05-12 10:10:35,532 - INFO - ustsuw OK â†?/home/marina/caseI/20run_caseI/final_run_confirm_time/abl_dql_ep7_step14_out_tab.lis (5 cycles, unit 24)
2026-05-12 10:10:35,532 - INFO - Ep7 Step14: HCNO: N=38.4%  H=10.8%  C=16.1%  O=34.7%
2026-05-12 10:10:35,533 - INFO - Ep7 Step14: Reward=21.22
2026-05-12 10:10:35,533 - INFO - Ep 7 Step 14: Action=4 (DecL5), Layers=[3.0, 8.0, 6.5, 7.0, 3.0, 6.5], Gap=4.0, Reward=21.22
2026-05-12 10:11:18,191 - INFO - FLUKA OK: abl_dql_ep7_step15.inp (35.2s)
2026-05-12 10:11:18,197 - INFO - ustsuw OK â†?/home/marina/caseI/20run_caseI/final_run_confirm_time/abl_dql_ep7_step15_out_tab.lis (5 cycles, unit 24)
2026-05-12 10:11:18,198 - INFO - Ep7 Step15: HCNO: N=28.0%  H=11.8%  C=21.6%  O=38.7%
2026-05-12 10:11:18,198 - INFO - Ep7 Step15: Reward=21.46
2026-05-12 10:11:18,198 - INFO - Ep 7 Step 15: Action=0 (DecL1), Layers=[2.5, 8.0, 6.5, 7.0, 3.0, 6.5], Gap=4.0, Reward=21.46
2026-05-12 10:12:02,549 - INFO - FLUKA OK: abl_dql_ep7_step16.inp (36.0s)
2026-05-12 10:12:02,555 - INFO - ustsuw OK â†?/home/marina/caseI/20run_caseI/final_run_confirm_time/abl_dql_ep7_step16_out_tab.lis (5 cycles, unit 24)
2026-05-12 10:12:02,561 - INFO - Ep7 Step16: HCNO: N=28.0%  H=11.8%  C=21.6%  O=38.7%
2026-05-12 10:12:02,561 - INFO - Ep7 Step16: Reward=21.46
2026-05-12 10:12:02,561 - INFO - Ep 7 Step 16: Action=7 (IncL2), Layers=[2.5, 8.0, 6.5, 7.0, 3.0, 6.5], Gap=4.0, Reward=21.46
2026-05-12 10:12:45,288 - INFO - FLUKA OK: abl_dql_ep7_step17.inp (35.3s)
2026-05-12 10:12:45,294 - INFO - ustsuw OK â†?/home/marina/caseI/20run_caseI/final_run_confirm_time/abl_dql_ep7_step17_out_tab.lis (5 cycles, unit 24)
2026-05-12 10:12:45,295 - INFO - Ep7 Step17: HCNO: N=27.0%  H=13.5%  C=22.3%  O=37.2%
2026-05-12 10:12:45,295 - INFO - Ep7 Step17: Reward=18.74
2026-05-12 10:12:45,295 - INFO - Ep 7 Step 17: Action=12 (DecGap), Layers=[2.5, 8.0, 6.5, 7.0, 3.0, 6.5], Gap=3.5, Reward=18.74
2026-05-12 10:13:28,564 - INFO - FLUKA OK: abl_dql_ep7_step18.inp (35.2s)
2026-05-12 10:13:28,571 - INFO - ustsuw OK â†?/home/marina/caseI/20run_caseI/final_run_confirm_time/abl_dql_ep7_step18_out_tab.lis (5 cycles, unit 24)
2026-05-12 10:13:28,571 - INFO - Ep7 Step18: HCNO: N=32.2%  H=9.2%  C=22.8%  O=35.9%
2026-05-12 10:13:28,571 - INFO - Ep7 Step18: Reward=21.97
2026-05-12 10:13:28,571 - INFO - Ep 7 Step 18: Action=3 (DecL4), Layers=[2.5, 8.0, 6.5, 6.5, 3.0, 6.5], Gap=3.5, Reward=21.97
2026-05-12 10:14:10,838 - INFO - FLUKA OK: abl_dql_ep7_step19.inp (34.7s)
2026-05-12 10:14:10,846 - INFO - ustsuw OK â†?/home/marina/caseI/20run_caseI/final_run_confirm_time/abl_dql_ep7_step19_out_tab.lis (5 cycles, unit 24)
2026-05-12 10:14:10,847 - INFO - Ep7 Step19: HCNO: N=29.6%  H=8.0%  C=19.2%  O=43.2%
2026-05-12 10:14:10,847 - INFO - Ep7 Step19: Reward=19.30
2026-05-12 10:14:10,847 - INFO - Ep 7 Step 19: Action=4 (DecL5), Layers=[2.5, 8.0, 6.5, 6.5, 2.5, 6.5], Gap=3.5, Reward=19.30
2026-05-12 10:14:52,850 - INFO - FLUKA OK: abl_dql_ep7_step20.inp (34.3s)
2026-05-12 10:14:52,854 - WARNING - prefix 'abl_dql_ep7_step20' unit 24: expected 5 cycle files, found 10: ['abl_dql_ep7_step20001_fort.24', 'abl_dql_ep7_step20002_fort.24', 'abl_dql_ep7_step20003_fort.24', 'abl_dql_ep7_step20004_fort.24', 'abl_dql_ep7_step20005_fort.24', 'abl_dql_ep7_step2001_fort.24', 'abl_dql_ep7_step2002_fort.24', 'abl_dql_ep7_step2003_fort.24', 'abl_dql_ep7_step2004_fort.24', 'abl_dql_ep7_step2005_fort.24']
2026-05-12 10:14:52,856 - INFO - ustsuw OK â†?/home/marina/caseI/20run_caseI/final_run_confirm_time/abl_dql_ep7_step20_out_tab.lis (10 cycles, unit 24)
2026-05-12 10:14:52,857 - INFO - Ep7 Step20: HCNO: N=32.8%  H=8.9%  C=20.1%  O=38.3%
2026-05-12 10:14:52,857 - INFO - Ep7 Step20: Reward=27.74
2026-05-12 10:14:52,857 - INFO - Ep 7 Step 20: Action=2 (DecL3), Layers=[2.5, 8.0, 6.0, 6.5, 2.5, 6.5], Gap=3.5, Reward=27.74
2026-05-12 10:15:00,527 - INFO - Episode 7: Return=410.82, Best=35.10, Loss=116.4312
2026-05-12 10:15:39,595 - INFO - FLUKA OK: abl_dql_ep8_step1.inp (39.1s)
2026-05-12 10:15:39,603 - INFO - ustsuw OK â†?/home/marina/caseI/20run_caseI/final_run_confirm_time/abl_dql_ep8_step1_out_tab.lis (5 cycles, unit 24)
2026-05-12 10:15:39,604 - INFO - Ep8 Step1: HCNO: N=32.8%  H=16.5%  C=20.9%  O=29.7%
2026-05-12 10:15:39,604 - INFO - Ep8 Step1: Reward=27.95
2026-05-12 10:15:39,604 - INFO - Ep 8 Step 1: Action=13 (IncGap), Layers=[2.5, 4.0, 4.0, 3.0, 3.5, 3.0], Gap=4.0, Reward=27.95
2026-05-12 10:16:28,105 - INFO - FLUKA OK: abl_dql_ep8_step2.inp (38.5s)
2026-05-12 10:16:28,113 - INFO - ustsuw OK â†?/home/marina/caseI/20run_caseI/final_run_confirm_time/abl_dql_ep8_step2_out_tab.lis (5 cycles, unit 24)
2026-05-12 10:16:28,114 - INFO - Ep8 Step2: HCNO: N=39.2%  H=11.6%  C=21.0%  O=28.2%
2026-05-12 10:16:28,114 - INFO - Ep8 Step2: Reward=27.35
2026-05-12 10:16:28,114 - INFO - Ep 8 Step 2: Action=4 (DecL5), Layers=[2.5, 4.0, 4.0, 3.0, 3.0, 3.0], Gap=4.0, Reward=27.35
2026-05-12 10:17:18,432 - INFO - FLUKA OK: abl_dql_ep8_step3.inp (41.0s)
2026-05-12 10:17:18,438 - INFO - ustsuw OK â†?/home/marina/caseI/20run_caseI/final_run_confirm_time/abl_dql_ep8_step3_out_tab.lis (5 cycles, unit 24)
2026-05-12 10:17:18,439 - INFO - Ep8 Step3: HCNO: N=40.0%  H=13.7%  C=20.2%  O=26.0%
2026-05-12 10:17:18,439 - INFO - Ep8 Step3: Reward=36.53
2026-05-12 10:17:18,439 - INFO - Ep 8 Step 3: Action=0 (DecL1), Layers=[2.0, 4.0, 4.0, 3.0, 3.0, 3.0], Gap=4.0, Reward=36.53
2026-05-12 10:17:18,439 - INFO - New Best: 36.53 at Ep8, Step3
2026-05-12 10:18:05,558 - INFO - FLUKA OK: abl_dql_ep8_step4.inp (38.0s)
2026-05-12 10:18:05,564 - INFO - ustsuw OK â†?/home/marina/caseI/20run_caseI/final_run_confirm_time/abl_dql_ep8_step4_out_tab.lis (5 cycles, unit 24)
2026-05-12 10:18:05,564 - INFO - Ep8 Step4: HCNO: N=43.1%  H=14.4%  C=18.7%  O=23.7%
2026-05-12 10:18:05,564 - INFO - Ep8 Step4: Reward=36.60
2026-05-12 10:18:05,564 - INFO - Ep 8 Step 4: Action=12 (DecGap), Layers=[2.0, 4.0, 4.0, 3.0, 3.0, 3.0], Gap=3.5, Reward=36.60
2026-05-12 10:18:05,565 - INFO - New Best: 36.60 at Ep8, Step4
2026-05-12 10:18:54,397 - INFO - FLUKA OK: abl_dql_ep8_step5.inp (40.0s)
2026-05-12 10:18:54,403 - INFO - ustsuw OK â†?/home/marina/caseI/20run_caseI/final_run_confirm_time/abl_dql_ep8_step5_out_tab.lis (5 cycles, unit 24)
2026-05-12 10:18:54,404 - INFO - Ep8 Step5: HCNO: N=45.6%  H=10.2%  C=15.5%  O=28.7%
2026-05-12 10:18:54,404 - INFO - Ep8 Step5: Reward=23.71
2026-05-12 10:18:54,404 - INFO - Ep 8 Step 5: Action=8 (IncL3), Layers=[2.0, 4.0, 4.5, 3.0, 3.0, 3.0], Gap=3.5, Reward=23.71
2026-05-12 10:19:42,573 - INFO - FLUKA OK: abl_dql_ep8_step6.inp (38.6s)
2026-05-12 10:19:42,580 - INFO - ustsuw OK â†?/home/marina/caseI/20run_caseI/final_run_confirm_time/abl_dql_ep8_step6_out_tab.lis (5 cycles, unit 24)
2026-05-12 10:19:42,580 - INFO - Ep8 Step6: HCNO: N=40.1%  H=11.5%  C=22.1%  O=26.2%
2026-05-12 10:19:42,580 - INFO - Ep8 Step6: Reward=27.38
2026-05-12 10:19:42,581 - INFO - Ep 8 Step 6: Action=5 (DecL6), Layers=[2.0, 4.0, 4.5, 3.0, 3.0, 2.5], Gap=3.5, Reward=27.38
2026-05-12 10:20:27,626 - INFO - FLUKA OK: abl_dql_ep8_step7.inp (36.8s)
2026-05-12 10:20:27,633 - INFO - ustsuw OK â†?/home/marina/caseI/20run_caseI/final_run_confirm_time/abl_dql_ep8_step7_out_tab.lis (5 cycles, unit 24)
2026-05-12 10:20:27,634 - INFO - Ep8 Step7: HCNO: N=42.5%  H=9.2%  C=20.7%  O=27.6%
2026-05-12 10:20:27,634 - INFO - Ep8 Step7: Reward=29.79
2026-05-12 10:20:27,634 - INFO - Ep 8 Step 7: Action=5 (DecL6), Layers=[2.0, 4.0, 4.5, 3.0, 3.0, 2.0], Gap=3.5, Reward=29.79
2026-05-12 10:21:15,460 - INFO - FLUKA OK: abl_dql_ep8_step8.inp (39.0s)
2026-05-12 10:21:15,469 - INFO - ustsuw OK â†?/home/marina/caseI/20run_caseI/final_run_confirm_time/abl_dql_ep8_step8_out_tab.lis (5 cycles, unit 24)
2026-05-12 10:21:15,470 - INFO - Ep8 Step8: HCNO: N=38.3%  H=11.9%  C=20.9%  O=28.9%
2026-05-12 10:21:15,470 - INFO - Ep8 Step8: Reward=31.43
2026-05-12 10:21:15,470 - INFO - Ep 8 Step 8: Action=4 (DecL5), Layers=[2.0, 4.0, 4.5, 3.0, 2.5, 2.0], Gap=3.5, Reward=31.43
2026-05-12 10:21:59,643 - INFO - FLUKA OK: abl_dql_ep8_step9.inp (36.4s)
2026-05-12 10:21:59,650 - INFO - ustsuw OK â†?/home/marina/caseI/20run_caseI/final_run_confirm_time/abl_dql_ep8_step9_out_tab.lis (5 cycles, unit 24)
2026-05-12 10:21:59,650 - INFO - Ep8 Step9: HCNO: N=40.5%  H=8.1%  C=24.5%  O=26.9%
2026-05-12 10:21:59,651 - INFO - Ep8 Step9: Reward=34.12
2026-05-12 10:21:59,651 - INFO - Ep 8 Step 9: Action=11 (IncL6), Layers=[2.0, 4.0, 4.5, 3.0, 2.5, 2.5], Gap=3.5, Reward=34.12
2026-05-12 10:22:42,100 - INFO - FLUKA OK: abl_dql_ep8_step10.inp (35.0s)
2026-05-12 10:22:42,105 - WARNING - prefix 'abl_dql_ep8_step10' unit 24: expected 5 cycle files, found 10: ['abl_dql_ep8_step10001_fort.24', 'abl_dql_ep8_step10002_fort.24', 'abl_dql_ep8_step10003_fort.24', 'abl_dql_ep8_step10004_fort.24', 'abl_dql_ep8_step10005_fort.24', 'abl_dql_ep8_step1001_fort.24', 'abl_dql_ep8_step1002_fort.24', 'abl_dql_ep8_step1003_fort.24', 'abl_dql_ep8_step1004_fort.24', 'abl_dql_ep8_step1005_fort.24']
2026-05-12 10:22:42,108 - INFO - ustsuw OK â†?/home/marina/caseI/20run_caseI/final_run_confirm_time/abl_dql_ep8_step10_out_tab.lis (10 cycles, unit 24)
2026-05-12 10:22:42,109 - INFO - Ep8 Step10: HCNO: N=37.6%  H=17.5%  C=18.4%  O=26.4%
2026-05-12 10:22:42,109 - INFO - Ep8 Step10: Reward=36.79
2026-05-12 10:22:42,109 - INFO - Ep 8 Step 10: Action=8 (IncL3), Layers=[2.0, 4.0, 5.0, 3.0, 2.5, 2.5], Gap=3.5, Reward=36.79
2026-05-12 10:22:42,109 - INFO - New Best: 36.79 at Ep8, Step10
2026-05-12 10:23:24,918 - INFO - FLUKA OK: abl_dql_ep8_step11.inp (35.0s)
2026-05-12 10:23:24,925 - INFO - ustsuw OK â†?/home/marina/caseI/20run_caseI/final_run_confirm_time/abl_dql_ep8_step11_out_tab.lis (5 cycles, unit 24)
2026-05-12 10:23:24,925 - INFO - Ep8 Step11: HCNO: N=38.9%  H=14.5%  C=18.8%  O=27.8%
2026-05-12 10:23:24,925 - INFO - Ep8 Step11: Reward=28.95
2026-05-12 10:23:24,925 - INFO - Ep 8 Step 11: Action=6 (IncL1), Layers=[2.5, 4.0, 5.0, 3.0, 2.5, 2.5], Gap=3.5, Reward=28.95
2026-05-12 10:24:08,816 - INFO - FLUKA OK: abl_dql_ep8_step12.inp (35.9s)
2026-05-12 10:24:08,822 - INFO - ustsuw OK â†?/home/marina/caseI/20run_caseI/final_run_confirm_time/abl_dql_ep8_step12_out_tab.lis (5 cycles, unit 24)
2026-05-12 10:24:08,822 - INFO - Ep8 Step12: HCNO: N=42.9%  H=8.6%  C=29.1%  O=19.5%
2026-05-12 10:24:08,822 - INFO - Ep8 Step12: Reward=17.65
2026-05-12 10:24:08,822 - INFO - Ep 8 Step 12: Action=6 (IncL1), Layers=[3.0, 4.0, 5.0, 3.0, 2.5, 2.5], Gap=3.5, Reward=17.65
2026-05-12 10:24:50,716 - INFO - FLUKA OK: abl_dql_ep8_step13.inp (34.7s)
2026-05-12 10:24:50,724 - INFO - ustsuw OK â†?/home/marina/caseI/20run_caseI/final_run_confirm_time/abl_dql_ep8_step13_out_tab.lis (5 cycles, unit 24)
2026-05-12 10:24:50,724 - INFO - Ep8 Step13: HCNO: N=39.6%  H=7.0%  C=24.4%  O=29.0%
2026-05-12 10:24:50,724 - INFO - Ep8 Step13: Reward=33.02
2026-05-12 10:24:50,724 - INFO - Ep 8 Step 13: Action=10 (IncL5), Layers=[3.0, 4.0, 5.0, 3.0, 3.0, 2.5], Gap=3.5, Reward=33.02
2026-05-12 10:25:36,571 - INFO - FLUKA OK: abl_dql_ep8_step14.inp (37.2s)
2026-05-12 10:25:36,578 - INFO - ustsuw OK â†?/home/marina/caseI/20run_caseI/final_run_confirm_time/abl_dql_ep8_step14_out_tab.lis (5 cycles, unit 24)
2026-05-12 10:25:36,579 - INFO - Ep8 Step14: HCNO: N=33.1%  H=12.7%  C=22.7%  O=31.4%
2026-05-12 10:25:36,579 - INFO - Ep8 Step14: Reward=34.52
2026-05-12 10:25:36,579 - INFO - Ep 8 Step 14: Action=8 (IncL3), Layers=[3.0, 4.0, 5.5, 3.0, 3.0, 2.5], Gap=3.5, Reward=34.52
2026-05-12 10:26:20,332 - INFO - FLUKA OK: abl_dql_ep8_step15.inp (35.8s)
2026-05-12 10:26:20,338 - INFO - ustsuw OK â†?/home/marina/caseI/20run_caseI/final_run_confirm_time/abl_dql_ep8_step15_out_tab.lis (5 cycles, unit 24)
2026-05-12 10:26:20,339 - INFO - Ep8 Step15: HCNO: N=40.8%  H=8.1%  C=23.6%  O=27.5%
2026-05-12 10:26:20,339 - INFO - Ep8 Step15: Reward=27.24
2026-05-12 10:26:20,339 - INFO - Ep 8 Step 15: Action=10 (IncL5), Layers=[3.0, 4.0, 5.5, 3.0, 3.5, 2.5], Gap=3.5, Reward=27.24
2026-05-12 10:27:03,576 - INFO - FLUKA OK: abl_dql_ep8_step16.inp (35.6s)
2026-05-12 10:27:03,583 - INFO - ustsuw OK â†?/home/marina/caseI/20run_caseI/final_run_confirm_time/abl_dql_ep8_step16_out_tab.lis (5 cycles, unit 24)
2026-05-12 10:27:03,584 - INFO - Ep8 Step16: HCNO: N=37.7%  H=15.2%  C=16.9%  O=30.2%
2026-05-12 10:27:03,584 - INFO - Ep8 Step16: Reward=35.54
2026-05-12 10:27:03,584 - INFO - Ep 8 Step 16: Action=6 (IncL1), Layers=[3.5, 4.0, 5.5, 3.0, 3.5, 2.5], Gap=3.5, Reward=35.54
2026-05-12 10:27:47,524 - INFO - FLUKA OK: abl_dql_ep8_step17.inp (34.9s)
2026-05-12 10:27:47,531 - INFO - ustsuw OK â†?/home/marina/caseI/20run_caseI/final_run_confirm_time/abl_dql_ep8_step17_out_tab.lis (5 cycles, unit 24)
2026-05-12 10:27:47,532 - INFO - Ep8 Step17: HCNO: N=37.5%  H=11.8%  C=21.7%  O=28.9%
2026-05-12 10:27:47,532 - INFO - Ep8 Step17: Reward=27.64
2026-05-12 10:27:47,532 - INFO - Ep 8 Step 17: Action=5 (DecL6), Layers=[3.5, 4.0, 5.5, 3.0, 3.5, 2.0], Gap=3.5, Reward=27.64
2026-05-12 10:28:31,165 - INFO - FLUKA OK: abl_dql_ep8_step18.inp (35.1s)
2026-05-12 10:28:31,171 - INFO - ustsuw OK â†?/home/marina/caseI/20run_caseI/final_run_confirm_time/abl_dql_ep8_step18_out_tab.lis (5 cycles, unit 24)
2026-05-12 10:28:31,172 - INFO - Ep8 Step18: HCNO: N=38.9%  H=12.7%  C=20.5%  O=27.8%
2026-05-12 10:28:31,172 - INFO - Ep8 Step18: Reward=23.73
2026-05-12 10:28:31,172 - INFO - Ep 8 Step 18: Action=4 (DecL5), Layers=[3.5, 4.0, 5.5, 3.0, 3.0, 2.0], Gap=3.5, Reward=23.73
2026-05-12 10:29:14,320 - INFO - FLUKA OK: abl_dql_ep8_step19.inp (35.2s)
2026-05-12 10:29:14,330 - INFO - ustsuw OK â†?/home/marina/caseI/20run_caseI/final_run_confirm_time/abl_dql_ep8_step19_out_tab.lis (5 cycles, unit 24)
2026-05-12 10:29:14,330 - INFO - Ep8 Step19: HCNO: N=31.8%  H=11.1%  C=26.5%  O=30.5%
2026-05-12 10:29:14,330 - INFO - Ep8 Step19: Reward=20.41
2026-05-12 10:29:14,331 - INFO - Ep 8 Step 19: Action=7 (IncL2), Layers=[3.5, 4.5, 5.5, 3.0, 3.0, 2.0], Gap=3.5, Reward=20.41
2026-05-12 10:29:57,965 - INFO - FLUKA OK: abl_dql_ep8_step20.inp (34.6s)
2026-05-12 10:29:57,970 - WARNING - prefix 'abl_dql_ep8_step20' unit 24: expected 5 cycle files, found 10: ['abl_dql_ep8_step20001_fort.24', 'abl_dql_ep8_step20002_fort.24', 'abl_dql_ep8_step20003_fort.24', 'abl_dql_ep8_step20004_fort.24', 'abl_dql_ep8_step20005_fort.24', 'abl_dql_ep8_step2001_fort.24', 'abl_dql_ep8_step2002_fort.24', 'abl_dql_ep8_step2003_fort.24', 'abl_dql_ep8_step2004_fort.24', 'abl_dql_ep8_step2005_fort.24']
2026-05-12 10:29:57,972 - INFO - ustsuw OK â†?/home/marina/caseI/20run_caseI/final_run_confirm_time/abl_dql_ep8_step20_out_tab.lis (10 cycles, unit 24)
2026-05-12 10:29:57,972 - INFO - Ep8 Step20: HCNO: N=36.8%  H=12.0%  C=21.9%  O=29.3%
2026-05-12 10:29:57,972 - INFO - Ep8 Step20: Reward=34.21
2026-05-12 10:29:57,973 - INFO - Ep 8 Step 20: Action=12 (DecGap), Layers=[3.5, 4.5, 5.5, 3.0, 3.0, 2.0], Gap=3.0, Reward=34.21
2026-05-12 10:30:05,820 - INFO - Episode 8: Return=594.56, Best=36.79, Loss=104.1258
2026-05-12 10:30:41,072 - INFO - FLUKA OK: abl_dql_ep9_step1.inp (35.3s)
2026-05-12 10:30:41,080 - INFO - ustsuw OK â†?/home/marina/caseI/20run_caseI/final_run_confirm_time/abl_dql_ep9_step1_out_tab.lis (5 cycles, unit 24)
2026-05-12 10:30:41,080 - INFO - Ep9 Step1: HCNO: N=29.6%  H=8.4%  C=28.6%  O=33.5%
2026-05-12 10:30:41,081 - INFO - Ep9 Step1: Reward=26.35
2026-05-12 10:30:41,081 - INFO - Ep 9 Step 1: Action=10 (IncL5), Layers=[4.0, 6.5, 2.0, 2.0, 3.5, 2.5], Gap=8.0, Reward=26.35
2026-05-12 10:31:23,356 - INFO - FLUKA OK: abl_dql_ep9_step2.inp (34.7s)
2026-05-12 10:31:23,363 - INFO - ustsuw OK â†?/home/marina/caseI/20run_caseI/final_run_confirm_time/abl_dql_ep9_step2_out_tab.lis (5 cycles, unit 24)
2026-05-12 10:31:23,363 - INFO - Ep9 Step2: HCNO: N=45.0%  H=8.2%  C=26.5%  O=20.3%
2026-05-12 10:31:23,363 - INFO - Ep9 Step2: Reward=33.38
2026-05-12 10:31:23,364 - INFO - Ep 9 Step 2: Action=7 (IncL2), Layers=[4.0, 7.0, 2.0, 2.0, 3.5, 2.5], Gap=8.0, Reward=33.38
2026-05-12 10:32:10,160 - INFO - FLUKA OK: abl_dql_ep9_step3.inp (38.9s)
2026-05-12 10:32:10,168 - INFO - ustsuw OK â†?/home/marina/caseI/20run_caseI/final_run_confirm_time/abl_dql_ep9_step3_out_tab.lis (5 cycles, unit 24)
2026-05-12 10:32:10,169 - INFO - Ep9 Step3: HCNO: N=33.9%  H=9.5%  C=30.8%  O=25.8%
2026-05-12 10:32:10,169 - INFO - Ep9 Step3: Reward=22.93
2026-05-12 10:32:10,169 - INFO - Ep 9 Step 3: Action=7 (IncL2), Layers=[4.0, 7.5, 2.0, 2.0, 3.5, 2.5], Gap=8.0, Reward=22.93
2026-05-12 10:32:52,102 - INFO - FLUKA OK: abl_dql_ep9_step4.inp (34.2s)
2026-05-12 10:32:52,108 - INFO - ustsuw OK â†?/home/marina/caseI/20run_caseI/final_run_confirm_time/abl_dql_ep9_step4_out_tab.lis (5 cycles, unit 24)
2026-05-12 10:32:52,110 - INFO - Ep9 Step4: HCNO: N=45.1%  H=9.4%  C=22.4%  O=23.0%
2026-05-12 10:32:52,110 - INFO - Ep9 Step4: Reward=25.61
2026-05-12 10:32:52,110 - INFO - Ep 9 Step 4: Action=8 (IncL3), Layers=[4.0, 7.5, 2.5, 2.0, 3.5, 2.5], Gap=8.0, Reward=25.61
2026-05-12 10:33:33,499 - INFO - FLUKA OK: abl_dql_ep9_step5.inp (33.6s)
2026-05-12 10:33:33,505 - INFO - ustsuw OK â†?/home/marina/caseI/20run_caseI/final_run_confirm_time/abl_dql_ep9_step5_out_tab.lis (5 cycles, unit 24)
2026-05-12 10:33:33,506 - INFO - Ep9 Step5: HCNO: N=43.4%  H=8.5%  C=22.5%  O=25.5%
2026-05-12 10:33:33,506 - INFO - Ep9 Step5: Reward=22.90
2026-05-12 10:33:33,506 - INFO - Ep 9 Step 5: Action=13 (IncGap), Layers=[4.0, 7.5, 2.5, 2.0, 3.5, 2.5], Gap=8.5, Reward=22.90
2026-05-12 10:34:15,934 - INFO - FLUKA OK: abl_dql_ep9_step6.inp (35.2s)
2026-05-12 10:34:15,942 - INFO - ustsuw OK â†?/home/marina/caseI/20run_caseI/final_run_confirm_time/abl_dql_ep9_step6_out_tab.lis (5 cycles, unit 24)
2026-05-12 10:34:15,943 - INFO - Ep9 Step6: HCNO: N=47.0%  H=7.1%  C=23.1%  O=22.8%
2026-05-12 10:34:15,943 - INFO - Ep9 Step6: Reward=32.27
2026-05-12 10:34:15,943 - INFO - Ep 9 Step 6: Action=10 (IncL5), Layers=[4.0, 7.5, 2.5, 2.0, 4.0, 2.5], Gap=8.5, Reward=32.27
2026-05-12 10:35:00,469 - INFO - FLUKA OK: abl_dql_ep9_step7.inp (35.9s)
2026-05-12 10:35:00,477 - INFO - ustsuw OK â†?/home/marina/caseI/20run_caseI/final_run_confirm_time/abl_dql_ep9_step7_out_tab.lis (5 cycles, unit 24)
2026-05-12 10:35:00,478 - INFO - Ep9 Step7: HCNO: N=34.7%  H=10.0%  C=25.7%  O=29.7%
2026-05-12 10:35:00,478 - INFO - Ep9 Step7: Reward=22.87
2026-05-12 10:35:00,478 - INFO - Ep 9 Step 7: Action=0 (DecL1), Layers=[3.5, 7.5, 2.5, 2.0, 4.0, 2.5], Gap=8.5, Reward=22.87
2026-05-12 10:35:44,435 - INFO - FLUKA OK: abl_dql_ep9_step8.inp (36.1s)
2026-05-12 10:35:44,443 - INFO - ustsuw OK â†?/home/marina/caseI/20run_caseI/final_run_confirm_time/abl_dql_ep9_step8_out_tab.lis (5 cycles, unit 24)
2026-05-12 10:35:44,444 - INFO - Ep9 Step8: HCNO: N=38.6%  H=6.3%  C=26.0%  O=29.1%
2026-05-12 10:35:44,444 - INFO - Ep9 Step8: Reward=22.84
2026-05-12 10:35:44,444 - INFO - Ep 9 Step 8: Action=2 (DecL3), Layers=[3.5, 7.5, 2.0, 2.0, 4.0, 2.5], Gap=8.5, Reward=22.84
2026-05-12 10:36:28,931 - INFO - FLUKA OK: abl_dql_ep9_step9.inp (35.3s)
2026-05-12 10:36:28,940 - INFO - ustsuw OK â†?/home/marina/caseI/20run_caseI/final_run_confirm_time/abl_dql_ep9_step9_out_tab.lis (5 cycles, unit 24)
2026-05-12 10:36:28,941 - INFO - Ep9 Step9: HCNO: N=38.6%  H=6.3%  C=26.0%  O=29.1%
2026-05-12 10:36:28,941 - INFO - Ep9 Step9: Reward=22.84
2026-05-12 10:36:28,941 - INFO - Ep 9 Step 9: Action=2 (DecL3), Layers=[3.5, 7.5, 2.0, 2.0, 4.0, 2.5], Gap=8.5, Reward=22.84
2026-05-12 10:37:12,425 - INFO - FLUKA OK: abl_dql_ep9_step10.inp (35.1s)
2026-05-12 10:37:12,431 - WARNING - prefix 'abl_dql_ep9_step10' unit 24: expected 5 cycle files, found 10: ['abl_dql_ep9_step10001_fort.24', 'abl_dql_ep9_step10002_fort.24', 'abl_dql_ep9_step10003_fort.24', 'abl_dql_ep9_step10004_fort.24', 'abl_dql_ep9_step10005_fort.24', 'abl_dql_ep9_step1001_fort.24', 'abl_dql_ep9_step1002_fort.24', 'abl_dql_ep9_step1003_fort.24', 'abl_dql_ep9_step1004_fort.24', 'abl_dql_ep9_step1005_fort.24']
2026-05-12 10:37:12,433 - INFO - ustsuw OK â†?/home/marina/caseI/20run_caseI/final_run_confirm_time/abl_dql_ep9_step10_out_tab.lis (10 cycles, unit 24)
2026-05-12 10:37:12,434 - INFO - Ep9 Step10: HCNO: N=31.9%  H=7.9%  C=30.0%  O=30.2%
2026-05-12 10:37:12,434 - INFO - Ep9 Step10: Reward=30.79
2026-05-12 10:37:12,434 - INFO - Ep 9 Step 10: Action=11 (IncL6), Layers=[3.5, 7.5, 2.0, 2.0, 4.0, 3.0], Gap=8.5, Reward=30.79
2026-05-12 10:37:55,586 - INFO - FLUKA OK: abl_dql_ep9_step11.inp (35.6s)
2026-05-12 10:37:55,594 - INFO - ustsuw OK â†?/home/marina/caseI/20run_caseI/final_run_confirm_time/abl_dql_ep9_step11_out_tab.lis (5 cycles, unit 24)
2026-05-12 10:37:55,595 - INFO - Ep9 Step11: HCNO: N=36.0%  H=12.2%  C=23.5%  O=28.3%
2026-05-12 10:37:55,595 - INFO - Ep9 Step11: Reward=22.29
2026-05-12 10:37:55,595 - INFO - Ep 9 Step 11: Action=1 (DecL2), Layers=[3.5, 7.0, 2.0, 2.0, 4.0, 3.0], Gap=8.5, Reward=22.29
2026-05-12 10:38:40,063 - INFO - FLUKA OK: abl_dql_ep9_step12.inp (35.4s)
2026-05-12 10:38:40,073 - INFO - ustsuw OK â†?/home/marina/caseI/20run_caseI/final_run_confirm_time/abl_dql_ep9_step12_out_tab.lis (5 cycles, unit 24)
2026-05-12 10:38:40,074 - INFO - Ep9 Step12: HCNO: N=40.2%  H=8.7%  C=24.1%  O=27.0%
2026-05-12 10:38:40,074 - INFO - Ep9 Step12: Reward=20.35
2026-05-12 10:38:40,074 - INFO - Ep 9 Step 12: Action=0 (DecL1), Layers=[3.0, 7.0, 2.0, 2.0, 4.0, 3.0], Gap=8.5, Reward=20.35
2026-05-12 10:39:22,951 - INFO - FLUKA OK: abl_dql_ep9_step13.inp (35.1s)
2026-05-12 10:39:22,957 - INFO - ustsuw OK â†?/home/marina/caseI/20run_caseI/final_run_confirm_time/abl_dql_ep9_step13_out_tab.lis (5 cycles, unit 24)
2026-05-12 10:39:22,958 - INFO - Ep9 Step13: HCNO: N=38.4%  H=9.9%  C=23.6%  O=28.1%
2026-05-12 10:39:22,958 - INFO - Ep9 Step13: Reward=28.03
2026-05-12 10:39:22,958 - INFO - Ep 9 Step 13: Action=9 (IncL4), Layers=[3.0, 7.0, 2.0, 2.5, 4.0, 3.0], Gap=8.5, Reward=28.03
2026-05-12 10:40:06,649 - INFO - FLUKA OK: abl_dql_ep9_step14.inp (36.1s)
2026-05-12 10:40:06,656 - INFO - ustsuw OK â†?/home/marina/caseI/20run_caseI/final_run_confirm_time/abl_dql_ep9_step14_out_tab.lis (5 cycles, unit 24)
2026-05-12 10:40:06,656 - INFO - Ep9 Step14: HCNO: N=28.0%  H=14.4%  C=21.1%  O=36.6%
2026-05-12 10:40:06,656 - INFO - Ep9 Step14: Reward=29.63
2026-05-12 10:40:06,656 - INFO - Ep 9 Step 14: Action=7 (IncL2), Layers=[3.0, 7.5, 2.0, 2.5, 4.0, 3.0], Gap=8.5, Reward=29.63
2026-05-12 10:40:52,376 - INFO - FLUKA OK: abl_dql_ep9_step15.inp (37.7s)
2026-05-12 10:40:52,385 - INFO - ustsuw OK â†?/home/marina/caseI/20run_caseI/final_run_confirm_time/abl_dql_ep9_step15_out_tab.lis (5 cycles, unit 24)
2026-05-12 10:40:52,385 - INFO - Ep9 Step15: HCNO: N=38.4%  H=9.9%  C=23.6%  O=28.1%
2026-05-12 10:40:52,385 - INFO - Ep9 Step15: Reward=28.03
2026-05-12 10:40:52,386 - INFO - Ep 9 Step 15: Action=1 (DecL2), Layers=[3.0, 7.0, 2.0, 2.5, 4.0, 3.0], Gap=8.5, Reward=28.03
2026-05-12 10:41:40,152 - INFO - FLUKA OK: abl_dql_ep9_step16.inp (38.7s)
2026-05-12 10:41:40,160 - INFO - ustsuw OK â†?/home/marina/caseI/20run_caseI/final_run_confirm_time/abl_dql_ep9_step16_out_tab.lis (5 cycles, unit 24)
2026-05-12 10:41:40,161 - INFO - Ep9 Step16: HCNO: N=41.4%  H=10.6%  C=17.4%  O=30.6%
2026-05-12 10:41:40,161 - INFO - Ep9 Step16: Reward=32.74
2026-05-12 10:41:40,161 - INFO - Ep 9 Step 16: Action=11 (IncL6), Layers=[3.0, 7.0, 2.0, 2.5, 4.0, 3.5], Gap=8.5, Reward=32.74
2026-05-12 10:42:25,342 - INFO - FLUKA OK: abl_dql_ep9_step17.inp (36.5s)
2026-05-12 10:42:25,351 - INFO - ustsuw OK â†?/home/marina/caseI/20run_caseI/final_run_confirm_time/abl_dql_ep9_step17_out_tab.lis (5 cycles, unit 24)
2026-05-12 10:42:25,352 - INFO - Ep9 Step17: HCNO: N=35.8%  H=8.4%  C=24.5%  O=31.3%
2026-05-12 10:42:25,352 - INFO - Ep9 Step17: Reward=29.24
2026-05-12 10:42:25,352 - INFO - Ep 9 Step 17: Action=4 (DecL5), Layers=[3.0, 7.0, 2.0, 2.5, 3.5, 3.5], Gap=8.5, Reward=29.24
2026-05-12 10:43:08,630 - INFO - FLUKA OK: abl_dql_ep9_step18.inp (35.4s)
2026-05-12 10:43:08,638 - INFO - ustsuw OK â†?/home/marina/caseI/20run_caseI/final_run_confirm_time/abl_dql_ep9_step18_out_tab.lis (5 cycles, unit 24)
2026-05-12 10:43:08,638 - INFO - Ep9 Step18: HCNO: N=31.6%  H=14.7%  C=19.8%  O=33.9%
2026-05-12 10:43:08,638 - INFO - Ep9 Step18: Reward=24.12
2026-05-12 10:43:08,638 - INFO - Ep 9 Step 18: Action=7 (IncL2), Layers=[3.0, 7.5, 2.0, 2.5, 3.5, 3.5], Gap=8.5, Reward=24.12
2026-05-12 10:43:56,029 - INFO - FLUKA OK: abl_dql_ep9_step19.inp (38.5s)
2026-05-12 10:43:56,036 - INFO - ustsuw OK â†?/home/marina/caseI/20run_caseI/final_run_confirm_time/abl_dql_ep9_step19_out_tab.lis (5 cycles, unit 24)
2026-05-12 10:43:56,037 - INFO - Ep9 Step19: HCNO: N=29.4%  H=14.0%  C=23.9%  O=32.7%
2026-05-12 10:43:56,037 - INFO - Ep9 Step19: Reward=26.22
2026-05-12 10:43:56,037 - INFO - Ep 9 Step 19: Action=9 (IncL4), Layers=[3.0, 7.5, 2.0, 3.0, 3.5, 3.5], Gap=8.5, Reward=26.22
2026-05-12 10:44:41,964 - INFO - FLUKA OK: abl_dql_ep9_step20.inp (37.1s)
2026-05-12 10:44:41,970 - WARNING - prefix 'abl_dql_ep9_step20' unit 24: expected 5 cycle files, found 10: ['abl_dql_ep9_step20001_fort.24', 'abl_dql_ep9_step20002_fort.24', 'abl_dql_ep9_step20003_fort.24', 'abl_dql_ep9_step20004_fort.24', 'abl_dql_ep9_step20005_fort.24', 'abl_dql_ep9_step2001_fort.24', 'abl_dql_ep9_step2002_fort.24', 'abl_dql_ep9_step2003_fort.24', 'abl_dql_ep9_step2004_fort.24', 'abl_dql_ep9_step2005_fort.24']
2026-05-12 10:44:41,972 - INFO - ustsuw OK â†?/home/marina/caseI/20run_caseI/final_run_confirm_time/abl_dql_ep9_step20_out_tab.lis (10 cycles, unit 24)
2026-05-12 10:44:41,972 - INFO - Ep9 Step20: HCNO: N=41.3%  H=10.5%  C=25.5%  O=22.7%
2026-05-12 10:44:41,972 - INFO - Ep9 Step20: Reward=30.64
2026-05-12 10:44:41,972 - INFO - Ep 9 Step 20: Action=7 (IncL2), Layers=[3.0, 8.0, 2.0, 3.0, 3.5, 3.5], Gap=8.5, Reward=30.64
2026-05-12 10:44:51,423 - INFO - Episode 9: Return=534.05, Best=36.79, Loss=103.0200
2026-05-12 10:45:27,565 - INFO - FLUKA OK: abl_dql_ep10_step1.inp (36.1s)
2026-05-12 10:45:27,572 - INFO - ustsuw OK â†?/home/marina/caseI/20run_caseI/final_run_confirm_time/abl_dql_ep10_step1_out_tab.lis (5 cycles, unit 24)
2026-05-12 10:45:27,573 - INFO - Ep10 Step1: HCNO: N=32.1%  H=10.4%  C=32.3%  O=25.2%
2026-05-12 10:45:27,573 - INFO - Ep10 Step1: Reward=26.99
2026-05-12 10:45:27,573 - INFO - Ep 10 Step 1: Action=6 (IncL1), Layers=[6.0, 5.0, 3.0, 2.5, 7.5, 4.5], Gap=9.5, Reward=26.99
2026-05-12 10:46:11,276 - INFO - FLUKA OK: abl_dql_ep10_step2.inp (34.9s)
2026-05-12 10:46:11,283 - INFO - ustsuw OK â†?/home/marina/caseI/20run_caseI/final_run_confirm_time/abl_dql_ep10_step2_out_tab.lis (5 cycles, unit 24)
2026-05-12 10:46:11,284 - INFO - Ep10 Step2: HCNO: N=29.5%  H=6.5%  C=26.2%  O=37.8%
2026-05-12 10:46:11,284 - INFO - Ep10 Step2: Reward=21.98
2026-05-12 10:46:11,284 - INFO - Ep 10 Step 2: Action=6 (IncL1), Layers=[6.5, 5.0, 3.0, 2.5, 7.5, 4.5], Gap=9.5, Reward=21.98
2026-05-12 10:46:53,932 - INFO - FLUKA OK: abl_dql_ep10_step3.inp (35.2s)
2026-05-12 10:46:53,943 - INFO - ustsuw OK â†?/home/marina/caseI/20run_caseI/final_run_confirm_time/abl_dql_ep10_step3_out_tab.lis (5 cycles, unit 24)
2026-05-12 10:46:53,944 - INFO - Ep10 Step3: HCNO: N=40.6%  H=7.4%  C=25.2%  O=26.8%
2026-05-12 10:46:53,944 - INFO - Ep10 Step3: Reward=21.68
2026-05-12 10:46:53,944 - INFO - Ep 10 Step 3: Action=6 (IncL1), Layers=[7.0, 5.0, 3.0, 2.5, 7.5, 4.5], Gap=9.5, Reward=21.68
2026-05-12 10:47:38,114 - INFO - FLUKA OK: abl_dql_ep10_step4.inp (35.3s)
2026-05-12 10:47:38,125 - INFO - ustsuw OK â†?/home/marina/caseI/20run_caseI/final_run_confirm_time/abl_dql_ep10_step4_out_tab.lis (5 cycles, unit 24)
2026-05-12 10:47:38,126 - INFO - Ep10 Step4: HCNO: N=42.1%  H=8.3%  C=24.6%  O=25.0%
2026-05-12 10:47:38,126 - INFO - Ep10 Step4: Reward=22.04
2026-05-12 10:47:38,126 - INFO - Ep 10 Step 4: Action=13 (IncGap), Layers=[7.0, 5.0, 3.0, 2.5, 7.5, 4.5], Gap=10.0, Reward=22.04
2026-05-12 10:48:25,623 - INFO - FLUKA OK: abl_dql_ep10_step5.inp (38.1s)
2026-05-12 10:48:25,631 - INFO - ustsuw OK â†?/home/marina/caseI/20run_caseI/final_run_confirm_time/abl_dql_ep10_step5_out_tab.lis (5 cycles, unit 24)
2026-05-12 10:48:25,632 - INFO - Ep10 Step5: HCNO: N=41.2%  H=6.4%  C=27.0%  O=25.4%
2026-05-12 10:48:25,632 - INFO - Ep10 Step5: Reward=22.03
2026-05-12 10:48:25,632 - INFO - Ep 10 Step 5: Action=11 (IncL6), Layers=[7.0, 5.0, 3.0, 2.5, 7.5, 5.0], Gap=10.0, Reward=22.03
2026-05-12 10:49:12,097 - INFO - FLUKA OK: abl_dql_ep10_step6.inp (36.4s)
2026-05-12 10:49:12,104 - INFO - ustsuw OK â†?/home/marina/caseI/20run_caseI/final_run_confirm_time/abl_dql_ep10_step6_out_tab.lis (5 cycles, unit 24)
2026-05-12 10:49:12,105 - INFO - Ep10 Step6: HCNO: N=42.6%  H=6.7%  C=18.8%  O=32.0%
2026-05-12 10:49:12,105 - INFO - Ep10 Step6: Reward=16.20
2026-05-12 10:49:12,105 - INFO - Ep 10 Step 6: Action=10 (IncL5), Layers=[7.0, 5.0, 3.0, 2.5, 8.0, 5.0], Gap=10.0, Reward=16.20
2026-05-12 10:49:55,313 - INFO - FLUKA OK: abl_dql_ep10_step7.inp (34.4s)
2026-05-12 10:49:55,321 - INFO - ustsuw OK â†?/home/marina/caseI/20run_caseI/final_run_confirm_time/abl_dql_ep10_step7_out_tab.lis (5 cycles, unit 24)
2026-05-12 10:49:55,322 - INFO - Ep10 Step7: HCNO: N=32.6%  H=9.8%  C=22.7%  O=34.9%
2026-05-12 10:49:55,322 - INFO - Ep10 Step7: Reward=16.04
2026-05-12 10:49:55,322 - INFO - Ep 10 Step 7: Action=0 (DecL1), Layers=[6.5, 5.0, 3.0, 2.5, 8.0, 5.0], Gap=10.0, Reward=16.04
2026-05-12 10:50:40,447 - INFO - FLUKA OK: abl_dql_ep10_step8.inp (36.4s)
2026-05-12 10:50:40,454 - INFO - ustsuw OK â†?/home/marina/caseI/20run_caseI/final_run_confirm_time/abl_dql_ep10_step8_out_tab.lis (5 cycles, unit 24)
2026-05-12 10:50:40,455 - INFO - Ep10 Step8: HCNO: N=42.6%  H=6.7%  C=18.8%  O=32.0%
2026-05-12 10:50:40,455 - INFO - Ep10 Step8: Reward=16.20
2026-05-12 10:50:40,455 - INFO - Ep 10 Step 8: Action=6 (IncL1), Layers=[7.0, 5.0, 3.0, 2.5, 8.0, 5.0], Gap=10.0, Reward=16.20
2026-05-12 10:51:24,247 - INFO - FLUKA OK: abl_dql_ep10_step9.inp (35.2s)
2026-05-12 10:51:24,254 - INFO - ustsuw OK â†?/home/marina/caseI/20run_caseI/final_run_confirm_time/abl_dql_ep10_step9_out_tab.lis (5 cycles, unit 24)
2026-05-12 10:51:24,254 - INFO - Ep10 Step9: HCNO: N=33.8%  H=13.1%  C=24.7%  O=28.3%
2026-05-12 10:51:24,254 - INFO - Ep10 Step9: Reward=27.69
2026-05-12 10:51:24,255 - INFO - Ep 10 Step 9: Action=8 (IncL3), Layers=[7.0, 5.0, 3.5, 2.5, 8.0, 5.0], Gap=10.0, Reward=27.69
2026-05-12 10:52:05,905 - INFO - FLUKA OK: abl_dql_ep10_step10.inp (33.9s)
2026-05-12 10:52:05,910 - WARNING - prefix 'abl_dql_ep10_step10' unit 24: expected 5 cycle files, found 10: ['abl_dql_ep10_step10001_fort.24', 'abl_dql_ep10_step10002_fort.24', 'abl_dql_ep10_step10003_fort.24', 'abl_dql_ep10_step10004_fort.24', 'abl_dql_ep10_step10005_fort.24', 'abl_dql_ep10_step1001_fort.24', 'abl_dql_ep10_step1002_fort.24', 'abl_dql_ep10_step1003_fort.24', 'abl_dql_ep10_step1004_fort.24', 'abl_dql_ep10_step1005_fort.24']
2026-05-12 10:52:05,913 - INFO - ustsuw OK â†?/home/marina/caseI/20run_caseI/final_run_confirm_time/abl_dql_ep10_step10_out_tab.lis (10 cycles, unit 24)
2026-05-12 10:52:05,913 - INFO - Ep10 Step10: HCNO: N=31.0%  H=10.5%  C=29.1%  O=29.3%
2026-05-12 10:52:05,913 - INFO - Ep10 Step10: Reward=27.93
2026-05-12 10:52:05,913 - INFO - Ep 10 Step 10: Action=7 (IncL2), Layers=[7.0, 5.5, 3.5, 2.5, 8.0, 5.0], Gap=10.0, Reward=27.93
2026-05-12 10:52:48,671 - INFO - FLUKA OK: abl_dql_ep10_step11.inp (34.8s)
2026-05-12 10:52:48,678 - INFO - ustsuw OK â†?/home/marina/caseI/20run_caseI/final_run_confirm_time/abl_dql_ep10_step11_out_tab.lis (5 cycles, unit 24)
2026-05-12 10:52:48,678 - INFO - Ep10 Step11: HCNO: N=31.0%  H=10.0%  C=28.2%  O=30.9%
2026-05-12 10:52:48,678 - INFO - Ep10 Step11: Reward=13.94
2026-05-12 10:52:48,678 - INFO - Ep 10 Step 11: Action=4 (DecL5), Layers=[7.0, 5.5, 3.5, 2.5, 7.5, 5.0], Gap=10.0, Reward=13.94
2026-05-12 10:53:30,749 - INFO - FLUKA OK: abl_dql_ep10_step12.inp (33.7s)
2026-05-12 10:53:30,756 - INFO - ustsuw OK â†?/home/marina/caseI/20run_caseI/final_run_confirm_time/abl_dql_ep10_step12_out_tab.lis (5 cycles, unit 24)
2026-05-12 10:53:30,756 - INFO - Ep10 Step12: HCNO: N=35.8%  H=10.2%  C=20.2%  O=33.7%
2026-05-12 10:53:30,756 - INFO - Ep10 Step12: Reward=8.82
2026-05-12 10:53:30,756 - INFO - Ep 10 Step 12: Action=9 (IncL4), Layers=[7.0, 5.5, 3.5, 3.0, 7.5, 5.0], Gap=10.0, Reward=8.82
2026-05-12 10:54:13,048 - INFO - FLUKA OK: abl_dql_ep10_step13.inp (34.4s)
2026-05-12 10:54:13,056 - INFO - ustsuw OK â†?/home/marina/caseI/20run_caseI/final_run_confirm_time/abl_dql_ep10_step13_out_tab.lis (5 cycles, unit 24)
2026-05-12 10:54:13,056 - INFO - Ep10 Step13: HCNO: N=38.9%  H=9.2%  C=22.0%  O=29.9%
2026-05-12 10:54:13,056 - INFO - Ep10 Step13: Reward=15.94
2026-05-12 10:54:13,056 - INFO - Ep 10 Step 13: Action=5 (DecL6), Layers=[7.0, 5.5, 3.5, 3.0, 7.5, 4.5], Gap=10.0, Reward=15.94
2026-05-12 10:54:53,944 - INFO - FLUKA OK: abl_dql_ep10_step14.inp (33.2s)
2026-05-12 10:54:53,951 - INFO - ustsuw OK â†?/home/marina/caseI/20run_caseI/final_run_confirm_time/abl_dql_ep10_step14_out_tab.lis (5 cycles, unit 24)
2026-05-12 10:54:53,952 - INFO - Ep10 Step14: HCNO: N=28.8%  H=6.8%  C=27.1%  O=37.3%
2026-05-12 10:54:53,952 - INFO - Ep10 Step14: Reward=12.78
2026-05-12 10:54:53,952 - INFO - Ep 10 Step 14: Action=2 (DecL3), Layers=[7.0, 5.5, 3.0, 3.0, 7.5, 4.5], Gap=10.0, Reward=12.78
2026-05-12 10:55:36,465 - INFO - FLUKA OK: abl_dql_ep10_step15.inp (35.0s)
2026-05-12 10:55:36,473 - INFO - ustsuw OK â†?/home/marina/caseI/20run_caseI/final_run_confirm_time/abl_dql_ep10_step15_out_tab.lis (5 cycles, unit 24)
2026-05-12 10:55:36,474 - INFO - Ep10 Step15: HCNO: N=28.8%  H=6.8%  C=27.1%  O=37.3%
2026-05-12 10:55:36,474 - INFO - Ep10 Step15: Reward=12.78
2026-05-12 10:55:36,474 - INFO - Ep 10 Step 15: Action=13 (IncGap), Layers=[7.0, 5.5, 3.0, 3.0, 7.5, 4.5], Gap=10.0, Reward=12.78
2026-05-12 10:56:20,221 - INFO - FLUKA OK: abl_dql_ep10_step16.inp (35.8s)
2026-05-12 10:56:20,231 - INFO - ustsuw OK â†?/home/marina/caseI/20run_caseI/final_run_confirm_time/abl_dql_ep10_step16_out_tab.lis (5 cycles, unit 24)
2026-05-12 10:56:20,232 - INFO - Ep10 Step16: HCNO: N=28.8%  H=6.8%  C=27.1%  O=37.3%
2026-05-12 10:56:20,233 - INFO - Ep10 Step16: Reward=12.78
2026-05-12 10:56:20,233 - INFO - Ep 10 Step 16: Action=13 (IncGap), Layers=[7.0, 5.5, 3.0, 3.0, 7.5, 4.5], Gap=10.0, Reward=12.78
2026-05-12 10:57:07,117 - INFO - FLUKA OK: abl_dql_ep10_step17.inp (37.0s)
2026-05-12 10:57:07,126 - INFO - ustsuw OK â†?/home/marina/caseI/20run_caseI/final_run_confirm_time/abl_dql_ep10_step17_out_tab.lis (5 cycles, unit 24)
2026-05-12 10:57:07,127 - INFO - Ep10 Step17: HCNO: N=28.8%  H=6.8%  C=27.1%  O=37.3%
2026-05-12 10:57:07,127 - INFO - Ep10 Step17: Reward=12.78
2026-05-12 10:57:07,127 - INFO - Ep 10 Step 17: Action=13 (IncGap), Layers=[7.0, 5.5, 3.0, 3.0, 7.5, 4.5], Gap=10.0, Reward=12.78
2026-05-12 10:57:47,352 - INFO - FLUKA OK: abl_dql_ep10_step18.inp (32.7s)
2026-05-12 10:57:47,360 - INFO - ustsuw OK â†?/home/marina/caseI/20run_caseI/final_run_confirm_time/abl_dql_ep10_step18_out_tab.lis (5 cycles, unit 24)
2026-05-12 10:57:47,361 - INFO - Ep10 Step18: HCNO: N=28.8%  H=6.8%  C=27.1%  O=37.3%
2026-05-12 10:57:47,361 - INFO - Ep10 Step18: Reward=12.78
2026-05-12 10:57:47,361 - INFO - Ep 10 Step 18: Action=13 (IncGap), Layers=[7.0, 5.5, 3.0, 3.0, 7.5, 4.5], Gap=10.0, Reward=12.78
2026-05-12 10:58:28,193 - INFO - FLUKA OK: abl_dql_ep10_step19.inp (33.4s)
2026-05-12 10:58:28,200 - INFO - ustsuw OK â†?/home/marina/caseI/20run_caseI/final_run_confirm_time/abl_dql_ep10_step19_out_tab.lis (5 cycles, unit 24)
2026-05-12 10:58:28,201 - INFO - Ep10 Step19: HCNO: N=23.5%  H=6.6%  C=33.2%  O=36.6%
2026-05-12 10:58:28,201 - INFO - Ep10 Step19: Reward=10.24
2026-05-12 10:58:28,201 - INFO - Ep 10 Step 19: Action=12 (DecGap), Layers=[7.0, 5.5, 3.0, 3.0, 7.5, 4.5], Gap=9.5, Reward=10.24
2026-05-12 10:59:09,074 - INFO - FLUKA OK: abl_dql_ep10_step20.inp (33.0s)
2026-05-12 10:59:09,081 - WARNING - prefix 'abl_dql_ep10_step20' unit 24: expected 5 cycle files, found 10: ['abl_dql_ep10_step20001_fort.24', 'abl_dql_ep10_step20002_fort.24', 'abl_dql_ep10_step20003_fort.24', 'abl_dql_ep10_step20004_fort.24', 'abl_dql_ep10_step20005_fort.24', 'abl_dql_ep10_step2001_fort.24', 'abl_dql_ep10_step2002_fort.24', 'abl_dql_ep10_step2003_fort.24', 'abl_dql_ep10_step2004_fort.24', 'abl_dql_ep10_step2005_fort.24']
2026-05-12 10:59:09,083 - INFO - ustsuw OK â†?/home/marina/caseI/20run_caseI/final_run_confirm_time/abl_dql_ep10_step20_out_tab.lis (10 cycles, unit 24)
2026-05-12 10:59:09,084 - INFO - Ep10 Step20: HCNO: N=31.1%  H=5.9%  C=26.7%  O=36.3%
2026-05-12 10:59:09,084 - INFO - Ep10 Step20: Reward=25.92
2026-05-12 10:59:09,084 - INFO - Ep 10 Step 20: Action=10 (IncL5), Layers=[7.0, 5.5, 3.0, 3.0, 8.0, 4.5], Gap=9.5, Reward=25.92
2026-05-12 10:59:17,555 - INFO - Target network updated at episode 10
2026-05-12 10:59:17,556 - INFO - Episode 10: Return=357.57, Best=36.79, Loss=101.8120
2026-05-12 10:59:53,254 - INFO - FLUKA OK: abl_dql_ep11_step1.inp (35.7s)
2026-05-12 10:59:53,261 - INFO - ustsuw OK â†?/home/marina/caseI/20run_caseI/final_run_confirm_time/abl_dql_ep11_step1_out_tab.lis (5 cycles, unit 24)
2026-05-12 10:59:53,261 - INFO - Ep11 Step1: HCNO: N=36.3%  H=8.3%  C=25.3%  O=30.1%
2026-05-12 10:59:53,262 - INFO - Ep11 Step1: Reward=25.95
2026-05-12 10:59:53,262 - INFO - Ep 11 Step 1: Action=11 (IncL6), Layers=[4.5, 7.5, 2.0, 6.0, 6.0, 2.5], Gap=8.5, Reward=25.95
2026-05-12 11:00:35,799 - INFO - FLUKA OK: abl_dql_ep11_step2.inp (34.5s)
2026-05-12 11:00:35,807 - INFO - ustsuw OK â†?/home/marina/caseI/20run_caseI/final_run_confirm_time/abl_dql_ep11_step2_out_tab.lis (5 cycles, unit 24)
2026-05-12 11:00:35,808 - INFO - Ep11 Step2: HCNO: N=20.5%  H=9.2%  C=31.6%  O=38.6%
2026-05-12 11:00:35,808 - INFO - Ep11 Step2: Reward=19.58
2026-05-12 11:00:35,808 - INFO - Ep 11 Step 2: Action=5 (DecL6), Layers=[4.5, 7.5, 2.0, 6.0, 6.0, 2.0], Gap=8.5, Reward=19.58
2026-05-12 11:01:20,055 - INFO - FLUKA OK: abl_dql_ep11_step3.inp (35.6s)
2026-05-12 11:01:20,062 - INFO - ustsuw OK â†?/home/marina/caseI/20run_caseI/final_run_confirm_time/abl_dql_ep11_step3_out_tab.lis (5 cycles, unit 24)
2026-05-12 11:01:20,063 - INFO - Ep11 Step3: HCNO: N=36.3%  H=8.3%  C=25.3%  O=30.1%
2026-05-12 11:01:20,063 - INFO - Ep11 Step3: Reward=25.95
2026-05-12 11:01:20,063 - INFO - Ep 11 Step 3: Action=11 (IncL6), Layers=[4.5, 7.5, 2.0, 6.0, 6.0, 2.5], Gap=8.5, Reward=25.95
2026-05-12 11:02:06,750 - INFO - FLUKA OK: abl_dql_ep11_step4.inp (38.1s)
2026-05-12 11:02:06,760 - INFO - ustsuw OK â†?/home/marina/caseI/20run_caseI/final_run_confirm_time/abl_dql_ep11_step4_out_tab.lis (5 cycles, unit 24)
2026-05-12 11:02:06,761 - INFO - Ep11 Step4: HCNO: N=30.6%  H=8.5%  C=26.6%  O=34.3%
2026-05-12 11:02:06,761 - INFO - Ep11 Step4: Reward=26.50
2026-05-12 11:02:06,761 - INFO - Ep 11 Step 4: Action=12 (DecGap), Layers=[4.5, 7.5, 2.0, 6.0, 6.0, 2.5], Gap=8.0, Reward=26.50
2026-05-12 11:02:50,138 - INFO - FLUKA OK: abl_dql_ep11_step5.inp (35.5s)
2026-05-12 11:02:50,150 - INFO - ustsuw OK â†?/home/marina/caseI/20run_caseI/final_run_confirm_time/abl_dql_ep11_step5_out_tab.lis (5 cycles, unit 24)
2026-05-12 11:02:50,151 - INFO - Ep11 Step5: HCNO: N=36.0%  H=9.7%  C=29.2%  O=25.1%
2026-05-12 11:02:50,152 - INFO - Ep11 Step5: Reward=18.51
2026-05-12 11:02:50,152 - INFO - Ep 11 Step 5: Action=10 (IncL5), Layers=[4.5, 7.5, 2.0, 6.0, 6.5, 2.5], Gap=8.0, Reward=18.51
2026-05-12 11:03:36,077 - INFO - FLUKA OK: abl_dql_ep11_step6.inp (36.0s)
2026-05-12 11:03:36,085 - INFO - ustsuw OK â†?/home/marina/caseI/20run_caseI/final_run_confirm_time/abl_dql_ep11_step6_out_tab.lis (5 cycles, unit 24)
2026-05-12 11:03:36,086 - INFO - Ep11 Step6: HCNO: N=33.7%  H=17.3%  C=17.5%  O=31.5%
2026-05-12 11:03:36,086 - INFO - Ep11 Step6: Reward=25.67
2026-05-12 11:03:36,086 - INFO - Ep 11 Step 6: Action=7 (IncL2), Layers=[4.5, 8.0, 2.0, 6.0, 6.5, 2.5], Gap=8.0, Reward=25.67
2026-05-12 11:04:18,550 - INFO - FLUKA OK: abl_dql_ep11_step7.inp (34.0s)
2026-05-12 11:04:18,558 - INFO - ustsuw OK â†?/home/marina/caseI/20run_caseI/final_run_confirm_time/abl_dql_ep11_step7_out_tab.lis (5 cycles, unit 24)
2026-05-12 11:04:18,559 - INFO - Ep11 Step7: HCNO: N=33.7%  H=17.3%  C=17.5%  O=31.5%
2026-05-12 11:04:18,559 - INFO - Ep11 Step7: Reward=25.67
2026-05-12 11:04:18,559 - INFO - Ep 11 Step 7: Action=2 (DecL3), Layers=[4.5, 8.0, 2.0, 6.0, 6.5, 2.5], Gap=8.0, Reward=25.67
2026-05-12 11:05:00,564 - INFO - FLUKA OK: abl_dql_ep11_step8.inp (34.6s)
2026-05-12 11:05:00,573 - INFO - ustsuw OK â†?/home/marina/caseI/20run_caseI/final_run_confirm_time/abl_dql_ep11_step8_out_tab.lis (5 cycles, unit 24)
2026-05-12 11:05:00,574 - INFO - Ep11 Step8: HCNO: N=38.9%  H=18.6%  C=11.5%  O=31.1%
2026-05-12 11:05:00,574 - INFO - Ep11 Step8: Reward=20.72
2026-05-12 11:05:00,574 - INFO - Ep 11 Step 8: Action=0 (DecL1), Layers=[4.0, 8.0, 2.0, 6.0, 6.5, 2.5], Gap=8.0, Reward=20.72
2026-05-12 11:05:43,083 - INFO - FLUKA OK: abl_dql_ep11_step9.inp (34.5s)
2026-05-12 11:05:43,090 - INFO - ustsuw OK â†?/home/marina/caseI/20run_caseI/final_run_confirm_time/abl_dql_ep11_step9_out_tab.lis (5 cycles, unit 24)
2026-05-12 11:05:43,091 - INFO - Ep11 Step9: HCNO: N=44.5%  H=13.3%  C=21.5%  O=20.7%
2026-05-12 11:05:43,091 - INFO - Ep11 Step9: Reward=22.35
2026-05-12 11:05:43,091 - INFO - Ep 11 Step 9: Action=0 (DecL1), Layers=[3.5, 8.0, 2.0, 6.0, 6.5, 2.5], Gap=8.0, Reward=22.35
2026-05-12 11:06:25,661 - INFO - FLUKA OK: abl_dql_ep11_step10.inp (35.3s)
2026-05-12 11:06:25,669 - WARNING - prefix 'abl_dql_ep11_step10' unit 24: expected 5 cycle files, found 10: ['abl_dql_ep11_step10001_fort.24', 'abl_dql_ep11_step10002_fort.24', 'abl_dql_ep11_step10003_fort.24', 'abl_dql_ep11_step10004_fort.24', 'abl_dql_ep11_step10005_fort.24', 'abl_dql_ep11_step1001_fort.24', 'abl_dql_ep11_step1002_fort.24', 'abl_dql_ep11_step1003_fort.24', 'abl_dql_ep11_step1004_fort.24', 'abl_dql_ep11_step1005_fort.24']
2026-05-12 11:06:25,672 - INFO - ustsuw OK â†?/home/marina/caseI/20run_caseI/final_run_confirm_time/abl_dql_ep11_step10_out_tab.lis (10 cycles, unit 24)
2026-05-12 11:06:25,672 - INFO - Ep11 Step10: HCNO: N=39.2%  H=8.5%  C=22.7%  O=29.6%
2026-05-12 11:06:25,672 - INFO - Ep11 Step10: Reward=25.74
2026-05-12 11:06:25,672 - INFO - Ep 11 Step 10: Action=1 (DecL2), Layers=[3.5, 7.5, 2.0, 6.0, 6.5, 2.5], Gap=8.0, Reward=25.74
2026-05-12 11:07:08,398 - INFO - FLUKA OK: abl_dql_ep11_step11.inp (34.8s)
2026-05-12 11:07:08,406 - INFO - ustsuw OK â†?/home/marina/caseI/20run_caseI/final_run_confirm_time/abl_dql_ep11_step11_out_tab.lis (5 cycles, unit 24)
2026-05-12 11:07:08,407 - INFO - Ep11 Step11: HCNO: N=44.5%  H=13.3%  C=21.5%  O=20.7%
2026-05-12 11:07:08,407 - INFO - Ep11 Step11: Reward=22.35
2026-05-12 11:07:08,407 - INFO - Ep 11 Step 11: Action=7 (IncL2), Layers=[3.5, 8.0, 2.0, 6.0, 6.5, 2.5], Gap=8.0, Reward=22.35
2026-05-12 11:07:55,224 - INFO - FLUKA OK: abl_dql_ep11_step12.inp (39.5s)
2026-05-12 11:07:55,233 - INFO - ustsuw OK â†?/home/marina/caseI/20run_caseI/final_run_confirm_time/abl_dql_ep11_step12_out_tab.lis (5 cycles, unit 24)
2026-05-12 11:07:55,233 - INFO - Ep11 Step12: HCNO: N=34.5%  H=10.8%  C=20.3%  O=34.4%
2026-05-12 11:07:55,234 - INFO - Ep11 Step12: Reward=17.16
2026-05-12 11:07:55,234 - INFO - Ep 11 Step 12: Action=3 (DecL4), Layers=[3.5, 8.0, 2.0, 5.5, 6.5, 2.5], Gap=8.0, Reward=17.16
2026-05-12 11:08:41,282 - INFO - FLUKA OK: abl_dql_ep11_step13.inp (36.8s)
2026-05-12 11:08:41,290 - INFO - ustsuw OK â†?/home/marina/caseI/20run_caseI/final_run_confirm_time/abl_dql_ep11_step13_out_tab.lis (5 cycles, unit 24)
2026-05-12 11:08:41,290 - INFO - Ep11 Step13: HCNO: N=35.4%  H=11.3%  C=22.3%  O=31.1%
2026-05-12 11:08:41,290 - INFO - Ep11 Step13: Reward=25.34
2026-05-12 11:08:41,290 - INFO - Ep 11 Step 13: Action=0 (DecL1), Layers=[3.0, 8.0, 2.0, 5.5, 6.5, 2.5], Gap=8.0, Reward=25.34
2026-05-12 11:09:24,803 - INFO - FLUKA OK: abl_dql_ep11_step14.inp (36.1s)
2026-05-12 11:09:24,810 - INFO - ustsuw OK â†?/home/marina/caseI/20run_caseI/final_run_confirm_time/abl_dql_ep11_step14_out_tab.lis (5 cycles, unit 24)
2026-05-12 11:09:24,811 - INFO - Ep11 Step14: HCNO: N=50.2%  H=10.2%  C=15.8%  O=23.7%
2026-05-12 11:09:24,811 - INFO - Ep11 Step14: Reward=19.22
2026-05-12 11:09:24,811 - INFO - Ep 11 Step 14: Action=8 (IncL3), Layers=[3.0, 8.0, 2.5, 5.5, 6.5, 2.5], Gap=8.0, Reward=19.22
2026-05-12 11:10:10,176 - INFO - FLUKA OK: abl_dql_ep11_step15.inp (35.4s)
2026-05-12 11:10:10,187 - INFO - ustsuw OK â†?/home/marina/caseI/20run_caseI/final_run_confirm_time/abl_dql_ep11_step15_out_tab.lis (5 cycles, unit 24)
2026-05-12 11:10:10,187 - INFO - Ep11 Step15: HCNO: N=49.1%  H=9.9%  C=16.4%  O=24.6%
2026-05-12 11:10:10,188 - INFO - Ep11 Step15: Reward=18.97
2026-05-12 11:10:10,188 - INFO - Ep 11 Step 15: Action=13 (IncGap), Layers=[3.0, 8.0, 2.5, 5.5, 6.5, 2.5], Gap=8.5, Reward=18.97
2026-05-12 11:10:55,260 - INFO - FLUKA OK: abl_dql_ep11_step16.inp (36.4s)
2026-05-12 11:10:55,272 - INFO - ustsuw OK â†?/home/marina/caseI/20run_caseI/final_run_confirm_time/abl_dql_ep11_step16_out_tab.lis (5 cycles, unit 24)
2026-05-12 11:10:55,273 - INFO - Ep11 Step16: HCNO: N=35.9%  H=13.8%  C=24.8%  O=25.6%
2026-05-12 11:10:55,273 - INFO - Ep11 Step16: Reward=18.86
2026-05-12 11:10:55,273 - INFO - Ep 11 Step 16: Action=11 (IncL6), Layers=[3.0, 8.0, 2.5, 5.5, 6.5, 3.0], Gap=8.5, Reward=18.86
2026-05-12 11:11:39,555 - INFO - FLUKA OK: abl_dql_ep11_step17.inp (35.8s)
2026-05-12 11:11:39,564 - INFO - ustsuw OK â†?/home/marina/caseI/20run_caseI/final_run_confirm_time/abl_dql_ep11_step17_out_tab.lis (5 cycles, unit 24)
2026-05-12 11:11:39,565 - INFO - Ep11 Step17: HCNO: N=36.8%  H=14.1%  C=23.0%  O=26.1%
2026-05-12 11:11:39,565 - INFO - Ep11 Step17: Reward=21.13
2026-05-12 11:11:39,565 - INFO - Ep 11 Step 17: Action=11 (IncL6), Layers=[3.0, 8.0, 2.5, 5.5, 6.5, 3.5], Gap=8.5, Reward=21.13
2026-05-12 11:12:22,027 - INFO - FLUKA OK: abl_dql_ep11_step18.inp (34.8s)
2026-05-12 11:12:22,036 - INFO - ustsuw OK â†?/home/marina/caseI/20run_caseI/final_run_confirm_time/abl_dql_ep11_step18_out_tab.lis (5 cycles, unit 24)
2026-05-12 11:12:22,037 - INFO - Ep11 Step18: HCNO: N=32.1%  H=14.4%  C=25.6%  O=27.9%
2026-05-12 11:12:22,037 - INFO - Ep11 Step18: Reward=19.34
2026-05-12 11:12:22,037 - INFO - Ep 11 Step 18: Action=10 (IncL5), Layers=[3.0, 8.0, 2.5, 5.5, 7.0, 3.5], Gap=8.5, Reward=19.34
2026-05-12 11:13:05,313 - INFO - FLUKA OK: abl_dql_ep11_step19.inp (34.2s)
2026-05-12 11:13:05,322 - INFO - ustsuw OK â†?/home/marina/caseI/20run_caseI/final_run_confirm_time/abl_dql_ep11_step19_out_tab.lis (5 cycles, unit 24)
2026-05-12 11:13:05,323 - INFO - Ep11 Step19: HCNO: N=33.6%  H=13.5%  C=26.0%  O=26.9%
2026-05-12 11:13:05,323 - INFO - Ep11 Step19: Reward=21.51
2026-05-12 11:13:05,323 - INFO - Ep 11 Step 19: Action=12 (DecGap), Layers=[3.0, 8.0, 2.5, 5.5, 7.0, 3.5], Gap=8.0, Reward=21.51
2026-05-12 11:13:47,934 - INFO - FLUKA OK: abl_dql_ep11_step20.inp (35.3s)
2026-05-12 11:13:47,941 - WARNING - prefix 'abl_dql_ep11_step20' unit 24: expected 5 cycle files, found 10: ['abl_dql_ep11_step20001_fort.24', 'abl_dql_ep11_step20002_fort.24', 'abl_dql_ep11_step20003_fort.24', 'abl_dql_ep11_step20004_fort.24', 'abl_dql_ep11_step20005_fort.24', 'abl_dql_ep11_step2001_fort.24', 'abl_dql_ep11_step2002_fort.24', 'abl_dql_ep11_step2003_fort.24', 'abl_dql_ep11_step2004_fort.24', 'abl_dql_ep11_step2005_fort.24']
2026-05-12 11:13:47,943 - INFO - ustsuw OK â†?/home/marina/caseI/20run_caseI/final_run_confirm_time/abl_dql_ep11_step20_out_tab.lis (10 cycles, unit 24)
2026-05-12 11:13:47,944 - INFO - Ep11 Step20: HCNO: N=29.4%  H=7.7%  C=27.8%  O=35.1%
2026-05-12 11:13:47,944 - INFO - Ep11 Step20: Reward=28.79
2026-05-12 11:13:47,944 - INFO - Ep 11 Step 20: Action=8 (IncL3), Layers=[3.0, 8.0, 3.0, 5.5, 7.0, 3.5], Gap=8.0, Reward=28.79
2026-05-12 11:13:55,461 - INFO - Episode 11: Return=449.32, Best=36.79, Loss=102.0545
2026-05-12 11:14:29,228 - INFO - FLUKA OK: abl_dql_ep12_step1.inp (33.8s)
2026-05-12 11:14:29,238 - INFO - ustsuw OK â†?/home/marina/caseI/20run_caseI/final_run_confirm_time/abl_dql_ep12_step1_out_tab.lis (5 cycles, unit 24)
2026-05-12 11:14:29,238 - INFO - Ep12 Step1: HCNO: N=33.9%  H=10.3%  C=40.4%  O=15.3%
2026-05-12 11:14:29,239 - INFO - Ep12 Step1: Reward=14.56
2026-05-12 11:14:29,239 - INFO - Ep 12 Step 1: Action=6 (IncL1), Layers=[8.0, 6.0, 4.5, 7.0, 4.0, 4.5], Gap=2.5, Reward=14.56
2026-05-12 11:15:11,655 - INFO - FLUKA OK: abl_dql_ep12_step2.inp (33.6s)
2026-05-12 11:15:11,663 - INFO - ustsuw OK â†?/home/marina/caseI/20run_caseI/final_run_confirm_time/abl_dql_ep12_step2_out_tab.lis (5 cycles, unit 24)
2026-05-12 11:15:11,664 - INFO - Ep12 Step2: HCNO: N=36.0%  H=5.7%  C=30.1%  O=28.2%
2026-05-12 11:15:11,664 - INFO - Ep12 Step2: Reward=20.91
2026-05-12 11:15:11,664 - INFO - Ep 12 Step 2: Action=1 (DecL2), Layers=[8.0, 5.5, 4.5, 7.0, 4.0, 4.5], Gap=2.5, Reward=20.91
2026-05-12 11:15:52,532 - INFO - FLUKA OK: abl_dql_ep12_step3.inp (33.1s)
2026-05-12 11:15:52,541 - INFO - ustsuw OK â†?/home/marina/caseI/20run_caseI/final_run_confirm_time/abl_dql_ep12_step3_out_tab.lis (5 cycles, unit 24)
2026-05-12 11:15:52,541 - INFO - Ep12 Step3: HCNO: N=39.3%  H=8.7%  C=29.5%  O=22.5%
2026-05-12 11:15:52,542 - INFO - Ep12 Step3: Reward=13.07
2026-05-12 11:15:52,542 - INFO - Ep 12 Step 3: Action=11 (IncL6), Layers=[8.0, 5.5, 4.5, 7.0, 4.0, 5.0], Gap=2.5, Reward=13.07
2026-05-12 11:16:33,418 - INFO - FLUKA OK: abl_dql_ep12_step4.inp (33.7s)
2026-05-12 11:16:33,425 - INFO - ustsuw OK â†?/home/marina/caseI/20run_caseI/final_run_confirm_time/abl_dql_ep12_step4_out_tab.lis (5 cycles, unit 24)
2026-05-12 11:16:33,426 - INFO - Ep12 Step4: HCNO: N=46.1%  H=7.5%  C=21.6%  O=24.9%
2026-05-12 11:16:33,426 - INFO - Ep12 Step4: Reward=8.26
2026-05-12 11:16:33,426 - INFO - Ep 12 Step 4: Action=9 (IncL4), Layers=[8.0, 5.5, 4.5, 7.5, 4.0, 5.0], Gap=2.5, Reward=8.26
2026-05-12 11:17:14,756 - INFO - FLUKA OK: abl_dql_ep12_step5.inp (33.5s)
2026-05-12 11:17:14,765 - INFO - ustsuw OK â†?/home/marina/caseI/20run_caseI/final_run_confirm_time/abl_dql_ep12_step5_out_tab.lis (5 cycles, unit 24)
2026-05-12 11:17:14,765 - INFO - Ep12 Step5: HCNO: N=35.2%  H=4.4%  C=30.2%  O=30.1%
2026-05-12 11:17:14,766 - INFO - Ep12 Step5: Reward=17.89
2026-05-12 11:17:14,766 - INFO - Ep 12 Step 5: Action=8 (IncL3), Layers=[8.0, 5.5, 5.0, 7.5, 4.0, 5.0], Gap=2.5, Reward=17.89
2026-05-12 11:17:58,776 - INFO - FLUKA OK: abl_dql_ep12_step6.inp (35.6s)
2026-05-12 11:17:58,785 - INFO - ustsuw OK â†?/home/marina/caseI/20run_caseI/final_run_confirm_time/abl_dql_ep12_step6_out_tab.lis (5 cycles, unit 24)
2026-05-12 11:17:58,786 - INFO - Ep12 Step6: HCNO: N=24.4%  H=8.8%  C=33.1%  O=33.7%
2026-05-12 11:17:58,786 - INFO - Ep12 Step6: Reward=13.91
2026-05-12 11:17:58,786 - INFO - Ep 12 Step 6: Action=8 (IncL3), Layers=[8.0, 5.5, 5.5, 7.5, 4.0, 5.0], Gap=2.5, Reward=13.91
2026-05-12 11:18:43,276 - INFO - FLUKA OK: abl_dql_ep12_step7.inp (36.5s)
2026-05-12 11:18:43,286 - INFO - ustsuw OK â†?/home/marina/caseI/20run_caseI/final_run_confirm_time/abl_dql_ep12_step7_out_tab.lis (5 cycles, unit 24)
2026-05-12 11:18:43,287 - INFO - Ep12 Step7: HCNO: N=27.3%  H=11.2%  C=35.6%  O=25.8%
2026-05-12 11:18:43,287 - INFO - Ep12 Step7: Reward=15.11
2026-05-12 11:18:43,287 - INFO - Ep 12 Step 7: Action=12 (DecGap), Layers=[8.0, 5.5, 5.5, 7.5, 4.0, 5.0], Gap=2.0, Reward=15.11
2026-05-12 11:19:27,917 - INFO - FLUKA OK: abl_dql_ep12_step8.inp (35.6s)
2026-05-12 11:19:27,926 - INFO - ustsuw OK â†?/home/marina/caseI/20run_caseI/final_run_confirm_time/abl_dql_ep12_step8_out_tab.lis (5 cycles, unit 24)
2026-05-12 11:19:27,927 - INFO - Ep12 Step8: HCNO: N=24.4%  H=8.8%  C=33.1%  O=33.7%
2026-05-12 11:19:27,927 - INFO - Ep12 Step8: Reward=13.91
2026-05-12 11:19:27,927 - INFO - Ep 12 Step 8: Action=13 (IncGap), Layers=[8.0, 5.5, 5.5, 7.5, 4.0, 5.0], Gap=2.5, Reward=13.91
2026-05-12 11:20:11,462 - INFO - FLUKA OK: abl_dql_ep12_step9.inp (35.2s)
2026-05-12 11:20:11,471 - INFO - ustsuw OK â†?/home/marina/caseI/20run_caseI/final_run_confirm_time/abl_dql_ep12_step9_out_tab.lis (5 cycles, unit 24)
2026-05-12 11:20:11,472 - INFO - Ep12 Step9: HCNO: N=35.0%  H=2.7%  C=26.2%  O=36.1%
2026-05-12 11:20:11,472 - INFO - Ep12 Step9: Reward=15.20
2026-05-12 11:20:11,472 - INFO - Ep 12 Step 9: Action=1 (DecL2), Layers=[8.0, 5.0, 5.5, 7.5, 4.0, 5.0], Gap=2.5, Reward=15.20
2026-05-12 11:20:54,118 - INFO - FLUKA OK: abl_dql_ep12_step10.inp (34.4s)
2026-05-12 11:20:54,124 - WARNING - prefix 'abl_dql_ep12_step10' unit 24: expected 5 cycle files, found 10: ['abl_dql_ep12_step10001_fort.24', 'abl_dql_ep12_step10002_fort.24', 'abl_dql_ep12_step10003_fort.24', 'abl_dql_ep12_step10004_fort.24', 'abl_dql_ep12_step10005_fort.24', 'abl_dql_ep12_step1001_fort.24', 'abl_dql_ep12_step1002_fort.24', 'abl_dql_ep12_step1003_fort.24', 'abl_dql_ep12_step1004_fort.24', 'abl_dql_ep12_step1005_fort.24']
2026-05-12 11:20:54,126 - INFO - ustsuw OK â†?/home/marina/caseI/20run_caseI/final_run_confirm_time/abl_dql_ep12_step10_out_tab.lis (10 cycles, unit 24)
2026-05-12 11:20:54,127 - INFO - Ep12 Step10: HCNO: N=32.1%  H=7.9%  C=30.9%  O=29.1%
2026-05-12 11:20:54,127 - INFO - Ep12 Step10: Reward=21.53
2026-05-12 11:20:54,127 - INFO - Ep 12 Step 10: Action=9 (IncL4), Layers=[8.0, 5.0, 5.5, 8.0, 4.0, 5.0], Gap=2.5, Reward=21.53
2026-05-12 11:21:37,352 - INFO - FLUKA OK: abl_dql_ep12_step11.inp (34.9s)
2026-05-12 11:21:37,362 - INFO - ustsuw OK â†?/home/marina/caseI/20run_caseI/final_run_confirm_time/abl_dql_ep12_step11_out_tab.lis (5 cycles, unit 24)
2026-05-12 11:21:37,363 - INFO - Ep12 Step11: HCNO: N=30.8%  H=6.3%  C=24.7%  O=38.2%
2026-05-12 11:21:37,363 - INFO - Ep12 Step11: Reward=16.97
2026-05-12 11:21:37,363 - INFO - Ep 12 Step 11: Action=9 (IncL4), Layers=[8.0, 5.0, 5.5, 8.0, 4.0, 5.0], Gap=2.5, Reward=16.97
2026-05-12 11:22:22,840 - INFO - FLUKA OK: abl_dql_ep12_step12.inp (36.6s)
2026-05-12 11:22:22,850 - INFO - ustsuw OK â†?/home/marina/caseI/20run_caseI/final_run_confirm_time/abl_dql_ep12_step12_out_tab.lis (5 cycles, unit 24)
2026-05-12 11:22:22,851 - INFO - Ep12 Step12: HCNO: N=35.0%  H=2.7%  C=26.2%  O=36.1%
2026-05-12 11:22:22,851 - INFO - Ep12 Step12: Reward=15.20
2026-05-12 11:22:22,851 - INFO - Ep 12 Step 12: Action=3 (DecL4), Layers=[8.0, 5.0, 5.5, 7.5, 4.0, 5.0], Gap=2.5, Reward=15.20
2026-05-12 11:23:05,543 - INFO - FLUKA OK: abl_dql_ep12_step13.inp (34.5s)
2026-05-12 11:23:05,552 - INFO - ustsuw OK â†?/home/marina/caseI/20run_caseI/final_run_confirm_time/abl_dql_ep12_step13_out_tab.lis (5 cycles, unit 24)
2026-05-12 11:23:05,553 - INFO - Ep12 Step13: HCNO: N=35.3%  H=2.7%  C=27.9%  O=34.0%
2026-05-12 11:23:05,553 - INFO - Ep12 Step13: Reward=15.61
2026-05-12 11:23:05,553 - INFO - Ep 12 Step 13: Action=12 (DecGap), Layers=[8.0, 5.0, 5.5, 7.5, 4.0, 5.0], Gap=2.0, Reward=15.61
2026-05-12 11:23:48,446 - INFO - FLUKA OK: abl_dql_ep12_step14.inp (34.7s)
2026-05-12 11:23:48,456 - INFO - ustsuw OK â†?/home/marina/caseI/20run_caseI/final_run_confirm_time/abl_dql_ep12_step14_out_tab.lis (5 cycles, unit 24)
2026-05-12 11:23:48,457 - INFO - Ep12 Step14: HCNO: N=37.2%  H=2.7%  C=24.5%  O=35.5%
2026-05-12 11:23:48,457 - INFO - Ep12 Step14: Reward=18.83
2026-05-12 11:23:48,457 - INFO - Ep 12 Step 14: Action=12 (DecGap), Layers=[8.0, 5.0, 5.5, 7.5, 4.0, 5.0], Gap=1.5, Reward=18.83
2026-05-12 11:24:31,075 - INFO - FLUKA OK: abl_dql_ep12_step15.inp (34.5s)
2026-05-12 11:24:31,084 - INFO - ustsuw OK â†?/home/marina/caseI/20run_caseI/final_run_confirm_time/abl_dql_ep12_step15_out_tab.lis (5 cycles, unit 24)
2026-05-12 11:24:31,084 - INFO - Ep12 Step15: HCNO: N=31.5%  H=4.6%  C=34.0%  O=29.9%
2026-05-12 11:24:31,084 - INFO - Ep12 Step15: Reward=12.31
2026-05-12 11:24:31,084 - INFO - Ep 12 Step 15: Action=10 (IncL5), Layers=[8.0, 5.0, 5.5, 7.5, 4.5, 5.0], Gap=1.5, Reward=12.31
2026-05-12 11:25:15,084 - INFO - FLUKA OK: abl_dql_ep12_step16.inp (35.7s)
2026-05-12 11:25:15,094 - INFO - ustsuw OK â†?/home/marina/caseI/20run_caseI/final_run_confirm_time/abl_dql_ep12_step16_out_tab.lis (5 cycles, unit 24)
2026-05-12 11:25:15,095 - INFO - Ep12 Step16: HCNO: N=31.5%  H=4.6%  C=34.0%  O=29.9%
2026-05-12 11:25:15,095 - INFO - Ep12 Step16: Reward=12.31
2026-05-12 11:25:15,095 - INFO - Ep 12 Step 16: Action=6 (IncL1), Layers=[8.0, 5.0, 5.5, 7.5, 4.5, 5.0], Gap=1.5, Reward=12.31
2026-05-12 11:26:03,780 - INFO - FLUKA OK: abl_dql_ep12_step17.inp (39.5s)
2026-05-12 11:26:03,886 - INFO - ustsuw OK â†?/home/marina/caseI/20run_caseI/final_run_confirm_time/abl_dql_ep12_step17_out_tab.lis (5 cycles, unit 24)
2026-05-12 11:26:03,887 - INFO - Ep12 Step17: HCNO: N=28.9%  H=7.4%  C=24.5%  O=39.1%
2026-05-12 11:26:03,887 - INFO - Ep12 Step17: Reward=16.09
2026-05-12 11:26:03,887 - INFO - Ep 12 Step 17: Action=8 (IncL3), Layers=[8.0, 5.0, 6.0, 7.5, 4.5, 5.0], Gap=1.5, Reward=16.09
2026-05-12 11:26:49,768 - INFO - FLUKA OK: abl_dql_ep12_step18.inp (36.2s)
2026-05-12 11:26:49,777 - INFO - ustsuw OK â†?/home/marina/caseI/20run_caseI/final_run_confirm_time/abl_dql_ep12_step18_out_tab.lis (5 cycles, unit 24)
2026-05-12 11:26:49,777 - INFO - Ep12 Step18: HCNO: N=45.5%  H=3.0%  C=28.6%  O=23.0%
2026-05-12 11:26:49,777 - INFO - Ep12 Step18: Reward=9.06
2026-05-12 11:26:49,777 - INFO - Ep 12 Step 18: Action=0 (DecL1), Layers=[7.5, 5.0, 6.0, 7.5, 4.5, 5.0], Gap=1.5, Reward=9.06
2026-05-12 11:27:33,615 - INFO - FLUKA OK: abl_dql_ep12_step19.inp (34.8s)
2026-05-12 11:27:33,626 - INFO - ustsuw OK â†?/home/marina/caseI/20run_caseI/final_run_confirm_time/abl_dql_ep12_step19_out_tab.lis (5 cycles, unit 24)
2026-05-12 11:27:33,627 - INFO - Ep12 Step19: HCNO: N=37.6%  H=3.6%  C=28.3%  O=30.5%
2026-05-12 11:27:33,627 - INFO - Ep12 Step19: Reward=13.31
2026-05-12 11:27:33,627 - INFO - Ep 12 Step 19: Action=9 (IncL4), Layers=[7.5, 5.0, 6.0, 8.0, 4.5, 5.0], Gap=1.5, Reward=13.31
2026-05-12 11:28:17,127 - INFO - FLUKA OK: abl_dql_ep12_step20.inp (35.2s)
2026-05-12 11:28:17,135 - WARNING - prefix 'abl_dql_ep12_step20' unit 24: expected 5 cycle files, found 10: ['abl_dql_ep12_step20001_fort.24', 'abl_dql_ep12_step20002_fort.24', 'abl_dql_ep12_step20003_fort.24', 'abl_dql_ep12_step20004_fort.24', 'abl_dql_ep12_step20005_fort.24', 'abl_dql_ep12_step2001_fort.24', 'abl_dql_ep12_step2002_fort.24', 'abl_dql_ep12_step2003_fort.24', 'abl_dql_ep12_step2004_fort.24', 'abl_dql_ep12_step2005_fort.24']
2026-05-12 11:28:17,137 - INFO - ustsuw OK â†?/home/marina/caseI/20run_caseI/final_run_confirm_time/abl_dql_ep12_step20_out_tab.lis (10 cycles, unit 24)
2026-05-12 11:28:17,138 - INFO - Ep12 Step20: HCNO: N=34.9%  H=6.0%  C=30.2%  O=29.0%
2026-05-12 11:28:17,138 - INFO - Ep12 Step20: Reward=27.24
2026-05-12 11:28:17,138 - INFO - Ep 12 Step 20: Action=13 (IncGap), Layers=[7.5, 5.0, 6.0, 8.0, 4.5, 5.0], Gap=2.0, Reward=27.24
2026-05-12 11:28:26,872 - INFO - Episode 12: Return=311.27, Best=36.79, Loss=100.7147
2026-05-12 11:29:04,688 - INFO - FLUKA OK: abl_dql_ep13_step1.inp (37.8s)
2026-05-12 11:29:04,697 - INFO - ustsuw OK â†?/home/marina/caseI/20run_caseI/final_run_confirm_time/abl_dql_ep13_step1_out_tab.lis (5 cycles, unit 24)
2026-05-12 11:29:04,697 - INFO - Ep13 Step1: HCNO: N=34.9%  H=8.6%  C=23.6%  O=32.9%
2026-05-12 11:29:04,697 - INFO - Ep13 Step1: Reward=25.78
2026-05-12 11:29:04,697 - INFO - Ep 13 Step 1: Action=4 (DecL5), Layers=[5.5, 3.0, 2.5, 4.0, 4.0, 5.0], Gap=10.0, Reward=25.78
2026-05-12 11:29:53,768 - INFO - FLUKA OK: abl_dql_ep13_step2.inp (39.1s)
2026-05-12 11:29:53,778 - INFO - ustsuw OK â†?/home/marina/caseI/20run_caseI/final_run_confirm_time/abl_dql_ep13_step2_out_tab.lis (5 cycles, unit 24)
2026-05-12 11:29:53,779 - INFO - Ep13 Step2: HCNO: N=23.4%  H=10.4%  C=26.6%  O=39.7%
2026-05-12 11:29:53,779 - INFO - Ep13 Step2: Reward=25.80
2026-05-12 11:29:53,779 - INFO - Ep 13 Step 2: Action=0 (DecL1), Layers=[5.0, 3.0, 2.5, 4.0, 4.0, 5.0], Gap=10.0, Reward=25.80
2026-05-12 11:30:41,445 - INFO - FLUKA OK: abl_dql_ep13_step3.inp (37.3s)
2026-05-12 11:30:41,454 - INFO - ustsuw OK â†?/home/marina/caseI/20run_caseI/final_run_confirm_time/abl_dql_ep13_step3_out_tab.lis (5 cycles, unit 24)
2026-05-12 11:30:41,455 - INFO - Ep13 Step3: HCNO: N=35.3%  H=13.7%  C=18.1%  O=32.9%
2026-05-12 11:30:41,455 - INFO - Ep13 Step3: Reward=26.63
2026-05-12 11:30:41,455 - INFO - Ep 13 Step 3: Action=10 (IncL5), Layers=[5.0, 3.0, 2.5, 4.0, 4.5, 5.0], Gap=10.0, Reward=26.63
2026-05-12 11:31:29,462 - INFO - FLUKA OK: abl_dql_ep13_step4.inp (38.1s)
2026-05-12 11:31:29,475 - INFO - ustsuw OK â†?/home/marina/caseI/20run_caseI/final_run_confirm_time/abl_dql_ep13_step4_out_tab.lis (5 cycles, unit 24)
2026-05-12 11:31:29,475 - INFO - Ep13 Step4: HCNO: N=39.1%  H=17.7%  C=17.5%  O=25.7%
2026-05-12 11:31:29,476 - INFO - Ep13 Step4: Reward=28.07
2026-05-12 11:31:29,476 - INFO - Ep 13 Step 4: Action=8 (IncL3), Layers=[5.0, 3.0, 3.0, 4.0, 4.5, 5.0], Gap=10.0, Reward=28.07
2026-05-12 11:32:16,608 - INFO - FLUKA OK: abl_dql_ep13_step5.inp (37.5s)
2026-05-12 11:32:16,616 - INFO - ustsuw OK â†?/home/marina/caseI/20run_caseI/final_run_confirm_time/abl_dql_ep13_step5_out_tab.lis (5 cycles, unit 24)
2026-05-12 11:32:16,617 - INFO - Ep13 Step5: HCNO: N=30.5%  H=14.7%  C=22.8%  O=32.0%
2026-05-12 11:32:16,617 - INFO - Ep13 Step5: Reward=22.51
2026-05-12 11:32:16,617 - INFO - Ep 13 Step 5: Action=9 (IncL4), Layers=[5.0, 3.0, 3.0, 4.5, 4.5, 5.0], Gap=10.0, Reward=22.51
2026-05-12 11:33:03,505 - INFO - FLUKA OK: abl_dql_ep13_step6.inp (37.0s)
2026-05-12 11:33:03,516 - INFO - ustsuw OK â†?/home/marina/caseI/20run_caseI/final_run_confirm_time/abl_dql_ep13_step6_out_tab.lis (5 cycles, unit 24)
2026-05-12 11:33:03,517 - INFO - Ep13 Step6: HCNO: N=40.8%  H=7.4%  C=24.9%  O=26.9%
2026-05-12 11:33:03,517 - INFO - Ep13 Step6: Reward=28.46
2026-05-12 11:33:03,517 - INFO - Ep 13 Step 6: Action=0 (DecL1), Layers=[4.5, 3.0, 3.0, 4.5, 4.5, 5.0], Gap=10.0, Reward=28.46
2026-05-12 11:33:48,468 - INFO - FLUKA OK: abl_dql_ep13_step7.inp (36.5s)
2026-05-12 11:33:48,478 - INFO - ustsuw OK â†?/home/marina/caseI/20run_caseI/final_run_confirm_time/abl_dql_ep13_step7_out_tab.lis (5 cycles, unit 24)
2026-05-12 11:33:48,479 - INFO - Ep13 Step7: HCNO: N=44.8%  H=9.0%  C=15.9%  O=30.3%
2026-05-12 11:33:48,480 - INFO - Ep13 Step7: Reward=17.70
2026-05-12 11:33:48,480 - INFO - Ep 13 Step 7: Action=7 (IncL2), Layers=[4.5, 3.5, 3.0, 4.5, 4.5, 5.0], Gap=10.0, Reward=17.70
2026-05-12 11:34:34,023 - INFO - FLUKA OK: abl_dql_ep13_step8.inp (37.2s)
2026-05-12 11:34:34,031 - INFO - ustsuw OK â†?/home/marina/caseI/20run_caseI/final_run_confirm_time/abl_dql_ep13_step8_out_tab.lis (5 cycles, unit 24)
2026-05-12 11:34:34,031 - INFO - Ep13 Step8: HCNO: N=36.8%  H=12.9%  C=15.8%  O=34.6%
2026-05-12 11:34:34,032 - INFO - Ep13 Step8: Reward=25.50
2026-05-12 11:34:34,032 - INFO - Ep 13 Step 8: Action=3 (DecL4), Layers=[4.5, 3.5, 3.0, 4.0, 4.5, 5.0], Gap=10.0, Reward=25.50
2026-05-12 11:35:19,266 - INFO - FLUKA OK: abl_dql_ep13_step9.inp (36.5s)
2026-05-12 11:35:19,275 - INFO - ustsuw OK â†?/home/marina/caseI/20run_caseI/final_run_confirm_time/abl_dql_ep13_step9_out_tab.lis (5 cycles, unit 24)
2026-05-12 11:35:19,275 - INFO - Ep13 Step9: HCNO: N=30.4%  H=16.0%  C=27.5%  O=26.1%
2026-05-12 11:35:19,275 - INFO - Ep13 Step9: Reward=30.99
2026-05-12 11:35:19,276 - INFO - Ep 13 Step 9: Action=11 (IncL6), Layers=[4.5, 3.5, 3.0, 4.0, 4.5, 5.5], Gap=10.0, Reward=30.99
2026-05-12 11:36:05,229 - INFO - FLUKA OK: abl_dql_ep13_step10.inp (36.6s)
2026-05-12 11:36:05,236 - WARNING - prefix 'abl_dql_ep13_step10' unit 24: expected 5 cycle files, found 10: ['abl_dql_ep13_step10001_fort.24', 'abl_dql_ep13_step10002_fort.24', 'abl_dql_ep13_step10003_fort.24', 'abl_dql_ep13_step10004_fort.24', 'abl_dql_ep13_step10005_fort.24', 'abl_dql_ep13_step1001_fort.24', 'abl_dql_ep13_step1002_fort.24', 'abl_dql_ep13_step1003_fort.24', 'abl_dql_ep13_step1004_fort.24', 'abl_dql_ep13_step1005_fort.24']
2026-05-12 11:36:05,282 - INFO - ustsuw OK â†?/home/marina/caseI/20run_caseI/final_run_confirm_time/abl_dql_ep13_step10_out_tab.lis (10 cycles, unit 24)
2026-05-12 11:36:05,286 - INFO - Ep13 Step10: HCNO: N=36.0%  H=9.4%  C=21.7%  O=32.9%
2026-05-12 11:36:05,286 - INFO - Ep13 Step10: Reward=32.76
2026-05-12 11:36:05,287 - INFO - Ep 13 Step 10: Action=2 (DecL3), Layers=[4.5, 3.5, 2.5, 4.0, 4.5, 5.5], Gap=10.0, Reward=32.76
2026-05-12 11:36:47,191 - INFO - FLUKA OK: abl_dql_ep13_step11.inp (34.3s)
2026-05-12 11:36:47,200 - INFO - ustsuw OK â†?/home/marina/caseI/20run_caseI/final_run_confirm_time/abl_dql_ep13_step11_out_tab.lis (5 cycles, unit 24)
2026-05-12 11:36:47,200 - INFO - Ep13 Step11: HCNO: N=36.3%  H=12.1%  C=16.1%  O=35.5%
2026-05-12 11:36:47,200 - INFO - Ep13 Step11: Reward=28.60
2026-05-12 11:36:47,200 - INFO - Ep 13 Step 11: Action=7 (IncL2), Layers=[4.5, 4.0, 2.5, 4.0, 4.5, 5.5], Gap=10.0, Reward=28.60
2026-05-12 11:37:28,904 - INFO - FLUKA OK: abl_dql_ep13_step12.inp (34.2s)
2026-05-12 11:37:28,914 - INFO - ustsuw OK â†?/home/marina/caseI/20run_caseI/final_run_confirm_time/abl_dql_ep13_step12_out_tab.lis (5 cycles, unit 24)
2026-05-12 11:37:28,915 - INFO - Ep13 Step12: HCNO: N=42.6%  H=11.1%  C=14.4%  O=31.9%
2026-05-12 11:37:28,915 - INFO - Ep13 Step12: Reward=18.87
2026-05-12 11:37:28,915 - INFO - Ep 13 Step 12: Action=4 (DecL5), Layers=[4.5, 4.0, 2.5, 4.0, 4.0, 5.5], Gap=10.0, Reward=18.87
2026-05-12 11:38:12,025 - INFO - FLUKA OK: abl_dql_ep13_step13.inp (34.6s)
2026-05-12 11:38:12,035 - INFO - ustsuw OK â†?/home/marina/caseI/20run_caseI/final_run_confirm_time/abl_dql_ep13_step13_out_tab.lis (5 cycles, unit 24)
2026-05-12 11:38:12,035 - INFO - Ep13 Step13: HCNO: N=39.2%  H=8.0%  C=21.1%  O=31.7%
2026-05-12 11:38:12,035 - INFO - Ep13 Step13: Reward=23.49
2026-05-12 11:38:12,035 - INFO - Ep 13 Step 13: Action=4 (DecL5), Layers=[4.5, 4.0, 2.5, 4.0, 3.5, 5.5], Gap=10.0, Reward=23.49
2026-05-12 11:38:53,966 - INFO - FLUKA OK: abl_dql_ep13_step14.inp (34.6s)
2026-05-12 11:38:53,987 - INFO - ustsuw OK â†?/home/marina/caseI/20run_caseI/final_run_confirm_time/abl_dql_ep13_step14_out_tab.lis (5 cycles, unit 24)
2026-05-12 11:38:53,988 - INFO - Ep13 Step14: HCNO: N=40.0%  H=6.2%  C=26.6%  O=27.2%
2026-05-12 11:38:53,988 - INFO - Ep13 Step14: Reward=19.93
2026-05-12 11:38:53,988 - INFO - Ep 13 Step 14: Action=7 (IncL2), Layers=[4.5, 4.5, 2.5, 4.0, 3.5, 5.5], Gap=10.0, Reward=19.93
2026-05-12 11:39:34,811 - INFO - FLUKA OK: abl_dql_ep13_step15.inp (33.4s)
2026-05-12 11:39:34,819 - INFO - ustsuw OK â†?/home/marina/caseI/20run_caseI/final_run_confirm_time/abl_dql_ep13_step15_out_tab.lis (5 cycles, unit 24)
2026-05-12 11:39:34,820 - INFO - Ep13 Step15: HCNO: N=36.9%  H=6.9%  C=29.0%  O=27.3%
2026-05-12 11:39:34,820 - INFO - Ep13 Step15: Reward=19.40
2026-05-12 11:39:34,820 - INFO - Ep 13 Step 15: Action=12 (DecGap), Layers=[4.5, 4.5, 2.5, 4.0, 3.5, 5.5], Gap=9.5, Reward=19.40
2026-05-12 11:40:15,820 - INFO - FLUKA OK: abl_dql_ep13_step16.inp (33.7s)
2026-05-12 11:40:15,830 - INFO - ustsuw OK â†?/home/marina/caseI/20run_caseI/final_run_confirm_time/abl_dql_ep13_step16_out_tab.lis (5 cycles, unit 24)
2026-05-12 11:40:15,833 - INFO - Ep13 Step16: HCNO: N=30.8%  H=5.7%  C=29.7%  O=33.9%
2026-05-12 11:40:15,833 - INFO - Ep13 Step16: Reward=19.72
2026-05-12 11:40:15,834 - INFO - Ep 13 Step 16: Action=3 (DecL4), Layers=[4.5, 4.5, 2.5, 3.5, 3.5, 5.5], Gap=9.5, Reward=19.72
2026-05-12 11:40:56,936 - INFO - FLUKA OK: abl_dql_ep13_step17.inp (33.7s)
2026-05-12 11:40:56,944 - INFO - ustsuw OK â†?/home/marina/caseI/20run_caseI/final_run_confirm_time/abl_dql_ep13_step17_out_tab.lis (5 cycles, unit 24)
2026-05-12 11:40:56,945 - INFO - Ep13 Step17: HCNO: N=29.7%  H=10.4%  C=28.5%  O=31.5%
2026-05-12 11:40:56,945 - INFO - Ep13 Step17: Reward=25.99
2026-05-12 11:40:56,945 - INFO - Ep 13 Step 17: Action=13 (IncGap), Layers=[4.5, 4.5, 2.5, 3.5, 3.5, 5.5], Gap=10.0, Reward=25.99
2026-05-12 11:41:37,992 - INFO - FLUKA OK: abl_dql_ep13_step18.inp (33.6s)
2026-05-12 11:41:38,001 - INFO - ustsuw OK â†?/home/marina/caseI/20run_caseI/final_run_confirm_time/abl_dql_ep13_step18_out_tab.lis (5 cycles, unit 24)
2026-05-12 11:41:38,002 - INFO - Ep13 Step18: HCNO: N=36.8%  H=10.2%  C=20.0%  O=33.0%
2026-05-12 11:41:38,002 - INFO - Ep13 Step18: Reward=24.98
2026-05-12 11:41:38,002 - INFO - Ep 13 Step 18: Action=7 (IncL2), Layers=[4.5, 5.0, 2.5, 3.5, 3.5, 5.5], Gap=10.0, Reward=24.98
2026-05-12 11:42:21,028 - INFO - FLUKA OK: abl_dql_ep13_step19.inp (35.9s)
2026-05-12 11:42:21,038 - INFO - ustsuw OK â†?/home/marina/caseI/20run_caseI/final_run_confirm_time/abl_dql_ep13_step19_out_tab.lis (5 cycles, unit 24)
2026-05-12 11:42:21,039 - INFO - Ep13 Step19: HCNO: N=44.7%  H=7.7%  C=19.6%  O=28.0%
2026-05-12 11:42:21,039 - INFO - Ep13 Step19: Reward=19.21
2026-05-12 11:42:21,039 - INFO - Ep 13 Step 19: Action=11 (IncL6), Layers=[4.5, 5.0, 2.5, 3.5, 3.5, 6.0], Gap=10.0, Reward=19.21
2026-05-12 11:43:04,815 - INFO - FLUKA OK: abl_dql_ep13_step20.inp (35.5s)
2026-05-12 11:43:04,822 - WARNING - prefix 'abl_dql_ep13_step20' unit 24: expected 5 cycle files, found 10: ['abl_dql_ep13_step20001_fort.24', 'abl_dql_ep13_step20002_fort.24', 'abl_dql_ep13_step20003_fort.24', 'abl_dql_ep13_step20004_fort.24', 'abl_dql_ep13_step20005_fort.24', 'abl_dql_ep13_step2001_fort.24', 'abl_dql_ep13_step2002_fort.24', 'abl_dql_ep13_step2003_fort.24', 'abl_dql_ep13_step2004_fort.24', 'abl_dql_ep13_step2005_fort.24']
2026-05-12 11:43:04,869 - INFO - ustsuw OK â†?/home/marina/caseI/20run_caseI/final_run_confirm_time/abl_dql_ep13_step20_out_tab.lis (10 cycles, unit 24)
2026-05-12 11:43:04,870 - INFO - Ep13 Step20: HCNO: N=29.9%  H=10.3%  C=23.4%  O=36.4%
2026-05-12 11:43:04,870 - INFO - Ep13 Step20: Reward=32.88
2026-05-12 11:43:04,870 - INFO - Ep 13 Step 20: Action=5 (DecL6), Layers=[4.5, 5.0, 2.5, 3.5, 3.5, 5.5], Gap=10.0, Reward=32.88
2026-05-12 11:43:13,813 - INFO - Episode 13: Return=497.25, Best=36.79, Loss=97.8427
2026-05-12 11:43:53,139 - INFO - FLUKA OK: abl_dql_ep14_step1.inp (39.3s)
2026-05-12 11:43:53,148 - INFO - ustsuw OK â†?/home/marina/caseI/20run_caseI/final_run_confirm_time/abl_dql_ep14_step1_out_tab.lis (5 cycles, unit 24)
2026-05-12 11:43:53,150 - INFO - Ep14 Step1: HCNO: N=40.5%  H=12.9%  C=19.7%  O=26.9%
2026-05-12 11:43:53,150 - INFO - Ep14 Step1: Reward=33.27
2026-05-12 11:43:53,150 - INFO - Ep 14 Step 1: Action=5 (DecL6), Layers=[3.5, 2.5, 3.0, 6.0, 5.0, 5.5], Gap=1.0, Reward=33.27
2026-05-12 11:44:40,115 - INFO - FLUKA OK: abl_dql_ep14_step2.inp (38.0s)
2026-05-12 11:44:40,125 - INFO - ustsuw OK â†?/home/marina/caseI/20run_caseI/final_run_confirm_time/abl_dql_ep14_step2_out_tab.lis (5 cycles, unit 24)
2026-05-12 11:44:40,126 - INFO - Ep14 Step2: HCNO: N=40.3%  H=12.1%  C=19.7%  O=27.9%
2026-05-12 11:44:40,126 - INFO - Ep14 Step2: Reward=35.63
2026-05-12 11:44:40,126 - INFO - Ep 14 Step 2: Action=5 (DecL6), Layers=[3.5, 2.5, 3.0, 6.0, 5.0, 5.0], Gap=1.0, Reward=35.63
2026-05-12 11:45:27,447 - INFO - FLUKA OK: abl_dql_ep14_step3.inp (38.2s)
2026-05-12 11:45:27,457 - INFO - ustsuw OK â†?/home/marina/caseI/20run_caseI/final_run_confirm_time/abl_dql_ep14_step3_out_tab.lis (5 cycles, unit 24)
2026-05-12 11:45:27,459 - INFO - Ep14 Step3: HCNO: N=33.1%  H=14.0%  C=27.5%  O=25.5%
2026-05-12 11:45:27,459 - INFO - Ep14 Step3: Reward=26.50
2026-05-12 11:45:27,459 - INFO - Ep 14 Step 3: Action=8 (IncL3), Layers=[3.5, 2.5, 3.5, 6.0, 5.0, 5.0], Gap=1.0, Reward=26.50
2026-05-12 11:46:13,829 - INFO - FLUKA OK: abl_dql_ep14_step4.inp (37.5s)
2026-05-12 11:46:13,840 - INFO - ustsuw OK â†?/home/marina/caseI/20run_caseI/final_run_confirm_time/abl_dql_ep14_step4_out_tab.lis (5 cycles, unit 24)
2026-05-12 11:46:13,841 - INFO - Ep14 Step4: HCNO: N=38.4%  H=12.5%  C=24.6%  O=24.5%
2026-05-12 11:46:13,841 - INFO - Ep14 Step4: Reward=26.54
2026-05-12 11:46:13,841 - INFO - Ep 14 Step 4: Action=11 (IncL6), Layers=[3.5, 2.5, 3.5, 6.0, 5.0, 5.5], Gap=1.0, Reward=26.54
2026-05-12 11:47:01,237 - INFO - FLUKA OK: abl_dql_ep14_step5.inp (38.8s)
2026-05-12 11:47:01,248 - INFO - ustsuw OK â†?/home/marina/caseI/20run_caseI/final_run_confirm_time/abl_dql_ep14_step5_out_tab.lis (5 cycles, unit 24)
2026-05-12 11:47:01,249 - INFO - Ep14 Step5: HCNO: N=38.4%  H=12.5%  C=24.6%  O=24.5%
2026-05-12 11:47:01,249 - INFO - Ep14 Step5: Reward=26.54
2026-05-12 11:47:01,249 - INFO - Ep 14 Step 5: Action=12 (DecGap), Layers=[3.5, 2.5, 3.5, 6.0, 5.0, 5.5], Gap=1.0, Reward=26.54
2026-05-12 11:47:52,706 - INFO - FLUKA OK: abl_dql_ep14_step6.inp (42.0s)
2026-05-12 11:47:52,716 - INFO - ustsuw OK â†?/home/marina/caseI/20run_caseI/final_run_confirm_time/abl_dql_ep14_step6_out_tab.lis (5 cycles, unit 24)
2026-05-12 11:47:52,717 - INFO - Ep14 Step6: HCNO: N=40.9%  H=8.9%  C=29.1%  O=21.1%
2026-05-12 11:47:52,717 - INFO - Ep14 Step6: Reward=34.64
2026-05-12 11:47:52,717 - INFO - Ep 14 Step 6: Action=10 (IncL5), Layers=[3.5, 2.5, 3.5, 6.0, 5.5, 5.5], Gap=1.0, Reward=34.64
2026-05-12 11:48:38,923 - INFO - FLUKA OK: abl_dql_ep14_step7.inp (38.3s)
2026-05-12 11:48:38,934 - INFO - ustsuw OK â†?/home/marina/caseI/20run_caseI/final_run_confirm_time/abl_dql_ep14_step7_out_tab.lis (5 cycles, unit 24)
2026-05-12 11:48:38,935 - INFO - Ep14 Step7: HCNO: N=44.9%  H=8.3%  C=19.2%  O=27.6%
2026-05-12 11:48:38,935 - INFO - Ep14 Step7: Reward=20.87
2026-05-12 11:48:38,935 - INFO - Ep 14 Step 7: Action=1 (DecL2), Layers=[3.5, 2.0, 3.5, 6.0, 5.5, 5.5], Gap=1.0, Reward=20.87
2026-05-12 11:49:24,211 - INFO - FLUKA OK: abl_dql_ep14_step8.inp (36.8s)
2026-05-12 11:49:24,220 - INFO - ustsuw OK â†?/home/marina/caseI/20run_caseI/final_run_confirm_time/abl_dql_ep14_step8_out_tab.lis (5 cycles, unit 24)
2026-05-12 11:49:24,221 - INFO - Ep14 Step8: HCNO: N=47.1%  H=11.1%  C=19.5%  O=22.3%
2026-05-12 11:49:24,221 - INFO - Ep14 Step8: Reward=23.86
2026-05-12 11:49:24,221 - INFO - Ep 14 Step 8: Action=0 (DecL1), Layers=[3.0, 2.0, 3.5, 6.0, 5.5, 5.5], Gap=1.0, Reward=23.86
2026-05-12 11:50:08,008 - INFO - FLUKA OK: abl_dql_ep14_step9.inp (36.5s)
2026-05-12 11:50:08,017 - INFO - ustsuw OK â†?/home/marina/caseI/20run_caseI/final_run_confirm_time/abl_dql_ep14_step9_out_tab.lis (5 cycles, unit 24)
2026-05-12 11:50:08,018 - INFO - Ep14 Step9: HCNO: N=34.6%  H=9.7%  C=27.8%  O=27.9%
2026-05-12 11:50:08,018 - INFO - Ep14 Step9: Reward=28.81
2026-05-12 11:50:08,018 - INFO - Ep 14 Step 9: Action=3 (DecL4), Layers=[3.0, 2.0, 3.5, 5.5, 5.5, 5.5], Gap=1.0, Reward=28.81
2026-05-12 11:50:54,102 - INFO - FLUKA OK: abl_dql_ep14_step10.inp (38.6s)
2026-05-12 11:50:54,109 - WARNING - prefix 'abl_dql_ep14_step10' unit 24: expected 5 cycle files, found 10: ['abl_dql_ep14_step10001_fort.24', 'abl_dql_ep14_step10002_fort.24', 'abl_dql_ep14_step10003_fort.24', 'abl_dql_ep14_step10004_fort.24', 'abl_dql_ep14_step10005_fort.24', 'abl_dql_ep14_step1001_fort.24', 'abl_dql_ep14_step1002_fort.24', 'abl_dql_ep14_step1003_fort.24', 'abl_dql_ep14_step1004_fort.24', 'abl_dql_ep14_step1005_fort.24']
2026-05-12 11:50:54,112 - INFO - ustsuw OK â†?/home/marina/caseI/20run_caseI/final_run_confirm_time/abl_dql_ep14_step10_out_tab.lis (10 cycles, unit 24)
2026-05-12 11:50:54,112 - INFO - Ep14 Step10: HCNO: N=39.0%  H=9.6%  C=24.1%  O=27.2%
2026-05-12 11:50:54,112 - INFO - Ep14 Step10: Reward=36.59
2026-05-12 11:50:54,112 - INFO - Ep 14 Step 10: Action=13 (IncGap), Layers=[3.0, 2.0, 3.5, 5.5, 5.5, 5.5], Gap=1.5, Reward=36.59
2026-05-12 11:51:45,454 - INFO - FLUKA OK: abl_dql_ep14_step11.inp (43.2s)
2026-05-12 11:51:45,462 - INFO - ustsuw OK â†?/home/marina/caseI/20run_caseI/final_run_confirm_time/abl_dql_ep14_step11_out_tab.lis (5 cycles, unit 24)
2026-05-12 11:51:45,463 - INFO - Ep14 Step11: HCNO: N=34.6%  H=9.7%  C=27.8%  O=27.9%
2026-05-12 11:51:45,464 - INFO - Ep14 Step11: Reward=28.81
2026-05-12 11:51:45,464 - INFO - Ep 14 Step 11: Action=12 (DecGap), Layers=[3.0, 2.0, 3.5, 5.5, 5.5, 5.5], Gap=1.0, Reward=28.81
2026-05-12 11:52:31,483 - INFO - FLUKA OK: abl_dql_ep14_step12.inp (38.1s)
2026-05-12 11:52:31,492 - INFO - ustsuw OK â†?/home/marina/caseI/20run_caseI/final_run_confirm_time/abl_dql_ep14_step12_out_tab.lis (5 cycles, unit 24)
2026-05-12 11:52:31,492 - INFO - Ep14 Step12: HCNO: N=37.7%  H=6.7%  C=28.1%  O=27.5%
2026-05-12 11:52:31,492 - INFO - Ep14 Step12: Reward=29.76
2026-05-12 11:52:31,493 - INFO - Ep 14 Step 12: Action=13 (IncGap), Layers=[3.0, 2.0, 3.5, 5.5, 5.5, 5.5], Gap=1.5, Reward=29.76
2026-05-12 11:53:16,448 - INFO - FLUKA OK: abl_dql_ep14_step13.inp (37.0s)
2026-05-12 11:53:16,457 - INFO - ustsuw OK â†?/home/marina/caseI/20run_caseI/final_run_confirm_time/abl_dql_ep14_step13_out_tab.lis (5 cycles, unit 24)
2026-05-12 11:53:16,458 - INFO - Ep14 Step13: HCNO: N=37.7%  H=6.7%  C=28.1%  O=27.5%
2026-05-12 11:53:16,458 - INFO - Ep14 Step13: Reward=29.76
2026-05-12 11:53:16,458 - INFO - Ep 14 Step 13: Action=1 (DecL2), Layers=[3.0, 2.0, 3.5, 5.5, 5.5, 5.5], Gap=1.5, Reward=29.76
2026-05-12 11:54:01,794 - INFO - FLUKA OK: abl_dql_ep14_step14.inp (36.9s)
2026-05-12 11:54:01,804 - INFO - ustsuw OK â†?/home/marina/caseI/20run_caseI/final_run_confirm_time/abl_dql_ep14_step14_out_tab.lis (5 cycles, unit 24)
2026-05-12 11:54:01,804 - INFO - Ep14 Step14: HCNO: N=42.0%  H=8.3%  C=25.9%  O=23.8%
2026-05-12 11:54:01,804 - INFO - Ep14 Step14: Reward=22.44
2026-05-12 11:54:01,804 - INFO - Ep 14 Step 14: Action=6 (IncL1), Layers=[3.5, 2.0, 3.5, 5.5, 5.5, 5.5], Gap=1.5, Reward=22.44
2026-05-12 11:54:45,116 - INFO - FLUKA OK: abl_dql_ep14_step15.inp (35.8s)
2026-05-12 11:54:45,126 - INFO - ustsuw OK â†?/home/marina/caseI/20run_caseI/final_run_confirm_time/abl_dql_ep14_step15_out_tab.lis (5 cycles, unit 24)
2026-05-12 11:54:45,126 - INFO - Ep14 Step15: HCNO: N=44.3%  H=8.8%  C=28.5%  O=18.4%
2026-05-12 11:54:45,126 - INFO - Ep14 Step15: Reward=25.29
2026-05-12 11:54:45,126 - INFO - Ep 14 Step 15: Action=12 (DecGap), Layers=[3.5, 2.0, 3.5, 5.5, 5.5, 5.5], Gap=1.0, Reward=25.29
2026-05-12 11:55:28,274 - INFO - FLUKA OK: abl_dql_ep14_step16.inp (35.8s)
2026-05-12 11:55:28,283 - INFO - ustsuw OK â†?/home/marina/caseI/20run_caseI/final_run_confirm_time/abl_dql_ep14_step16_out_tab.lis (5 cycles, unit 24)
2026-05-12 11:55:28,283 - INFO - Ep14 Step16: HCNO: N=41.4%  H=14.6%  C=20.5%  O=23.5%
2026-05-12 11:55:28,283 - INFO - Ep14 Step16: Reward=25.92
2026-05-12 11:55:28,283 - INFO - Ep 14 Step 16: Action=11 (IncL6), Layers=[3.5, 2.0, 3.5, 5.5, 5.5, 6.0], Gap=1.0, Reward=25.92
2026-05-12 11:56:13,533 - INFO - FLUKA OK: abl_dql_ep14_step17.inp (37.3s)
2026-05-12 11:56:13,542 - INFO - ustsuw OK â†?/home/marina/caseI/20run_caseI/final_run_confirm_time/abl_dql_ep14_step17_out_tab.lis (5 cycles, unit 24)
2026-05-12 11:56:13,542 - INFO - Ep14 Step17: HCNO: N=38.0%  H=7.5%  C=21.9%  O=32.6%
2026-05-12 11:56:13,543 - INFO - Ep14 Step17: Reward=22.75
2026-05-12 11:56:13,543 - INFO - Ep 14 Step 17: Action=9 (IncL4), Layers=[3.5, 2.0, 3.5, 6.0, 5.5, 6.0], Gap=1.0, Reward=22.75
2026-05-12 11:56:58,887 - INFO - FLUKA OK: abl_dql_ep14_step18.inp (37.5s)
2026-05-12 11:56:58,898 - INFO - ustsuw OK â†?/home/marina/caseI/20run_caseI/final_run_confirm_time/abl_dql_ep14_step18_out_tab.lis (5 cycles, unit 24)
2026-05-12 11:56:58,900 - INFO - Ep14 Step18: HCNO: N=45.3%  H=14.4%  C=18.9%  O=21.4%
2026-05-12 11:56:58,900 - INFO - Ep14 Step18: Reward=23.47
2026-05-12 11:56:58,900 - INFO - Ep 14 Step 18: Action=6 (IncL1), Layers=[4.0, 2.0, 3.5, 6.0, 5.5, 6.0], Gap=1.0, Reward=23.47
2026-05-12 11:57:43,027 - INFO - FLUKA OK: abl_dql_ep14_step19.inp (35.0s)
2026-05-12 11:57:43,037 - INFO - ustsuw OK â†?/home/marina/caseI/20run_caseI/final_run_confirm_time/abl_dql_ep14_step19_out_tab.lis (5 cycles, unit 24)
2026-05-12 11:57:43,038 - INFO - Ep14 Step19: HCNO: N=36.7%  H=4.8%  C=22.3%  O=36.2%
2026-05-12 11:57:43,038 - INFO - Ep14 Step19: Reward=25.77
2026-05-12 11:57:43,038 - INFO - Ep 14 Step 19: Action=7 (IncL2), Layers=[4.0, 2.5, 3.5, 6.0, 5.5, 6.0], Gap=1.0, Reward=25.77
2026-05-12 11:58:26,476 - INFO - FLUKA OK: abl_dql_ep14_step20.inp (36.2s)
2026-05-12 11:58:26,484 - WARNING - prefix 'abl_dql_ep14_step20' unit 24: expected 5 cycle files, found 10: ['abl_dql_ep14_step20001_fort.24', 'abl_dql_ep14_step20002_fort.24', 'abl_dql_ep14_step20003_fort.24', 'abl_dql_ep14_step20004_fort.24', 'abl_dql_ep14_step20005_fort.24', 'abl_dql_ep14_step2001_fort.24', 'abl_dql_ep14_step2002_fort.24', 'abl_dql_ep14_step2003_fort.24', 'abl_dql_ep14_step2004_fort.24', 'abl_dql_ep14_step2005_fort.24']
2026-05-12 11:58:26,486 - INFO - ustsuw OK â†?/home/marina/caseI/20run_caseI/final_run_confirm_time/abl_dql_ep14_step20_out_tab.lis (10 cycles, unit 24)
2026-05-12 11:58:26,487 - INFO - Ep14 Step20: HCNO: N=34.5%  H=12.5%  C=23.1%  O=29.8%
2026-05-12 11:58:26,487 - INFO - Ep14 Step20: Reward=36.25
2026-05-12 11:58:26,487 - INFO - Ep 14 Step 20: Action=0 (DecL1), Layers=[3.5, 2.5, 3.5, 6.0, 5.5, 6.0], Gap=1.0, Reward=36.25
2026-05-12 11:58:34,505 - INFO - Episode 14: Return=563.47, Best=36.79, Loss=96.1704
2026-05-12 11:59:07,968 - INFO - FLUKA OK: abl_dql_ep15_step1.inp (33.5s)
2026-05-12 11:59:07,979 - INFO - ustsuw OK â†?/home/marina/caseI/20run_caseI/final_run_confirm_time/abl_dql_ep15_step1_out_tab.lis (5 cycles, unit 24)
2026-05-12 11:59:07,980 - INFO - Ep15 Step1: HCNO: N=39.8%  H=8.5%  C=20.2%  O=31.6%
2026-05-12 11:59:07,980 - INFO - Ep15 Step1: Reward=15.63
2026-05-12 11:59:07,980 - INFO - Ep 15 Step 1: Action=10 (IncL5), Layers=[8.0, 4.5, 6.5, 5.5, 6.0, 6.0], Gap=7.0, Reward=15.63
2026-05-12 11:59:48,903 - INFO - FLUKA OK: abl_dql_ep15_step2.inp (32.5s)
2026-05-12 11:59:48,913 - INFO - ustsuw OK â†?/home/marina/caseI/20run_caseI/final_run_confirm_time/abl_dql_ep15_step2_out_tab.lis (5 cycles, unit 24)
2026-05-12 11:59:48,914 - INFO - Ep15 Step2: HCNO: N=32.4%  H=4.4%  C=32.4%  O=30.8%
2026-05-12 11:59:48,914 - INFO - Ep15 Step2: Reward=20.21
2026-05-12 11:59:48,914 - INFO - Ep 15 Step 2: Action=7 (IncL2), Layers=[8.0, 5.0, 6.5, 5.5, 6.0, 6.0], Gap=7.0, Reward=20.21
2026-05-12 12:00:30,036 - INFO - FLUKA OK: abl_dql_ep15_step3.inp (33.7s)
2026-05-12 12:00:30,048 - INFO - ustsuw OK â†?/home/marina/caseI/20run_caseI/final_run_confirm_time/abl_dql_ep15_step3_out_tab.lis (5 cycles, unit 24)
2026-05-12 12:00:30,049 - INFO - Ep15 Step3: HCNO: N=34.0%  H=2.7%  C=28.3%  O=35.1%
2026-05-12 12:00:30,049 - INFO - Ep15 Step3: Reward=11.82
2026-05-12 12:00:30,049 - INFO - Ep 15 Step 3: Action=9 (IncL4), Layers=[8.0, 5.0, 6.5, 6.0, 6.0, 6.0], Gap=7.0, Reward=11.82
2026-05-12 12:01:10,062 - INFO - FLUKA OK: abl_dql_ep15_step4.inp (32.3s)
2026-05-12 12:01:10,076 - INFO - ustsuw OK â†?/home/marina/caseI/20run_caseI/final_run_confirm_time/abl_dql_ep15_step4_out_tab.lis (5 cycles, unit 24)
2026-05-12 12:01:10,078 - INFO - Ep15 Step4: HCNO: N=32.4%  H=4.4%  C=32.4%  O=30.8%
2026-05-12 12:01:10,078 - INFO - Ep15 Step4: Reward=20.21
2026-05-12 12:01:10,078 - INFO - Ep 15 Step 4: Action=3 (DecL4), Layers=[8.0, 5.0, 6.5, 5.5, 6.0, 6.0], Gap=7.0, Reward=20.21
2026-05-12 12:01:52,782 - INFO - FLUKA OK: abl_dql_ep15_step5.inp (34.5s)
2026-05-12 12:01:52,792 - INFO - ustsuw OK â†?/home/marina/caseI/20run_caseI/final_run_confirm_time/abl_dql_ep15_step5_out_tab.lis (5 cycles, unit 24)
2026-05-12 12:01:52,793 - INFO - Ep15 Step5: HCNO: N=22.5%  H=1.2%  C=35.6%  O=40.7%
2026-05-12 12:01:52,793 - INFO - Ep15 Step5: Reward=5.50
2026-05-12 12:01:52,793 - INFO - Ep 15 Step 5: Action=7 (IncL2), Layers=[8.0, 5.5, 6.5, 5.5, 6.0, 6.0], Gap=7.0, Reward=5.50
2026-05-12 12:02:36,302 - INFO - FLUKA OK: abl_dql_ep15_step6.inp (34.8s)
2026-05-12 12:02:36,319 - INFO - ustsuw OK â†?/home/marina/caseI/20run_caseI/final_run_confirm_time/abl_dql_ep15_step6_out_tab.lis (5 cycles, unit 24)
2026-05-12 12:02:36,319 - INFO - Ep15 Step6: HCNO: N=35.2%  H=4.9%  C=22.3%  O=37.7%
2026-05-12 12:02:36,319 - INFO - Ep15 Step6: Reward=11.32
2026-05-12 12:02:36,320 - INFO - Ep 15 Step 6: Action=7 (IncL2), Layers=[8.0, 6.0, 6.5, 5.5, 6.0, 6.0], Gap=7.0, Reward=11.32
2026-05-12 12:03:18,318 - INFO - FLUKA OK: abl_dql_ep15_step7.inp (33.5s)
2026-05-12 12:03:18,329 - INFO - ustsuw OK â†?/home/marina/caseI/20run_caseI/final_run_confirm_time/abl_dql_ep15_step7_out_tab.lis (5 cycles, unit 24)
2026-05-12 12:03:18,331 - INFO - Ep15 Step7: HCNO: N=32.7%  H=9.8%  C=21.8%  O=35.6%
2026-05-12 12:03:18,331 - INFO - Ep15 Step7: Reward=13.14
2026-05-12 12:03:18,331 - INFO - Ep 15 Step 7: Action=4 (DecL5), Layers=[8.0, 6.0, 6.5, 5.5, 5.5, 6.0], Gap=7.0, Reward=13.14
2026-05-12 12:04:00,340 - INFO - FLUKA OK: abl_dql_ep15_step8.inp (33.6s)
2026-05-12 12:04:00,351 - INFO - ustsuw OK â†?/home/marina/caseI/20run_caseI/final_run_confirm_time/abl_dql_ep15_step8_out_tab.lis (5 cycles, unit 24)
2026-05-12 12:04:00,352 - INFO - Ep15 Step8: HCNO: N=45.3%  H=10.1%  C=11.5%  O=33.0%
2026-05-12 12:04:00,352 - INFO - Ep15 Step8: Reward=9.08
2026-05-12 12:04:00,352 - INFO - Ep 15 Step 8: Action=7 (IncL2), Layers=[8.0, 6.5, 6.5, 5.5, 5.5, 6.0], Gap=7.0, Reward=9.08
2026-05-12 12:04:42,081 - INFO - FLUKA OK: abl_dql_ep15_step9.inp (34.0s)
2026-05-12 12:04:42,091 - INFO - ustsuw OK â†?/home/marina/caseI/20run_caseI/final_run_confirm_time/abl_dql_ep15_step9_out_tab.lis (5 cycles, unit 24)
2026-05-12 12:04:42,091 - INFO - Ep15 Step9: HCNO: N=42.4%  H=9.2%  C=14.9%  O=33.6%
2026-05-12 12:04:42,091 - INFO - Ep15 Step9: Reward=8.52
2026-05-12 12:04:42,091 - INFO - Ep 15 Step 9: Action=5 (DecL6), Layers=[8.0, 6.5, 6.5, 5.5, 5.5, 5.5], Gap=7.0, Reward=8.52
2026-05-12 12:05:25,522 - INFO - FLUKA OK: abl_dql_ep15_step10.inp (34.3s)
2026-05-12 12:05:25,531 - WARNING - prefix 'abl_dql_ep15_step10' unit 24: expected 5 cycle files, found 10: ['abl_dql_ep15_step10001_fort.24', 'abl_dql_ep15_step10002_fort.24', 'abl_dql_ep15_step10003_fort.24', 'abl_dql_ep15_step10004_fort.24', 'abl_dql_ep15_step10005_fort.24', 'abl_dql_ep15_step1001_fort.24', 'abl_dql_ep15_step1002_fort.24', 'abl_dql_ep15_step1003_fort.24', 'abl_dql_ep15_step1004_fort.24', 'abl_dql_ep15_step1005_fort.24']
2026-05-12 12:05:25,534 - INFO - ustsuw OK â†?/home/marina/caseI/20run_caseI/final_run_confirm_time/abl_dql_ep15_step10_out_tab.lis (10 cycles, unit 24)
2026-05-12 12:05:25,534 - INFO - Ep15 Step10: HCNO: N=40.3%  H=8.6%  C=19.7%  O=31.4%
2026-05-12 12:05:25,535 - INFO - Ep15 Step10: Reward=23.81
2026-05-12 12:05:25,535 - INFO - Ep 15 Step 10: Action=3 (DecL4), Layers=[8.0, 6.5, 6.5, 5.0, 5.5, 5.5], Gap=7.0, Reward=23.81
2026-05-12 12:06:09,977 - INFO - FLUKA OK: abl_dql_ep15_step11.inp (35.1s)
2026-05-12 12:06:09,988 - INFO - ustsuw OK â†?/home/marina/caseI/20run_caseI/final_run_confirm_time/abl_dql_ep15_step11_out_tab.lis (5 cycles, unit 24)
2026-05-12 12:06:09,989 - INFO - Ep15 Step11: HCNO: N=41.0%  H=8.9%  C=19.1%  O=31.1%
2026-05-12 12:06:09,989 - INFO - Ep15 Step11: Reward=10.31
2026-05-12 12:06:09,989 - INFO - Ep 15 Step 11: Action=6 (IncL1), Layers=[8.0, 6.5, 6.5, 5.0, 5.5, 5.5], Gap=7.0, Reward=10.31
2026-05-12 12:06:55,750 - INFO - FLUKA OK: abl_dql_ep15_step12.inp (35.9s)
2026-05-12 12:06:55,760 - INFO - ustsuw OK â†?/home/marina/caseI/20run_caseI/final_run_confirm_time/abl_dql_ep15_step12_out_tab.lis (5 cycles, unit 24)
2026-05-12 12:06:55,761 - INFO - Ep15 Step12: HCNO: N=42.4%  H=9.2%  C=14.9%  O=33.6%
2026-05-12 12:06:55,761 - INFO - Ep15 Step12: Reward=8.52
2026-05-12 12:06:55,761 - INFO - Ep 15 Step 12: Action=9 (IncL4), Layers=[8.0, 6.5, 6.5, 5.5, 5.5, 5.5], Gap=7.0, Reward=8.52
2026-05-12 12:07:38,746 - INFO - FLUKA OK: abl_dql_ep15_step13.inp (34.5s)
2026-05-12 12:07:38,757 - INFO - ustsuw OK â†?/home/marina/caseI/20run_caseI/final_run_confirm_time/abl_dql_ep15_step13_out_tab.lis (5 cycles, unit 24)
2026-05-12 12:07:38,757 - INFO - Ep15 Step13: HCNO: N=42.4%  H=9.2%  C=14.9%  O=33.6%
2026-05-12 12:07:38,757 - INFO - Ep15 Step13: Reward=8.52
2026-05-12 12:07:38,758 - INFO - Ep 15 Step 13: Action=6 (IncL1), Layers=[8.0, 6.5, 6.5, 5.5, 5.5, 5.5], Gap=7.0, Reward=8.52
2026-05-12 12:08:24,051 - INFO - FLUKA OK: abl_dql_ep15_step14.inp (36.2s)
2026-05-12 12:08:24,062 - INFO - ustsuw OK â†?/home/marina/caseI/20run_caseI/final_run_confirm_time/abl_dql_ep15_step14_out_tab.lis (5 cycles, unit 24)
2026-05-12 12:08:24,063 - INFO - Ep15 Step14: HCNO: N=42.2%  H=12.1%  C=10.8%  O=34.8%
2026-05-12 12:08:24,063 - INFO - Ep15 Step14: Reward=9.18
2026-05-12 12:08:24,063 - INFO - Ep 15 Step 14: Action=9 (IncL4), Layers=[8.0, 6.5, 6.5, 6.0, 5.5, 5.5], Gap=7.0, Reward=9.18
2026-05-12 12:09:08,528 - INFO - FLUKA OK: abl_dql_ep15_step15.inp (34.9s)
2026-05-12 12:09:08,537 - INFO - ustsuw OK â†?/home/marina/caseI/20run_caseI/final_run_confirm_time/abl_dql_ep15_step15_out_tab.lis (5 cycles, unit 24)
2026-05-12 12:09:08,538 - INFO - Ep15 Step15: HCNO: N=33.7%  H=11.7%  C=33.9%  O=20.8%
2026-05-12 12:09:08,538 - INFO - Ep15 Step15: Reward=14.14
2026-05-12 12:09:08,538 - INFO - Ep 15 Step 15: Action=0 (DecL1), Layers=[7.5, 6.5, 6.5, 6.0, 5.5, 5.5], Gap=7.0, Reward=14.14
2026-05-12 12:09:54,488 - INFO - FLUKA OK: abl_dql_ep15_step16.inp (36.9s)
2026-05-12 12:09:54,502 - INFO - ustsuw OK â†?/home/marina/caseI/20run_caseI/final_run_confirm_time/abl_dql_ep15_step16_out_tab.lis (5 cycles, unit 24)
2026-05-12 12:09:54,504 - INFO - Ep15 Step16: HCNO: N=27.9%  H=1.8%  C=27.7%  O=42.6%
2026-05-12 12:09:54,504 - INFO - Ep15 Step16: Reward=12.56
2026-05-12 12:09:54,504 - INFO - Ep 15 Step 16: Action=1 (DecL2), Layers=[7.5, 6.0, 6.5, 6.0, 5.5, 5.5], Gap=7.0, Reward=12.56
2026-05-12 12:10:40,836 - INFO - FLUKA OK: abl_dql_ep15_step17.inp (35.6s)
2026-05-12 12:10:40,849 - INFO - ustsuw OK â†?/home/marina/caseI/20run_caseI/final_run_confirm_time/abl_dql_ep15_step17_out_tab.lis (5 cycles, unit 24)
2026-05-12 12:10:40,849 - INFO - Ep15 Step17: HCNO: N=35.9%  H=2.6%  C=25.4%  O=36.0%
2026-05-12 12:10:40,849 - INFO - Ep15 Step17: Reward=9.64
2026-05-12 12:10:40,850 - INFO - Ep 15 Step 17: Action=0 (DecL1), Layers=[7.0, 6.0, 6.5, 6.0, 5.5, 5.5], Gap=7.0, Reward=9.64
2026-05-12 12:11:24,238 - INFO - FLUKA OK: abl_dql_ep15_step18.inp (33.9s)
2026-05-12 12:11:24,248 - INFO - ustsuw OK â†?/home/marina/caseI/20run_caseI/final_run_confirm_time/abl_dql_ep15_step18_out_tab.lis (5 cycles, unit 24)
2026-05-12 12:11:24,249 - INFO - Ep15 Step18: HCNO: N=34.1%  H=10.6%  C=34.6%  O=20.7%
2026-05-12 12:11:24,249 - INFO - Ep15 Step18: Reward=6.02
2026-05-12 12:11:24,249 - INFO - Ep 15 Step 18: Action=7 (IncL2), Layers=[7.0, 6.5, 6.5, 6.0, 5.5, 5.5], Gap=7.0, Reward=6.02
2026-05-12 12:12:09,910 - INFO - FLUKA OK: abl_dql_ep15_step19.inp (36.1s)
2026-05-12 12:12:09,920 - INFO - ustsuw OK â†?/home/marina/caseI/20run_caseI/final_run_confirm_time/abl_dql_ep15_step19_out_tab.lis (5 cycles, unit 24)
2026-05-12 12:12:09,921 - INFO - Ep15 Step19: HCNO: N=38.2%  H=8.8%  C=26.3%  O=26.7%
2026-05-12 12:12:09,921 - INFO - Ep15 Step19: Reward=8.25
2026-05-12 12:12:09,921 - INFO - Ep 15 Step 19: Action=0 (DecL1), Layers=[6.5, 6.5, 6.5, 6.0, 5.5, 5.5], Gap=7.0, Reward=8.25
2026-05-12 12:12:47,773 - INFO - FLUKA OK: abl_dql_ep15_step20.inp (31.1s)
2026-05-12 12:12:47,781 - WARNING - prefix 'abl_dql_ep15_step20' unit 24: expected 5 cycle files, found 10: ['abl_dql_ep15_step20001_fort.24', 'abl_dql_ep15_step20002_fort.24', 'abl_dql_ep15_step20003_fort.24', 'abl_dql_ep15_step20004_fort.24', 'abl_dql_ep15_step20005_fort.24', 'abl_dql_ep15_step2001_fort.24', 'abl_dql_ep15_step2002_fort.24', 'abl_dql_ep15_step2003_fort.24', 'abl_dql_ep15_step2004_fort.24', 'abl_dql_ep15_step2005_fort.24']
2026-05-12 12:12:47,812 - INFO - ustsuw OK â†?/home/marina/caseI/20run_caseI/final_run_confirm_time/abl_dql_ep15_step20_out_tab.lis (10 cycles, unit 24)
2026-05-12 12:12:47,813 - INFO - Ep15 Step20: HCNO: N=27.7%  H=7.8%  C=32.9%  O=31.5%
2026-05-12 12:12:47,813 - INFO - Ep15 Step20: Reward=23.59
2026-05-12 12:12:47,813 - INFO - Ep 15 Step 20: Action=5 (DecL6), Layers=[6.5, 6.5, 6.5, 6.0, 5.5, 5.0], Gap=7.0, Reward=23.59
2026-05-12 12:12:54,611 - INFO - Target network updated at episode 15
2026-05-12 12:12:54,611 - INFO - Episode 15: Return=249.97, Best=36.79, Loss=95.9883
2026-05-12 12:13:26,141 - INFO - FLUKA OK: abl_dql_ep16_step1.inp (31.5s)
2026-05-12 12:13:26,150 - INFO - ustsuw OK â†?/home/marina/caseI/20run_caseI/final_run_confirm_time/abl_dql_ep16_step1_out_tab.lis (5 cycles, unit 24)
2026-05-12 12:13:26,151 - INFO - Ep16 Step1: HCNO: N=37.9%  H=6.7%  C=25.1%  O=30.3%
2026-05-12 12:13:26,151 - INFO - Ep16 Step1: Reward=25.75
2026-05-12 12:13:26,151 - INFO - Ep 16 Step 1: Action=8 (IncL3), Layers=[6.5, 2.5, 7.0, 4.5, 2.5, 2.5], Gap=4.0, Reward=25.75
2026-05-12 12:14:04,832 - INFO - FLUKA OK: abl_dql_ep16_step2.inp (31.9s)
2026-05-12 12:14:04,841 - INFO - ustsuw OK â†?/home/marina/caseI/20run_caseI/final_run_confirm_time/abl_dql_ep16_step2_out_tab.lis (5 cycles, unit 24)
2026-05-12 12:14:04,841 - INFO - Ep16 Step2: HCNO: N=40.1%  H=10.8%  C=21.7%  O=27.3%
2026-05-12 12:14:04,842 - INFO - Ep16 Step2: Reward=26.66
2026-05-12 12:14:04,842 - INFO - Ep 16 Step 2: Action=12 (DecGap), Layers=[6.5, 2.5, 7.0, 4.5, 2.5, 2.5], Gap=3.5, Reward=26.66
2026-05-12 12:14:43,827 - INFO - FLUKA OK: abl_dql_ep16_step3.inp (32.3s)
2026-05-12 12:14:43,837 - INFO - ustsuw OK â†?/home/marina/caseI/20run_caseI/final_run_confirm_time/abl_dql_ep16_step3_out_tab.lis (5 cycles, unit 24)
2026-05-12 12:14:43,838 - INFO - Ep16 Step3: HCNO: N=45.9%  H=12.1%  C=21.4%  O=20.5%
2026-05-12 12:14:43,838 - INFO - Ep16 Step3: Reward=16.96
2026-05-12 12:14:43,838 - INFO - Ep 16 Step 3: Action=5 (DecL6), Layers=[6.5, 2.5, 7.0, 4.5, 2.5, 2.0], Gap=3.5, Reward=16.96
2026-05-12 12:15:22,491 - INFO - FLUKA OK: abl_dql_ep16_step4.inp (32.0s)
2026-05-12 12:15:22,500 - INFO - ustsuw OK â†?/home/marina/caseI/20run_caseI/final_run_confirm_time/abl_dql_ep16_step4_out_tab.lis (5 cycles, unit 24)
2026-05-12 12:15:22,500 - INFO - Ep16 Step4: HCNO: N=43.9%  H=7.8%  C=25.7%  O=22.6%
2026-05-12 12:15:22,500 - INFO - Ep16 Step4: Reward=19.80
2026-05-12 12:15:22,501 - INFO - Ep 16 Step 4: Action=0 (DecL1), Layers=[6.0, 2.5, 7.0, 4.5, 2.5, 2.0], Gap=3.5, Reward=19.80
2026-05-12 12:16:01,212 - INFO - FLUKA OK: abl_dql_ep16_step5.inp (31.9s)
2026-05-12 12:16:01,221 - INFO - ustsuw OK â†?/home/marina/caseI/20run_caseI/final_run_confirm_time/abl_dql_ep16_step5_out_tab.lis (5 cycles, unit 24)
2026-05-12 12:16:01,221 - INFO - Ep16 Step5: HCNO: N=45.9%  H=12.1%  C=21.4%  O=20.5%
2026-05-12 12:16:01,221 - INFO - Ep16 Step5: Reward=16.96
2026-05-12 12:16:01,221 - INFO - Ep 16 Step 5: Action=6 (IncL1), Layers=[6.5, 2.5, 7.0, 4.5, 2.5, 2.0], Gap=3.5, Reward=16.96
2026-05-12 12:16:41,380 - INFO - FLUKA OK: abl_dql_ep16_step6.inp (33.5s)
2026-05-12 12:16:41,392 - INFO - ustsuw OK â†?/home/marina/caseI/20run_caseI/final_run_confirm_time/abl_dql_ep16_step6_out_tab.lis (5 cycles, unit 24)
2026-05-12 12:16:41,393 - INFO - Ep16 Step6: HCNO: N=43.6%  H=15.7%  C=19.4%  O=21.3%
2026-05-12 12:16:41,393 - INFO - Ep16 Step6: Reward=14.25
2026-05-12 12:16:41,393 - INFO - Ep 16 Step 6: Action=12 (DecGap), Layers=[6.5, 2.5, 7.0, 4.5, 2.5, 2.0], Gap=3.0, Reward=14.25
2026-05-12 12:17:24,374 - INFO - FLUKA OK: abl_dql_ep16_step7.inp (34.7s)
2026-05-12 12:17:24,383 - INFO - ustsuw OK â†?/home/marina/caseI/20run_caseI/final_run_confirm_time/abl_dql_ep16_step7_out_tab.lis (5 cycles, unit 24)
2026-05-12 12:17:24,384 - INFO - Ep16 Step7: HCNO: N=45.9%  H=12.1%  C=21.4%  O=20.5%
2026-05-12 12:17:24,384 - INFO - Ep16 Step7: Reward=16.96
2026-05-12 12:17:24,384 - INFO - Ep 16 Step 7: Action=13 (IncGap), Layers=[6.5, 2.5, 7.0, 4.5, 2.5, 2.0], Gap=3.5, Reward=16.96
2026-05-12 12:18:05,062 - INFO - FLUKA OK: abl_dql_ep16_step8.inp (32.3s)
2026-05-12 12:18:05,072 - INFO - ustsuw OK â†?/home/marina/caseI/20run_caseI/final_run_confirm_time/abl_dql_ep16_step8_out_tab.lis (5 cycles, unit 24)
2026-05-12 12:18:05,073 - INFO - Ep16 Step8: HCNO: N=43.5%  H=13.8%  C=20.0%  O=22.7%
2026-05-12 12:18:05,073 - INFO - Ep16 Step8: Reward=34.53
2026-05-12 12:18:05,073 - INFO - Ep 16 Step 8: Action=10 (IncL5), Layers=[6.5, 2.5, 7.0, 4.5, 3.0, 2.0], Gap=3.5, Reward=34.53
2026-05-12 12:18:44,928 - INFO - FLUKA OK: abl_dql_ep16_step9.inp (32.2s)
2026-05-12 12:18:44,939 - INFO - ustsuw OK â†?/home/marina/caseI/20run_caseI/final_run_confirm_time/abl_dql_ep16_step9_out_tab.lis (5 cycles, unit 24)
2026-05-12 12:18:44,940 - INFO - Ep16 Step9: HCNO: N=42.2%  H=10.8%  C=21.9%  O=25.2%
2026-05-12 12:18:44,940 - INFO - Ep16 Step9: Reward=23.82
2026-05-12 12:18:44,940 - INFO - Ep 16 Step 9: Action=13 (IncGap), Layers=[6.5, 2.5, 7.0, 4.5, 3.0, 2.0], Gap=4.0, Reward=23.82
2026-05-12 12:19:24,899 - INFO - FLUKA OK: abl_dql_ep16_step10.inp (32.6s)
2026-05-12 12:19:24,907 - WARNING - prefix 'abl_dql_ep16_step10' unit 24: expected 5 cycle files, found 10: ['abl_dql_ep16_step10001_fort.24', 'abl_dql_ep16_step10002_fort.24', 'abl_dql_ep16_step10003_fort.24', 'abl_dql_ep16_step10004_fort.24', 'abl_dql_ep16_step10005_fort.24', 'abl_dql_ep16_step1001_fort.24', 'abl_dql_ep16_step1002_fort.24', 'abl_dql_ep16_step1003_fort.24', 'abl_dql_ep16_step1004_fort.24', 'abl_dql_ep16_step1005_fort.24']
2026-05-12 12:19:24,909 - INFO - ustsuw OK â†?/home/marina/caseI/20run_caseI/final_run_confirm_time/abl_dql_ep16_step10_out_tab.lis (10 cycles, unit 24)
2026-05-12 12:19:24,910 - INFO - Ep16 Step10: HCNO: N=32.0%  H=9.3%  C=26.3%  O=32.4%
2026-05-12 12:19:24,910 - INFO - Ep16 Step10: Reward=26.89
2026-05-12 12:19:24,910 - INFO - Ep 16 Step 10: Action=9 (IncL4), Layers=[6.5, 2.5, 7.0, 5.0, 3.0, 2.0], Gap=4.0, Reward=26.89
2026-05-12 12:20:05,720 - INFO - FLUKA OK: abl_dql_ep16_step11.inp (32.4s)
2026-05-12 12:20:05,732 - INFO - ustsuw OK â†?/home/marina/caseI/20run_caseI/final_run_confirm_time/abl_dql_ep16_step11_out_tab.lis (5 cycles, unit 24)
2026-05-12 12:20:05,732 - INFO - Ep16 Step11: HCNO: N=44.0%  H=5.1%  C=16.0%  O=34.8%
2026-05-12 12:20:05,732 - INFO - Ep16 Step11: Reward=19.57
2026-05-12 12:20:05,732 - INFO - Ep 16 Step 11: Action=7 (IncL2), Layers=[6.5, 3.0, 7.0, 5.0, 3.0, 2.0], Gap=4.0, Reward=19.57
2026-05-12 12:20:45,670 - INFO - FLUKA OK: abl_dql_ep16_step12.inp (32.5s)
2026-05-12 12:20:45,681 - INFO - ustsuw OK â†?/home/marina/caseI/20run_caseI/final_run_confirm_time/abl_dql_ep16_step12_out_tab.lis (5 cycles, unit 24)
2026-05-12 12:20:45,681 - INFO - Ep16 Step12: HCNO: N=34.4%  H=12.3%  C=24.7%  O=28.7%
2026-05-12 12:20:45,681 - INFO - Ep16 Step12: Reward=22.34
2026-05-12 12:20:45,681 - INFO - Ep 16 Step 12: Action=2 (DecL3), Layers=[6.5, 3.0, 6.5, 5.0, 3.0, 2.0], Gap=4.0, Reward=22.34
2026-05-12 12:21:25,272 - INFO - FLUKA OK: abl_dql_ep16_step13.inp (32.0s)
2026-05-12 12:21:25,282 - INFO - ustsuw OK â†?/home/marina/caseI/20run_caseI/final_run_confirm_time/abl_dql_ep16_step13_out_tab.lis (5 cycles, unit 24)
2026-05-12 12:21:25,283 - INFO - Ep16 Step13: HCNO: N=35.4%  H=12.3%  C=22.1%  O=30.1%
2026-05-12 12:21:25,283 - INFO - Ep16 Step13: Reward=22.61
2026-05-12 12:21:25,283 - INFO - Ep 16 Step 13: Action=12 (DecGap), Layers=[6.5, 3.0, 6.5, 5.0, 3.0, 2.0], Gap=3.5, Reward=22.61
2026-05-12 12:22:04,706 - INFO - FLUKA OK: abl_dql_ep16_step14.inp (32.5s)
2026-05-12 12:22:04,716 - INFO - ustsuw OK â†?/home/marina/caseI/20run_caseI/final_run_confirm_time/abl_dql_ep16_step14_out_tab.lis (5 cycles, unit 24)
2026-05-12 12:22:04,717 - INFO - Ep16 Step14: HCNO: N=34.9%  H=11.7%  C=26.5%  O=26.8%
2026-05-12 12:22:04,717 - INFO - Ep16 Step14: Reward=27.08
2026-05-12 12:22:04,717 - INFO - Ep 16 Step 14: Action=2 (DecL3), Layers=[6.5, 3.0, 6.0, 5.0, 3.0, 2.0], Gap=3.5, Reward=27.08
2026-05-12 12:22:43,409 - INFO - FLUKA OK: abl_dql_ep16_step15.inp (31.7s)
2026-05-12 12:22:43,420 - INFO - ustsuw OK â†?/home/marina/caseI/20run_caseI/final_run_confirm_time/abl_dql_ep16_step15_out_tab.lis (5 cycles, unit 24)
2026-05-12 12:22:43,420 - INFO - Ep16 Step15: HCNO: N=36.2%  H=14.1%  C=18.8%  O=30.9%
2026-05-12 12:22:43,420 - INFO - Ep16 Step15: Reward=24.05
2026-05-12 12:22:43,420 - INFO - Ep 16 Step 15: Action=1 (DecL2), Layers=[6.5, 2.5, 6.0, 5.0, 3.0, 2.0], Gap=3.5, Reward=24.05
2026-05-12 12:23:21,500 - INFO - FLUKA OK: abl_dql_ep16_step16.inp (31.4s)
2026-05-12 12:23:21,509 - INFO - ustsuw OK â†?/home/marina/caseI/20run_caseI/final_run_confirm_time/abl_dql_ep16_step16_out_tab.lis (5 cycles, unit 24)
2026-05-12 12:23:21,509 - INFO - Ep16 Step16: HCNO: N=44.0%  H=11.8%  C=18.3%  O=25.8%
2026-05-12 12:23:21,509 - INFO - Ep16 Step16: Reward=29.53
2026-05-12 12:23:21,510 - INFO - Ep 16 Step 16: Action=10 (IncL5), Layers=[6.5, 2.5, 6.0, 5.0, 3.5, 2.0], Gap=3.5, Reward=29.53
2026-05-12 12:23:59,358 - INFO - FLUKA OK: abl_dql_ep16_step17.inp (31.3s)
2026-05-12 12:23:59,367 - INFO - ustsuw OK â†?/home/marina/caseI/20run_caseI/final_run_confirm_time/abl_dql_ep16_step17_out_tab.lis (5 cycles, unit 24)
2026-05-12 12:23:59,368 - INFO - Ep16 Step17: HCNO: N=43.7%  H=11.8%  C=20.1%  O=24.4%
2026-05-12 12:23:59,368 - INFO - Ep16 Step17: Reward=23.23
2026-05-12 12:23:59,368 - INFO - Ep 16 Step 17: Action=6 (IncL1), Layers=[7.0, 2.5, 6.0, 5.0, 3.5, 2.0], Gap=3.5, Reward=23.23
2026-05-12 12:24:37,337 - INFO - FLUKA OK: abl_dql_ep16_step18.inp (31.4s)
2026-05-12 12:24:37,347 - INFO - ustsuw OK â†?/home/marina/caseI/20run_caseI/final_run_confirm_time/abl_dql_ep16_step18_out_tab.lis (5 cycles, unit 24)
2026-05-12 12:24:37,348 - INFO - Ep16 Step18: HCNO: N=44.8%  H=4.7%  C=27.1%  O=23.5%
2026-05-12 12:24:37,348 - INFO - Ep16 Step18: Reward=26.46
2026-05-12 12:24:37,348 - INFO - Ep 16 Step 18: Action=2 (DecL3), Layers=[7.0, 2.5, 5.5, 5.0, 3.5, 2.0], Gap=3.5, Reward=26.46
2026-05-12 12:25:15,429 - INFO - FLUKA OK: abl_dql_ep16_step19.inp (31.2s)
2026-05-12 12:25:15,439 - INFO - ustsuw OK â†?/home/marina/caseI/20run_caseI/final_run_confirm_time/abl_dql_ep16_step19_out_tab.lis (5 cycles, unit 24)
2026-05-12 12:25:15,440 - INFO - Ep16 Step19: HCNO: N=44.8%  H=4.7%  C=27.1%  O=23.5%
2026-05-12 12:25:15,440 - INFO - Ep16 Step19: Reward=26.46
2026-05-12 12:25:15,440 - INFO - Ep 16 Step 19: Action=5 (DecL6), Layers=[7.0, 2.5, 5.5, 5.0, 3.5, 2.0], Gap=3.5, Reward=26.46
2026-05-12 12:25:54,051 - INFO - FLUKA OK: abl_dql_ep16_step20.inp (31.6s)
2026-05-12 12:25:54,059 - WARNING - prefix 'abl_dql_ep16_step20' unit 24: expected 5 cycle files, found 10: ['abl_dql_ep16_step20001_fort.24', 'abl_dql_ep16_step20002_fort.24', 'abl_dql_ep16_step20003_fort.24', 'abl_dql_ep16_step20004_fort.24', 'abl_dql_ep16_step20005_fort.24', 'abl_dql_ep16_step2001_fort.24', 'abl_dql_ep16_step2002_fort.24', 'abl_dql_ep16_step2003_fort.24', 'abl_dql_ep16_step2004_fort.24', 'abl_dql_ep16_step2005_fort.24']
2026-05-12 12:25:54,061 - INFO - ustsuw OK â†?/home/marina/caseI/20run_caseI/final_run_confirm_time/abl_dql_ep16_step20_out_tab.lis (10 cycles, unit 24)
2026-05-12 12:25:54,062 - INFO - Ep16 Step20: HCNO: N=42.3%  H=9.0%  C=23.2%  O=25.6%
2026-05-12 12:25:54,062 - INFO - Ep16 Step20: Reward=32.57
2026-05-12 12:25:54,062 - INFO - Ep 16 Step 20: Action=10 (IncL5), Layers=[7.0, 2.5, 5.5, 5.0, 4.0, 2.0], Gap=3.5, Reward=32.57
2026-05-12 12:26:00,919 - INFO - Episode 16: Return=476.46, Best=36.79, Loss=96.9238
2026-05-12 12:26:33,596 - INFO - FLUKA OK: abl_dql_ep17_step1.inp (32.7s)
2026-05-12 12:26:33,607 - INFO - ustsuw OK â†?/home/marina/caseI/20run_caseI/final_run_confirm_time/abl_dql_ep17_step1_out_tab.lis (5 cycles, unit 24)
2026-05-12 12:26:33,607 - INFO - Ep17 Step1: HCNO: N=28.4%  H=7.8%  C=28.7%  O=35.1%
2026-05-12 12:26:33,607 - INFO - Ep17 Step1: Reward=14.20
2026-05-12 12:26:33,607 - INFO - Ep 17 Step 1: Action=3 (DecL4), Layers=[2.5, 5.0, 5.0, 3.0, 2.0, 7.0], Gap=9.0, Reward=14.20
2026-05-12 12:27:13,341 - INFO - FLUKA OK: abl_dql_ep17_step2.inp (32.8s)
2026-05-12 12:27:13,352 - INFO - ustsuw OK â†?/home/marina/caseI/20run_caseI/final_run_confirm_time/abl_dql_ep17_step2_out_tab.lis (5 cycles, unit 24)
2026-05-12 12:27:13,353 - INFO - Ep17 Step2: HCNO: N=37.7%  H=4.3%  C=30.1%  O=27.9%
2026-05-12 12:27:13,353 - INFO - Ep17 Step2: Reward=18.02
2026-05-12 12:27:13,353 - INFO - Ep 17 Step 2: Action=5 (DecL6), Layers=[2.5, 5.0, 5.0, 3.0, 2.0, 6.5], Gap=9.0, Reward=18.02
2026-05-12 12:27:53,014 - INFO - FLUKA OK: abl_dql_ep17_step3.inp (32.9s)
2026-05-12 12:27:53,024 - INFO - ustsuw OK â†?/home/marina/caseI/20run_caseI/final_run_confirm_time/abl_dql_ep17_step3_out_tab.lis (5 cycles, unit 24)
2026-05-12 12:27:53,024 - INFO - Ep17 Step3: HCNO: N=41.9%  H=12.8%  C=23.2%  O=22.1%
2026-05-12 12:27:53,024 - INFO - Ep17 Step3: Reward=22.91
2026-05-12 12:27:53,024 - INFO - Ep 17 Step 3: Action=2 (DecL3), Layers=[2.5, 5.0, 4.5, 3.0, 2.0, 6.5], Gap=9.0, Reward=22.91
2026-05-12 12:28:33,161 - INFO - FLUKA OK: abl_dql_ep17_step4.inp (33.2s)
2026-05-12 12:28:33,171 - INFO - ustsuw OK â†?/home/marina/caseI/20run_caseI/final_run_confirm_time/abl_dql_ep17_step4_out_tab.lis (5 cycles, unit 24)
2026-05-12 12:28:33,172 - INFO - Ep17 Step4: HCNO: N=37.7%  H=4.3%  C=30.1%  O=27.9%
2026-05-12 12:28:33,172 - INFO - Ep17 Step4: Reward=18.02
2026-05-12 12:28:33,172 - INFO - Ep 17 Step 4: Action=8 (IncL3), Layers=[2.5, 5.0, 5.0, 3.0, 2.0, 6.5], Gap=9.0, Reward=18.02
2026-05-12 12:29:12,997 - INFO - FLUKA OK: abl_dql_ep17_step5.inp (33.1s)
2026-05-12 12:29:13,007 - INFO - ustsuw OK â†?/home/marina/caseI/20run_caseI/final_run_confirm_time/abl_dql_ep17_step5_out_tab.lis (5 cycles, unit 24)
2026-05-12 12:29:13,008 - INFO - Ep17 Step5: HCNO: N=38.9%  H=5.3%  C=28.6%  O=27.2%
2026-05-12 12:29:13,008 - INFO - Ep17 Step5: Reward=22.80
2026-05-12 12:29:13,008 - INFO - Ep 17 Step 5: Action=12 (DecGap), Layers=[2.5, 5.0, 5.0, 3.0, 2.0, 6.5], Gap=8.5, Reward=22.80
2026-05-12 12:29:52,542 - INFO - FLUKA OK: abl_dql_ep17_step6.inp (32.9s)
2026-05-12 12:29:52,552 - INFO - ustsuw OK â†?/home/marina/caseI/20run_caseI/final_run_confirm_time/abl_dql_ep17_step6_out_tab.lis (5 cycles, unit 24)
2026-05-12 12:29:52,553 - INFO - Ep17 Step6: HCNO: N=35.6%  H=10.9%  C=13.6%  O=40.0%
2026-05-12 12:29:52,553 - INFO - Ep17 Step6: Reward=22.71
2026-05-12 12:29:52,553 - INFO - Ep 17 Step 6: Action=6 (IncL1), Layers=[3.0, 5.0, 5.0, 3.0, 2.0, 6.5], Gap=8.5, Reward=22.71
2026-05-12 12:30:32,265 - INFO - FLUKA OK: abl_dql_ep17_step7.inp (33.1s)
2026-05-12 12:30:32,277 - INFO - ustsuw OK â†?/home/marina/caseI/20run_caseI/final_run_confirm_time/abl_dql_ep17_step7_out_tab.lis (5 cycles, unit 24)
2026-05-12 12:30:32,278 - INFO - Ep17 Step7: HCNO: N=32.9%  H=8.3%  C=21.5%  O=37.4%
2026-05-12 12:30:32,278 - INFO - Ep17 Step7: Reward=23.22
2026-05-12 12:30:32,278 - INFO - Ep 17 Step 7: Action=3 (DecL4), Layers=[3.0, 5.0, 5.0, 2.5, 2.0, 6.5], Gap=8.5, Reward=23.22
2026-05-12 12:31:12,120 - INFO - FLUKA OK: abl_dql_ep17_step8.inp (32.8s)
2026-05-12 12:31:12,130 - INFO - ustsuw OK â†?/home/marina/caseI/20run_caseI/final_run_confirm_time/abl_dql_ep17_step8_out_tab.lis (5 cycles, unit 24)
2026-05-12 12:31:12,131 - INFO - Ep17 Step8: HCNO: N=36.6%  H=13.5%  C=16.1%  O=33.8%
2026-05-12 12:31:12,131 - INFO - Ep17 Step8: Reward=22.27
2026-05-12 12:31:12,131 - INFO - Ep 17 Step 8: Action=11 (IncL6), Layers=[3.0, 5.0, 5.0, 2.5, 2.0, 7.0], Gap=8.5, Reward=22.27
2026-05-12 12:31:51,833 - INFO - FLUKA OK: abl_dql_ep17_step9.inp (33.3s)
2026-05-12 12:31:51,843 - INFO - ustsuw OK â†?/home/marina/caseI/20run_caseI/final_run_confirm_time/abl_dql_ep17_step9_out_tab.lis (5 cycles, unit 24)
2026-05-12 12:31:51,844 - INFO - Ep17 Step9: HCNO: N=35.5%  H=8.6%  C=17.6%  O=38.3%
2026-05-12 12:31:51,844 - INFO - Ep17 Step9: Reward=16.20
2026-05-12 12:31:51,844 - INFO - Ep 17 Step 9: Action=11 (IncL6), Layers=[3.0, 5.0, 5.0, 2.5, 2.0, 7.5], Gap=8.5, Reward=16.20
2026-05-12 12:32:31,413 - INFO - FLUKA OK: abl_dql_ep17_step10.inp (33.1s)
2026-05-12 12:32:31,421 - WARNING - prefix 'abl_dql_ep17_step10' unit 24: expected 5 cycle files, found 10: ['abl_dql_ep17_step10001_fort.24', 'abl_dql_ep17_step10002_fort.24', 'abl_dql_ep17_step10003_fort.24', 'abl_dql_ep17_step10004_fort.24', 'abl_dql_ep17_step10005_fort.24', 'abl_dql_ep17_step1001_fort.24', 'abl_dql_ep17_step1002_fort.24', 'abl_dql_ep17_step1003_fort.24', 'abl_dql_ep17_step1004_fort.24', 'abl_dql_ep17_step1005_fort.24']
2026-05-12 12:32:31,423 - INFO - ustsuw OK â†?/home/marina/caseI/20run_caseI/final_run_confirm_time/abl_dql_ep17_step10_out_tab.lis (10 cycles, unit 24)
2026-05-12 12:32:31,424 - INFO - Ep17 Step10: HCNO: N=32.1%  H=10.3%  C=26.4%  O=31.3%
2026-05-12 12:32:31,424 - INFO - Ep17 Step10: Reward=28.63
2026-05-12 12:32:31,424 - INFO - Ep 17 Step 10: Action=0 (DecL1), Layers=[2.5, 5.0, 5.0, 2.5, 2.0, 7.5], Gap=8.5, Reward=28.63
2026-05-12 12:33:11,662 - INFO - FLUKA OK: abl_dql_ep17_step11.inp (33.1s)
2026-05-12 12:33:11,672 - INFO - ustsuw OK â†?/home/marina/caseI/20run_caseI/final_run_confirm_time/abl_dql_ep17_step11_out_tab.lis (5 cycles, unit 24)
2026-05-12 12:33:11,673 - INFO - Ep17 Step11: HCNO: N=30.5%  H=4.7%  C=31.1%  O=33.6%
2026-05-12 12:33:11,673 - INFO - Ep17 Step11: Reward=17.07
2026-05-12 12:33:11,673 - INFO - Ep 17 Step 11: Action=11 (IncL6), Layers=[2.5, 5.0, 5.0, 2.5, 2.0, 8.0], Gap=8.5, Reward=17.07
2026-05-12 12:33:52,088 - INFO - FLUKA OK: abl_dql_ep17_step12.inp (33.5s)
2026-05-12 12:33:52,098 - INFO - ustsuw OK â†?/home/marina/caseI/20run_caseI/final_run_confirm_time/abl_dql_ep17_step12_out_tab.lis (5 cycles, unit 24)
2026-05-12 12:33:52,099 - INFO - Ep17 Step12: HCNO: N=30.5%  H=4.7%  C=31.1%  O=33.6%
2026-05-12 12:33:52,099 - INFO - Ep17 Step12: Reward=17.07
2026-05-12 12:33:52,099 - INFO - Ep 17 Step 12: Action=11 (IncL6), Layers=[2.5, 5.0, 5.0, 2.5, 2.0, 8.0], Gap=8.5, Reward=17.07
2026-05-12 12:34:32,193 - INFO - FLUKA OK: abl_dql_ep17_step13.inp (33.3s)
2026-05-12 12:34:32,203 - INFO - ustsuw OK â†?/home/marina/caseI/20run_caseI/final_run_confirm_time/abl_dql_ep17_step13_out_tab.lis (5 cycles, unit 24)
2026-05-12 12:34:32,203 - INFO - Ep17 Step13: HCNO: N=30.5%  H=4.7%  C=31.1%  O=33.6%
2026-05-12 12:34:32,204 - INFO - Ep17 Step13: Reward=17.07
2026-05-12 12:34:32,204 - INFO - Ep 17 Step 13: Action=11 (IncL6), Layers=[2.5, 5.0, 5.0, 2.5, 2.0, 8.0], Gap=8.5, Reward=17.07
2026-05-12 12:35:11,783 - INFO - FLUKA OK: abl_dql_ep17_step14.inp (32.8s)
2026-05-12 12:35:11,794 - INFO - ustsuw OK â†?/home/marina/caseI/20run_caseI/final_run_confirm_time/abl_dql_ep17_step14_out_tab.lis (5 cycles, unit 24)
2026-05-12 12:35:11,794 - INFO - Ep17 Step14: HCNO: N=40.5%  H=9.1%  C=19.0%  O=31.4%
2026-05-12 12:35:11,794 - INFO - Ep17 Step14: Reward=25.18
2026-05-12 12:35:11,794 - INFO - Ep 17 Step 14: Action=7 (IncL2), Layers=[2.5, 5.5, 5.0, 2.5, 2.0, 8.0], Gap=8.5, Reward=25.18
2026-05-12 12:35:51,820 - INFO - FLUKA OK: abl_dql_ep17_step15.inp (33.3s)
2026-05-12 12:35:51,830 - INFO - ustsuw OK â†?/home/marina/caseI/20run_caseI/final_run_confirm_time/abl_dql_ep17_step15_out_tab.lis (5 cycles, unit 24)
2026-05-12 12:35:51,830 - INFO - Ep17 Step15: HCNO: N=30.5%  H=4.7%  C=31.1%  O=33.6%
2026-05-12 12:35:51,830 - INFO - Ep17 Step15: Reward=17.07
2026-05-12 12:35:51,830 - INFO - Ep 17 Step 15: Action=1 (DecL2), Layers=[2.5, 5.0, 5.0, 2.5, 2.0, 8.0], Gap=8.5, Reward=17.07
2026-05-12 12:36:31,452 - INFO - FLUKA OK: abl_dql_ep17_step16.inp (32.9s)
2026-05-12 12:36:31,463 - INFO - ustsuw OK â†?/home/marina/caseI/20run_caseI/final_run_confirm_time/abl_dql_ep17_step16_out_tab.lis (5 cycles, unit 24)
2026-05-12 12:36:31,463 - INFO - Ep17 Step16: HCNO: N=34.6%  H=6.4%  C=22.7%  O=36.3%
2026-05-12 12:36:31,463 - INFO - Ep17 Step16: Reward=25.75
2026-05-12 12:36:31,463 - INFO - Ep 17 Step 16: Action=6 (IncL1), Layers=[3.0, 5.0, 5.0, 2.5, 2.0, 8.0], Gap=8.5, Reward=25.75
2026-05-12 12:37:10,965 - INFO - FLUKA OK: abl_dql_ep17_step17.inp (32.7s)
2026-05-12 12:37:10,975 - INFO - ustsuw OK â†?/home/marina/caseI/20run_caseI/final_run_confirm_time/abl_dql_ep17_step17_out_tab.lis (5 cycles, unit 24)
2026-05-12 12:37:10,976 - INFO - Ep17 Step17: HCNO: N=35.5%  H=8.6%  C=17.6%  O=38.3%
2026-05-12 12:37:10,976 - INFO - Ep17 Step17: Reward=16.20
2026-05-12 12:37:10,976 - INFO - Ep 17 Step 17: Action=5 (DecL6), Layers=[3.0, 5.0, 5.0, 2.5, 2.0, 7.5], Gap=8.5, Reward=16.20
2026-05-12 12:37:50,307 - INFO - FLUKA OK: abl_dql_ep17_step18.inp (32.7s)
2026-05-12 12:37:50,318 - INFO - ustsuw OK â†?/home/marina/caseI/20run_caseI/final_run_confirm_time/abl_dql_ep17_step18_out_tab.lis (5 cycles, unit 24)
2026-05-12 12:37:50,318 - INFO - Ep17 Step18: HCNO: N=30.5%  H=9.5%  C=12.4%  O=47.6%
2026-05-12 12:37:50,318 - INFO - Ep17 Step18: Reward=24.85
2026-05-12 12:37:50,318 - INFO - Ep 17 Step 18: Action=9 (IncL4), Layers=[3.0, 5.0, 5.0, 3.0, 2.0, 7.5], Gap=8.5, Reward=24.85
2026-05-12 12:38:29,884 - INFO - FLUKA OK: abl_dql_ep17_step19.inp (33.0s)
2026-05-12 12:38:29,894 - INFO - ustsuw OK â†?/home/marina/caseI/20run_caseI/final_run_confirm_time/abl_dql_ep17_step19_out_tab.lis (5 cycles, unit 24)
2026-05-12 12:38:29,894 - INFO - Ep17 Step19: HCNO: N=25.5%  H=11.7%  C=15.4%  O=47.4%
2026-05-12 12:38:29,894 - INFO - Ep17 Step19: Reward=22.30
2026-05-12 12:38:29,894 - INFO - Ep 17 Step 19: Action=12 (DecGap), Layers=[3.0, 5.0, 5.0, 3.0, 2.0, 7.5], Gap=8.0, Reward=22.30
2026-05-12 12:39:10,070 - INFO - FLUKA OK: abl_dql_ep17_step20.inp (32.9s)
2026-05-12 12:39:10,079 - WARNING - prefix 'abl_dql_ep17_step20' unit 24: expected 5 cycle files, found 10: ['abl_dql_ep17_step20001_fort.24', 'abl_dql_ep17_step20002_fort.24', 'abl_dql_ep17_step20003_fort.24', 'abl_dql_ep17_step20004_fort.24', 'abl_dql_ep17_step20005_fort.24', 'abl_dql_ep17_step2001_fort.24', 'abl_dql_ep17_step2002_fort.24', 'abl_dql_ep17_step2003_fort.24', 'abl_dql_ep17_step2004_fort.24', 'abl_dql_ep17_step2005_fort.24']
2026-05-12 12:39:10,081 - INFO - ustsuw OK â†?/home/marina/caseI/20run_caseI/final_run_confirm_time/abl_dql_ep17_step20_out_tab.lis (10 cycles, unit 24)
2026-05-12 12:39:10,082 - INFO - Ep17 Step20: HCNO: N=34.7%  H=6.5%  C=22.6%  O=36.2%
2026-05-12 12:39:10,082 - INFO - Ep17 Step20: Reward=25.87
2026-05-12 12:39:10,082 - INFO - Ep 17 Step 20: Action=13 (IncGap), Layers=[3.0, 5.0, 5.0, 3.0, 2.0, 7.5], Gap=8.5, Reward=25.87
2026-05-12 12:39:16,707 - INFO - Episode 17: Return=417.41, Best=36.79, Loss=96.9870
2026-05-12 12:39:47,768 - INFO - FLUKA OK: abl_dql_ep18_step1.inp (31.0s)
2026-05-12 12:39:47,779 - INFO - ustsuw OK â†?/home/marina/caseI/20run_caseI/final_run_confirm_time/abl_dql_ep18_step1_out_tab.lis (5 cycles, unit 24)
2026-05-12 12:39:47,779 - INFO - Ep18 Step1: HCNO: N=36.3%  H=10.2%  C=24.6%  O=29.0%
2026-05-12 12:39:47,779 - INFO - Ep18 Step1: Reward=24.73
2026-05-12 12:39:47,779 - INFO - Ep 18 Step 1: Action=13 (IncGap), Layers=[6.5, 7.5, 5.5, 7.5, 7.5, 5.5], Gap=7.0, Reward=24.73
2026-05-12 12:40:25,645 - INFO - FLUKA OK: abl_dql_ep18_step2.inp (31.1s)
2026-05-12 12:40:25,656 - INFO - ustsuw OK â†?/home/marina/caseI/20run_caseI/final_run_confirm_time/abl_dql_ep18_step2_out_tab.lis (5 cycles, unit 24)
2026-05-12 12:40:25,657 - INFO - Ep18 Step2: HCNO: N=37.1%  H=10.5%  C=24.6%  O=27.8%
2026-05-12 12:40:25,657 - INFO - Ep18 Step2: Reward=25.35
2026-05-12 12:40:25,657 - INFO - Ep 18 Step 2: Action=13 (IncGap), Layers=[6.5, 7.5, 5.5, 7.5, 7.5, 5.5], Gap=7.5, Reward=25.35
2026-05-12 12:41:04,365 - INFO - FLUKA OK: abl_dql_ep18_step3.inp (31.2s)
2026-05-12 12:41:04,377 - INFO - ustsuw OK â†?/home/marina/caseI/20run_caseI/final_run_confirm_time/abl_dql_ep18_step3_out_tab.lis (5 cycles, unit 24)
2026-05-12 12:41:04,378 - INFO - Ep18 Step3: HCNO: N=38.6%  H=9.6%  C=25.7%  O=26.1%
2026-05-12 12:41:04,378 - INFO - Ep18 Step3: Reward=27.71
2026-05-12 12:41:04,378 - INFO - Ep 18 Step 3: Action=13 (IncGap), Layers=[6.5, 7.5, 5.5, 7.5, 7.5, 5.5], Gap=8.0, Reward=27.71
2026-05-12 12:41:42,651 - INFO - FLUKA OK: abl_dql_ep18_step4.inp (31.4s)
2026-05-12 12:41:42,662 - INFO - ustsuw OK â†?/home/marina/caseI/20run_caseI/final_run_confirm_time/abl_dql_ep18_step4_out_tab.lis (5 cycles, unit 24)
2026-05-12 12:41:42,662 - INFO - Ep18 Step4: HCNO: N=40.9%  H=16.7%  C=15.3%  O=27.1%
2026-05-12 12:41:42,662 - INFO - Ep18 Step4: Reward=11.83
2026-05-12 12:41:42,662 - INFO - Ep 18 Step 4: Action=7 (IncL2), Layers=[6.5, 8.0, 5.5, 7.5, 7.5, 5.5], Gap=8.0, Reward=11.83
2026-05-12 12:42:20,708 - INFO - FLUKA OK: abl_dql_ep18_step5.inp (31.2s)
2026-05-12 12:42:20,720 - INFO - ustsuw OK â†?/home/marina/caseI/20run_caseI/final_run_confirm_time/abl_dql_ep18_step5_out_tab.lis (5 cycles, unit 24)
2026-05-12 12:42:20,720 - INFO - Ep18 Step5: HCNO: N=40.9%  H=16.7%  C=15.3%  O=27.1%
2026-05-12 12:42:20,720 - INFO - Ep18 Step5: Reward=11.83
2026-05-12 12:42:20,720 - INFO - Ep 18 Step 5: Action=7 (IncL2), Layers=[6.5, 8.0, 5.5, 7.5, 7.5, 5.5], Gap=8.0, Reward=11.83
2026-05-12 12:42:58,755 - INFO - FLUKA OK: abl_dql_ep18_step6.inp (31.2s)
2026-05-12 12:42:58,766 - INFO - ustsuw OK â†?/home/marina/caseI/20run_caseI/final_run_confirm_time/abl_dql_ep18_step6_out_tab.lis (5 cycles, unit 24)
2026-05-12 12:42:58,766 - INFO - Ep18 Step6: HCNO: N=32.9%  H=13.9%  C=17.7%  O=35.5%
2026-05-12 12:42:58,766 - INFO - Ep18 Step6: Reward=11.27
2026-05-12 12:42:58,766 - INFO - Ep 18 Step 6: Action=0 (DecL1), Layers=[6.0, 8.0, 5.5, 7.5, 7.5, 5.5], Gap=8.0, Reward=11.27
2026-05-12 12:43:37,110 - INFO - FLUKA OK: abl_dql_ep18_step7.inp (31.6s)
2026-05-12 12:43:37,122 - INFO - ustsuw OK â†?/home/marina/caseI/20run_caseI/final_run_confirm_time/abl_dql_ep18_step7_out_tab.lis (5 cycles, unit 24)
2026-05-12 12:43:37,122 - INFO - Ep18 Step7: HCNO: N=38.1%  H=14.3%  C=10.8%  O=36.8%
2026-05-12 12:43:37,122 - INFO - Ep18 Step7: Reward=8.56
2026-05-12 12:43:37,122 - INFO - Ep 18 Step 7: Action=5 (DecL6), Layers=[6.0, 8.0, 5.5, 7.5, 7.5, 5.0], Gap=8.0, Reward=8.56
2026-05-12 12:44:15,377 - INFO - FLUKA OK: abl_dql_ep18_step8.inp (31.4s)
2026-05-12 12:44:15,387 - INFO - ustsuw OK â†?/home/marina/caseI/20run_caseI/final_run_confirm_time/abl_dql_ep18_step8_out_tab.lis (5 cycles, unit 24)
2026-05-12 12:44:15,388 - INFO - Ep18 Step8: HCNO: N=36.0%  H=9.3%  C=31.1%  O=23.6%
2026-05-12 12:44:15,388 - INFO - Ep18 Step8: Reward=15.13
2026-05-12 12:44:15,388 - INFO - Ep 18 Step 8: Action=9 (IncL4), Layers=[6.0, 8.0, 5.5, 8.0, 7.5, 5.0], Gap=8.0, Reward=15.13
2026-05-12 12:44:53,355 - INFO - FLUKA OK: abl_dql_ep18_step9.inp (31.2s)
2026-05-12 12:44:53,368 - INFO - ustsuw OK â†?/home/marina/caseI/20run_caseI/final_run_confirm_time/abl_dql_ep18_step9_out_tab.lis (5 cycles, unit 24)
2026-05-12 12:44:53,368 - INFO - Ep18 Step9: HCNO: N=23.7%  H=12.4%  C=18.8%  O=45.1%
2026-05-12 12:44:53,368 - INFO - Ep18 Step9: Reward=9.34
2026-05-12 12:44:53,368 - INFO - Ep 18 Step 9: Action=1 (DecL2), Layers=[6.0, 7.5, 5.5, 8.0, 7.5, 5.0], Gap=8.0, Reward=9.34
2026-05-12 12:45:31,058 - INFO - FLUKA OK: abl_dql_ep18_step10.inp (31.1s)
2026-05-12 12:45:31,067 - WARNING - prefix 'abl_dql_ep18_step10' unit 24: expected 5 cycle files, found 10: ['abl_dql_ep18_step10001_fort.24', 'abl_dql_ep18_step10002_fort.24', 'abl_dql_ep18_step10003_fort.24', 'abl_dql_ep18_step10004_fort.24', 'abl_dql_ep18_step10005_fort.24', 'abl_dql_ep18_step1001_fort.24', 'abl_dql_ep18_step1002_fort.24', 'abl_dql_ep18_step1003_fort.24', 'abl_dql_ep18_step1004_fort.24', 'abl_dql_ep18_step1005_fort.24']
2026-05-12 12:45:31,070 - INFO - ustsuw OK â†?/home/marina/caseI/20run_caseI/final_run_confirm_time/abl_dql_ep18_step10_out_tab.lis (10 cycles, unit 24)
2026-05-12 12:45:31,071 - INFO - Ep18 Step10: HCNO: N=34.3%  H=9.7%  C=24.4%  O=31.7%
2026-05-12 12:45:31,071 - INFO - Ep18 Step10: Reward=27.34
2026-05-12 12:45:31,071 - INFO - Ep 18 Step 10: Action=10 (IncL5), Layers=[6.0, 7.5, 5.5, 8.0, 8.0, 5.0], Gap=8.0, Reward=27.34
2026-05-12 12:46:09,664 - INFO - FLUKA OK: abl_dql_ep18_step11.inp (31.5s)
2026-05-12 12:46:09,675 - INFO - ustsuw OK â†?/home/marina/caseI/20run_caseI/final_run_confirm_time/abl_dql_ep18_step11_out_tab.lis (5 cycles, unit 24)
2026-05-12 12:46:09,676 - INFO - Ep18 Step11: HCNO: N=27.2%  H=3.9%  C=29.7%  O=39.2%
2026-05-12 12:46:09,676 - INFO - Ep18 Step11: Reward=12.74
2026-05-12 12:46:09,676 - INFO - Ep 18 Step 11: Action=0 (DecL1), Layers=[5.5, 7.5, 5.5, 8.0, 8.0, 5.0], Gap=8.0, Reward=12.74
2026-05-12 12:46:47,443 - INFO - FLUKA OK: abl_dql_ep18_step12.inp (31.2s)
2026-05-12 12:46:47,453 - INFO - ustsuw OK â†?/home/marina/caseI/20run_caseI/final_run_confirm_time/abl_dql_ep18_step12_out_tab.lis (5 cycles, unit 24)
2026-05-12 12:46:47,454 - INFO - Ep18 Step12: HCNO: N=27.3%  H=9.6%  C=25.6%  O=37.4%
2026-05-12 12:46:47,454 - INFO - Ep18 Step12: Reward=5.78
2026-05-12 12:46:47,454 - INFO - Ep 18 Step 12: Action=8 (IncL3), Layers=[5.5, 7.5, 6.0, 8.0, 8.0, 5.0], Gap=8.0, Reward=5.78
2026-05-12 12:47:25,339 - INFO - FLUKA OK: abl_dql_ep18_step13.inp (31.4s)
2026-05-12 12:47:25,349 - INFO - ustsuw OK â†?/home/marina/caseI/20run_caseI/final_run_confirm_time/abl_dql_ep18_step13_out_tab.lis (5 cycles, unit 24)
2026-05-12 12:47:25,350 - INFO - Ep18 Step13: HCNO: N=20.5%  H=10.5%  C=29.7%  O=39.2%
2026-05-12 12:47:25,350 - INFO - Ep18 Step13: Reward=6.26
2026-05-12 12:47:25,350 - INFO - Ep 18 Step 13: Action=11 (IncL6), Layers=[5.5, 7.5, 6.0, 8.0, 8.0, 5.5], Gap=8.0, Reward=6.26
2026-05-12 12:48:04,366 - INFO - FLUKA OK: abl_dql_ep18_step14.inp (31.5s)
2026-05-12 12:48:04,376 - INFO - ustsuw OK â†?/home/marina/caseI/20run_caseI/final_run_confirm_time/abl_dql_ep18_step14_out_tab.lis (5 cycles, unit 24)
2026-05-12 12:48:04,377 - INFO - Ep18 Step14: HCNO: N=25.6%  H=7.7%  C=27.9%  O=38.8%
2026-05-12 12:48:04,377 - INFO - Ep18 Step14: Reward=4.91
2026-05-12 12:48:04,377 - INFO - Ep 18 Step 14: Action=4 (DecL5), Layers=[5.5, 7.5, 6.0, 8.0, 7.5, 5.5], Gap=8.0, Reward=4.91
2026-05-12 12:48:42,848 - INFO - FLUKA OK: abl_dql_ep18_step15.inp (31.5s)
2026-05-12 12:48:42,859 - INFO - ustsuw OK â†?/home/marina/caseI/20run_caseI/final_run_confirm_time/abl_dql_ep18_step15_out_tab.lis (5 cycles, unit 24)
2026-05-12 12:48:42,860 - INFO - Ep18 Step15: HCNO: N=25.6%  H=7.7%  C=27.9%  O=38.8%
2026-05-12 12:48:42,860 - INFO - Ep18 Step15: Reward=4.91
2026-05-12 12:48:42,860 - INFO - Ep 18 Step 15: Action=9 (IncL4), Layers=[5.5, 7.5, 6.0, 8.0, 7.5, 5.5], Gap=8.0, Reward=4.91
2026-05-12 12:49:20,888 - INFO - FLUKA OK: abl_dql_ep18_step16.inp (31.2s)
2026-05-12 12:49:20,899 - INFO - ustsuw OK â†?/home/marina/caseI/20run_caseI/final_run_confirm_time/abl_dql_ep18_step16_out_tab.lis (5 cycles, unit 24)
2026-05-12 12:49:20,900 - INFO - Ep18 Step16: HCNO: N=19.8%  H=3.6%  C=32.6%  O=44.0%
2026-05-12 12:49:20,900 - INFO - Ep18 Step16: Reward=7.89
2026-05-12 12:49:20,900 - INFO - Ep 18 Step 16: Action=7 (IncL2), Layers=[5.5, 8.0, 6.0, 8.0, 7.5, 5.5], Gap=8.0, Reward=7.89
2026-05-12 12:49:59,053 - INFO - FLUKA OK: abl_dql_ep18_step17.inp (31.4s)
2026-05-12 12:49:59,064 - INFO - ustsuw OK â†?/home/marina/caseI/20run_caseI/final_run_confirm_time/abl_dql_ep18_step17_out_tab.lis (5 cycles, unit 24)
2026-05-12 12:49:59,065 - INFO - Ep18 Step17: HCNO: N=25.6%  H=7.7%  C=27.9%  O=38.8%
2026-05-12 12:49:59,065 - INFO - Ep18 Step17: Reward=4.91
2026-05-12 12:49:59,065 - INFO - Ep 18 Step 17: Action=1 (DecL2), Layers=[5.5, 7.5, 6.0, 8.0, 7.5, 5.5], Gap=8.0, Reward=4.91
2026-05-12 12:50:37,752 - INFO - FLUKA OK: abl_dql_ep18_step18.inp (31.6s)
2026-05-12 12:50:37,765 - INFO - ustsuw OK â†?/home/marina/caseI/20run_caseI/final_run_confirm_time/abl_dql_ep18_step18_out_tab.lis (5 cycles, unit 24)
2026-05-12 12:50:37,765 - INFO - Ep18 Step18: HCNO: N=29.0%  H=3.2%  C=27.1%  O=40.7%
2026-05-12 12:50:37,765 - INFO - Ep18 Step18: Reward=12.19
2026-05-12 12:50:37,765 - INFO - Ep 18 Step 18: Action=3 (DecL4), Layers=[5.5, 7.5, 6.0, 7.5, 7.5, 5.5], Gap=8.0, Reward=12.19
2026-05-12 12:51:16,124 - INFO - FLUKA OK: abl_dql_ep18_step19.inp (31.6s)
2026-05-12 12:51:16,137 - INFO - ustsuw OK â†?/home/marina/caseI/20run_caseI/final_run_confirm_time/abl_dql_ep18_step19_out_tab.lis (5 cycles, unit 24)
2026-05-12 12:51:16,137 - INFO - Ep18 Step19: HCNO: N=32.2%  H=10.6%  C=30.6%  O=26.6%
2026-05-12 12:51:16,138 - INFO - Ep18 Step19: Reward=20.14
2026-05-12 12:51:16,138 - INFO - Ep 18 Step 19: Action=0 (DecL1), Layers=[5.0, 7.5, 6.0, 7.5, 7.5, 5.5], Gap=8.0, Reward=20.14
2026-05-12 12:51:55,175 - INFO - FLUKA OK: abl_dql_ep18_step20.inp (32.3s)
2026-05-12 12:51:55,185 - WARNING - prefix 'abl_dql_ep18_step20' unit 24: expected 5 cycle files, found 10: ['abl_dql_ep18_step20001_fort.24', 'abl_dql_ep18_step20002_fort.24', 'abl_dql_ep18_step20003_fort.24', 'abl_dql_ep18_step20004_fort.24', 'abl_dql_ep18_step20005_fort.24', 'abl_dql_ep18_step2001_fort.24', 'abl_dql_ep18_step2002_fort.24', 'abl_dql_ep18_step2003_fort.24', 'abl_dql_ep18_step2004_fort.24', 'abl_dql_ep18_step2005_fort.24']
2026-05-12 12:51:55,187 - INFO - ustsuw OK â†?/home/marina/caseI/20run_caseI/final_run_confirm_time/abl_dql_ep18_step20_out_tab.lis (10 cycles, unit 24)
2026-05-12 12:51:55,187 - INFO - Ep18 Step20: HCNO: N=40.6%  H=9.5%  C=25.2%  O=24.7%
2026-05-12 12:51:55,187 - INFO - Ep18 Step20: Reward=27.80
2026-05-12 12:51:55,187 - INFO - Ep 18 Step 20: Action=3 (DecL4), Layers=[5.0, 7.5, 6.0, 7.0, 7.5, 5.5], Gap=8.0, Reward=27.80
2026-05-12 12:52:01,810 - INFO - Episode 18: Return=280.63, Best=36.79, Loss=96.1658
2026-05-12 12:52:33,005 - INFO - FLUKA OK: abl_dql_ep19_step1.inp (31.2s)
2026-05-12 12:52:33,017 - INFO - ustsuw OK â†?/home/marina/caseI/20run_caseI/final_run_confirm_time/abl_dql_ep19_step1_out_tab.lis (5 cycles, unit 24)
2026-05-12 12:52:33,018 - INFO - Ep19 Step1: HCNO: N=26.6%  H=19.6%  C=22.6%  O=31.2%
2026-05-12 12:52:33,018 - INFO - Ep19 Step1: Reward=11.99
2026-05-12 12:52:33,018 - INFO - Ep 19 Step 1: Action=0 (DecL1), Layers=[6.5, 4.5, 7.5, 7.5, 5.5, 6.5], Gap=7.0, Reward=11.99
2026-05-12 12:53:11,083 - INFO - FLUKA OK: abl_dql_ep19_step2.inp (31.3s)
2026-05-12 12:53:11,095 - INFO - ustsuw OK â†?/home/marina/caseI/20run_caseI/final_run_confirm_time/abl_dql_ep19_step2_out_tab.lis (5 cycles, unit 24)
2026-05-12 12:53:11,095 - INFO - Ep19 Step2: HCNO: N=30.0%  H=7.6%  C=22.4%  O=39.9%
2026-05-12 12:53:11,095 - INFO - Ep19 Step2: Reward=5.39
2026-05-12 12:53:11,095 - INFO - Ep 19 Step 2: Action=8 (IncL3), Layers=[6.5, 4.5, 8.0, 7.5, 5.5, 6.5], Gap=7.0, Reward=5.39
2026-05-12 12:53:49,358 - INFO - FLUKA OK: abl_dql_ep19_step3.inp (31.6s)
2026-05-12 12:53:49,370 - INFO - ustsuw OK â†?/home/marina/caseI/20run_caseI/final_run_confirm_time/abl_dql_ep19_step3_out_tab.lis (5 cycles, unit 24)
2026-05-12 12:53:49,371 - INFO - Ep19 Step3: HCNO: N=23.0%  H=19.9%  C=30.2%  O=26.9%
2026-05-12 12:53:49,371 - INFO - Ep19 Step3: Reward=11.34
2026-05-12 12:53:49,371 - INFO - Ep 19 Step 3: Action=1 (DecL2), Layers=[6.5, 4.0, 8.0, 7.5, 5.5, 6.5], Gap=7.0, Reward=11.34
2026-05-12 12:54:27,416 - INFO - FLUKA OK: abl_dql_ep19_step4.inp (31.3s)
2026-05-12 12:54:27,427 - INFO - ustsuw OK â†?/home/marina/caseI/20run_caseI/final_run_confirm_time/abl_dql_ep19_step4_out_tab.lis (5 cycles, unit 24)
2026-05-12 12:54:27,427 - INFO - Ep19 Step4: HCNO: N=31.1%  H=2.2%  C=28.7%  O=38.1%
2026-05-12 12:54:27,427 - INFO - Ep19 Step4: Reward=11.02
2026-05-12 12:54:27,428 - INFO - Ep 19 Step 4: Action=6 (IncL1), Layers=[7.0, 4.0, 8.0, 7.5, 5.5, 6.5], Gap=7.0, Reward=11.02
2026-05-12 12:55:05,241 - INFO - FLUKA OK: abl_dql_ep19_step5.inp (31.1s)
2026-05-12 12:55:05,253 - INFO - ustsuw OK â†?/home/marina/caseI/20run_caseI/final_run_confirm_time/abl_dql_ep19_step5_out_tab.lis (5 cycles, unit 24)
2026-05-12 12:55:05,253 - INFO - Ep19 Step5: HCNO: N=31.1%  H=2.2%  C=28.7%  O=38.1%
2026-05-12 12:55:05,253 - INFO - Ep19 Step5: Reward=11.02
2026-05-12 12:55:05,253 - INFO - Ep 19 Step 5: Action=8 (IncL3), Layers=[7.0, 4.0, 8.0, 7.5, 5.5, 6.5], Gap=7.0, Reward=11.02
2026-05-12 12:55:43,928 - INFO - FLUKA OK: abl_dql_ep19_step6.inp (31.5s)
2026-05-12 12:55:43,941 - INFO - ustsuw OK â†?/home/marina/caseI/20run_caseI/final_run_confirm_time/abl_dql_ep19_step6_out_tab.lis (5 cycles, unit 24)
2026-05-12 12:55:43,942 - INFO - Ep19 Step6: HCNO: N=38.9%  H=4.5%  C=20.9%  O=35.6%
2026-05-12 12:55:43,942 - INFO - Ep19 Step6: Reward=11.69
2026-05-12 12:55:43,942 - INFO - Ep 19 Step 6: Action=6 (IncL1), Layers=[7.5, 4.0, 8.0, 7.5, 5.5, 6.5], Gap=7.0, Reward=11.69
2026-05-12 12:56:22,468 - INFO - FLUKA OK: abl_dql_ep19_step7.inp (31.4s)
2026-05-12 12:56:22,479 - INFO - ustsuw OK â†?/home/marina/caseI/20run_caseI/final_run_confirm_time/abl_dql_ep19_step7_out_tab.lis (5 cycles, unit 24)
2026-05-12 12:56:22,480 - INFO - Ep19 Step7: HCNO: N=31.1%  H=2.2%  C=28.7%  O=38.1%
2026-05-12 12:56:22,480 - INFO - Ep19 Step7: Reward=11.02
2026-05-12 12:56:22,480 - INFO - Ep 19 Step 7: Action=0 (DecL1), Layers=[7.0, 4.0, 8.0, 7.5, 5.5, 6.5], Gap=7.0, Reward=11.02
2026-05-12 12:57:01,007 - INFO - FLUKA OK: abl_dql_ep19_step8.inp (31.5s)
2026-05-12 12:57:01,018 - INFO - ustsuw OK â†?/home/marina/caseI/20run_caseI/final_run_confirm_time/abl_dql_ep19_step8_out_tab.lis (5 cycles, unit 24)
2026-05-12 12:57:01,019 - INFO - Ep19 Step8: HCNO: N=39.5%  H=7.2%  C=25.9%  O=27.3%
2026-05-12 12:57:01,019 - INFO - Ep19 Step8: Reward=24.52
2026-05-12 12:57:01,019 - INFO - Ep 19 Step 8: Action=10 (IncL5), Layers=[7.0, 4.0, 8.0, 7.5, 6.0, 6.5], Gap=7.0, Reward=24.52
2026-05-12 12:57:39,165 - INFO - FLUKA OK: abl_dql_ep19_step9.inp (31.4s)
2026-05-12 12:57:39,177 - INFO - ustsuw OK â†?/home/marina/caseI/20run_caseI/final_run_confirm_time/abl_dql_ep19_step9_out_tab.lis (5 cycles, unit 24)
2026-05-12 12:57:39,178 - INFO - Ep19 Step9: HCNO: N=31.1%  H=2.2%  C=28.7%  O=38.1%
2026-05-12 12:57:39,178 - INFO - Ep19 Step9: Reward=11.02
2026-05-12 12:57:39,178 - INFO - Ep 19 Step 9: Action=4 (DecL5), Layers=[7.0, 4.0, 8.0, 7.5, 5.5, 6.5], Gap=7.0, Reward=11.02
2026-05-12 12:58:16,981 - INFO - FLUKA OK: abl_dql_ep19_step10.inp (31.1s)
2026-05-12 12:58:16,990 - WARNING - prefix 'abl_dql_ep19_step10' unit 24: expected 5 cycle files, found 10: ['abl_dql_ep19_step10001_fort.24', 'abl_dql_ep19_step10002_fort.24', 'abl_dql_ep19_step10003_fort.24', 'abl_dql_ep19_step10004_fort.24', 'abl_dql_ep19_step10005_fort.24', 'abl_dql_ep19_step1001_fort.24', 'abl_dql_ep19_step1002_fort.24', 'abl_dql_ep19_step1003_fort.24', 'abl_dql_ep19_step1004_fort.24', 'abl_dql_ep19_step1005_fort.24']
2026-05-12 12:58:16,992 - INFO - ustsuw OK â†?/home/marina/caseI/20run_caseI/final_run_confirm_time/abl_dql_ep19_step10_out_tab.lis (10 cycles, unit 24)
2026-05-12 12:58:16,993 - INFO - Ep19 Step10: HCNO: N=36.5%  H=14.5%  C=21.6%  O=27.4%
2026-05-12 12:58:16,993 - INFO - Ep19 Step10: Reward=21.06
2026-05-12 12:58:16,993 - INFO - Ep 19 Step 10: Action=3 (DecL4), Layers=[7.0, 4.0, 8.0, 7.0, 5.5, 6.5], Gap=7.0, Reward=21.06
2026-05-12 12:58:54,915 - INFO - FLUKA OK: abl_dql_ep19_step11.inp (31.2s)
2026-05-12 12:58:54,927 - INFO - ustsuw OK â†?/home/marina/caseI/20run_caseI/final_run_confirm_time/abl_dql_ep19_step11_out_tab.lis (5 cycles, unit 24)
2026-05-12 12:58:54,928 - INFO - Ep19 Step11: HCNO: N=45.2%  H=11.2%  C=13.1%  O=30.5%
2026-05-12 12:58:54,928 - INFO - Ep19 Step11: Reward=8.81
2026-05-12 12:58:54,928 - INFO - Ep 19 Step 11: Action=4 (DecL5), Layers=[7.0, 4.0, 8.0, 7.0, 5.0, 6.5], Gap=7.0, Reward=8.81
2026-05-12 12:59:33,764 - INFO - FLUKA OK: abl_dql_ep19_step12.inp (31.7s)
2026-05-12 12:59:33,775 - INFO - ustsuw OK â†?/home/marina/caseI/20run_caseI/final_run_confirm_time/abl_dql_ep19_step12_out_tab.lis (5 cycles, unit 24)
2026-05-12 12:59:33,776 - INFO - Ep19 Step12: HCNO: N=28.2%  H=11.6%  C=29.9%  O=30.2%
2026-05-12 12:59:33,776 - INFO - Ep19 Step12: Reward=18.17
2026-05-12 12:59:33,776 - INFO - Ep 19 Step 12: Action=4 (DecL5), Layers=[7.0, 4.0, 8.0, 7.0, 4.5, 6.5], Gap=7.0, Reward=18.17
2026-05-12 13:00:11,789 - INFO - FLUKA OK: abl_dql_ep19_step13.inp (31.2s)
2026-05-12 13:00:11,800 - INFO - ustsuw OK â†?/home/marina/caseI/20run_caseI/final_run_confirm_time/abl_dql_ep19_step13_out_tab.lis (5 cycles, unit 24)
2026-05-12 13:00:11,800 - INFO - Ep19 Step13: HCNO: N=45.2%  H=11.2%  C=13.1%  O=30.5%
2026-05-12 13:00:11,800 - INFO - Ep19 Step13: Reward=8.81
2026-05-12 13:00:11,800 - INFO - Ep 19 Step 13: Action=10 (IncL5), Layers=[7.0, 4.0, 8.0, 7.0, 5.0, 6.5], Gap=7.0, Reward=8.81
2026-05-12 13:00:50,166 - INFO - FLUKA OK: abl_dql_ep19_step14.inp (31.7s)
2026-05-12 13:00:50,178 - INFO - ustsuw OK â†?/home/marina/caseI/20run_caseI/final_run_confirm_time/abl_dql_ep19_step14_out_tab.lis (5 cycles, unit 24)
2026-05-12 13:00:50,178 - INFO - Ep19 Step14: HCNO: N=47.3%  H=5.6%  C=19.6%  O=27.4%
2026-05-12 13:00:50,179 - INFO - Ep19 Step14: Reward=17.89
2026-05-12 13:00:50,179 - INFO - Ep 19 Step 14: Action=9 (IncL4), Layers=[7.0, 4.0, 8.0, 7.5, 5.0, 6.5], Gap=7.0, Reward=17.89
2026-05-12 13:01:28,361 - INFO - FLUKA OK: abl_dql_ep19_step15.inp (31.6s)
2026-05-12 13:01:28,371 - INFO - ustsuw OK â†?/home/marina/caseI/20run_caseI/final_run_confirm_time/abl_dql_ep19_step15_out_tab.lis (5 cycles, unit 24)
2026-05-12 13:01:28,372 - INFO - Ep19 Step15: HCNO: N=28.0%  H=7.4%  C=26.6%  O=38.0%
2026-05-12 13:01:28,372 - INFO - Ep19 Step15: Reward=10.55
2026-05-12 13:01:28,372 - INFO - Ep 19 Step 15: Action=9 (IncL4), Layers=[7.0, 4.0, 8.0, 8.0, 5.0, 6.5], Gap=7.0, Reward=10.55
2026-05-12 13:02:06,791 - INFO - FLUKA OK: abl_dql_ep19_step16.inp (31.4s)
2026-05-12 13:02:06,801 - INFO - ustsuw OK â†?/home/marina/caseI/20run_caseI/final_run_confirm_time/abl_dql_ep19_step16_out_tab.lis (5 cycles, unit 24)
2026-05-12 13:02:06,802 - INFO - Ep19 Step16: HCNO: N=30.7%  H=6.1%  C=26.7%  O=36.5%
2026-05-12 13:02:06,802 - INFO - Ep19 Step16: Reward=6.03
2026-05-12 13:02:06,802 - INFO - Ep 19 Step 16: Action=13 (IncGap), Layers=[7.0, 4.0, 8.0, 8.0, 5.0, 6.5], Gap=7.5, Reward=6.03
2026-05-12 13:02:44,932 - INFO - FLUKA OK: abl_dql_ep19_step17.inp (31.2s)
2026-05-12 13:02:44,944 - INFO - ustsuw OK â†?/home/marina/caseI/20run_caseI/final_run_confirm_time/abl_dql_ep19_step17_out_tab.lis (5 cycles, unit 24)
2026-05-12 13:02:44,945 - INFO - Ep19 Step17: HCNO: N=36.2%  H=5.3%  C=22.8%  O=35.7%
2026-05-12 13:02:44,945 - INFO - Ep19 Step17: Reward=10.76
2026-05-12 13:02:44,945 - INFO - Ep 19 Step 17: Action=6 (IncL1), Layers=[7.5, 4.0, 8.0, 8.0, 5.0, 6.5], Gap=7.5, Reward=10.76
2026-05-12 13:03:23,533 - INFO - FLUKA OK: abl_dql_ep19_step18.inp (31.6s)
2026-05-12 13:03:23,545 - INFO - ustsuw OK â†?/home/marina/caseI/20run_caseI/final_run_confirm_time/abl_dql_ep19_step18_out_tab.lis (5 cycles, unit 24)
2026-05-12 13:03:23,546 - INFO - Ep19 Step18: HCNO: N=40.2%  H=5.2%  C=24.7%  O=29.9%
2026-05-12 13:03:23,546 - INFO - Ep19 Step18: Reward=6.40
2026-05-12 13:03:23,546 - INFO - Ep 19 Step 18: Action=3 (DecL4), Layers=[7.5, 4.0, 8.0, 7.5, 5.0, 6.5], Gap=7.5, Reward=6.40
2026-05-12 13:04:01,661 - INFO - FLUKA OK: abl_dql_ep19_step19.inp (31.2s)
2026-05-12 13:04:01,672 - INFO - ustsuw OK â†?/home/marina/caseI/20run_caseI/final_run_confirm_time/abl_dql_ep19_step19_out_tab.lis (5 cycles, unit 24)
2026-05-12 13:04:01,672 - INFO - Ep19 Step19: HCNO: N=40.2%  H=5.2%  C=24.7%  O=29.9%
2026-05-12 13:04:01,672 - INFO - Ep19 Step19: Reward=6.40
2026-05-12 13:04:01,672 - INFO - Ep 19 Step 19: Action=8 (IncL3), Layers=[7.5, 4.0, 8.0, 7.5, 5.0, 6.5], Gap=7.5, Reward=6.40
2026-05-12 13:04:40,005 - INFO - FLUKA OK: abl_dql_ep19_step20.inp (31.5s)
2026-05-12 13:04:40,016 - WARNING - prefix 'abl_dql_ep19_step20' unit 24: expected 5 cycle files, found 10: ['abl_dql_ep19_step20001_fort.24', 'abl_dql_ep19_step20002_fort.24', 'abl_dql_ep19_step20003_fort.24', 'abl_dql_ep19_step20004_fort.24', 'abl_dql_ep19_step20005_fort.24', 'abl_dql_ep19_step2001_fort.24', 'abl_dql_ep19_step2002_fort.24', 'abl_dql_ep19_step2003_fort.24', 'abl_dql_ep19_step2004_fort.24', 'abl_dql_ep19_step2005_fort.24']
2026-05-12 13:04:40,018 - INFO - ustsuw OK â†?/home/marina/caseI/20run_caseI/final_run_confirm_time/abl_dql_ep19_step20_out_tab.lis (10 cycles, unit 24)
2026-05-12 13:04:40,018 - INFO - Ep19 Step20: HCNO: N=40.6%  H=6.2%  C=20.6%  O=32.5%
2026-05-12 13:04:40,018 - INFO - Ep19 Step20: Reward=19.74
2026-05-12 13:04:40,018 - INFO - Ep 19 Step 20: Action=0 (DecL1), Layers=[7.0, 4.0, 8.0, 7.5, 5.0, 6.5], Gap=7.5, Reward=19.74
2026-05-12 13:04:46,815 - INFO - Episode 19: Return=243.60, Best=36.79, Loss=95.0898
2026-05-12 13:05:18,999 - INFO - FLUKA OK: abl_dql_ep20_step1.inp (32.2s)
2026-05-12 13:05:19,012 - INFO - ustsuw OK â†?/home/marina/caseI/20run_caseI/final_run_confirm_time/abl_dql_ep20_step1_out_tab.lis (5 cycles, unit 24)
2026-05-12 13:05:19,012 - INFO - Ep20 Step1: HCNO: N=31.9%  H=11.1%  C=29.3%  O=27.6%
2026-05-12 13:05:19,013 - INFO - Ep20 Step1: Reward=22.09
2026-05-12 13:05:19,013 - INFO - Ep 20 Step 1: Action=5 (DecL6), Layers=[3.5, 7.0, 2.5, 4.0, 6.5, 2.0], Gap=7.0, Reward=22.09
2026-05-12 13:05:58,041 - INFO - FLUKA OK: abl_dql_ep20_step2.inp (32.3s)
2026-05-12 13:05:58,052 - INFO - ustsuw OK â†?/home/marina/caseI/20run_caseI/final_run_confirm_time/abl_dql_ep20_step2_out_tab.lis (5 cycles, unit 24)
2026-05-12 13:05:58,052 - INFO - Ep20 Step2: HCNO: N=39.0%  H=9.5%  C=23.0%  O=28.5%
2026-05-12 13:05:58,052 - INFO - Ep20 Step2: Reward=31.68
2026-05-12 13:05:58,052 - INFO - Ep 20 Step 2: Action=10 (IncL5), Layers=[3.5, 7.0, 2.5, 4.0, 7.0, 2.0], Gap=7.0, Reward=31.68
2026-05-12 13:06:37,044 - INFO - FLUKA OK: abl_dql_ep20_step3.inp (32.3s)
2026-05-12 13:06:37,056 - INFO - ustsuw OK â†?/home/marina/caseI/20run_caseI/final_run_confirm_time/abl_dql_ep20_step3_out_tab.lis (5 cycles, unit 24)
2026-05-12 13:06:37,057 - INFO - Ep20 Step3: HCNO: N=39.0%  H=9.5%  C=23.0%  O=28.5%
2026-05-12 13:06:37,057 - INFO - Ep20 Step3: Reward=31.68
2026-05-12 13:06:37,057 - INFO - Ep 20 Step 3: Action=5 (DecL6), Layers=[3.5, 7.0, 2.5, 4.0, 7.0, 2.0], Gap=7.0, Reward=31.68
2026-05-12 13:07:16,116 - INFO - FLUKA OK: abl_dql_ep20_step4.inp (32.4s)
2026-05-12 13:07:16,127 - INFO - ustsuw OK â†?/home/marina/caseI/20run_caseI/final_run_confirm_time/abl_dql_ep20_step4_out_tab.lis (5 cycles, unit 24)
2026-05-12 13:07:16,128 - INFO - Ep20 Step4: HCNO: N=43.9%  H=13.0%  C=18.5%  O=24.5%
2026-05-12 13:07:16,128 - INFO - Ep20 Step4: Reward=20.27
2026-05-12 13:07:16,128 - INFO - Ep 20 Step 4: Action=10 (IncL5), Layers=[3.5, 7.0, 2.5, 4.0, 7.5, 2.0], Gap=7.0, Reward=20.27
2026-05-12 13:07:55,684 - INFO - FLUKA OK: abl_dql_ep20_step5.inp (32.9s)
2026-05-12 13:07:55,696 - INFO - ustsuw OK â†?/home/marina/caseI/20run_caseI/final_run_confirm_time/abl_dql_ep20_step5_out_tab.lis (5 cycles, unit 24)
2026-05-12 13:07:55,697 - INFO - Ep20 Step5: HCNO: N=36.0%  H=8.0%  C=26.3%  O=29.7%
2026-05-12 13:07:55,697 - INFO - Ep20 Step5: Reward=16.71
2026-05-12 13:07:55,697 - INFO - Ep 20 Step 5: Action=1 (DecL2), Layers=[3.5, 6.5, 2.5, 4.0, 7.5, 2.0], Gap=7.0, Reward=16.71
2026-05-12 13:08:34,623 - INFO - FLUKA OK: abl_dql_ep20_step6.inp (32.3s)
2026-05-12 13:08:34,635 - INFO - ustsuw OK â†?/home/marina/caseI/20run_caseI/final_run_confirm_time/abl_dql_ep20_step6_out_tab.lis (5 cycles, unit 24)
2026-05-12 13:08:34,636 - INFO - Ep20 Step6: HCNO: N=44.0%  H=12.3%  C=21.1%  O=22.7%
2026-05-12 13:08:34,636 - INFO - Ep20 Step6: Reward=16.84
2026-05-12 13:08:34,636 - INFO - Ep 20 Step 6: Action=8 (IncL3), Layers=[3.5, 6.5, 3.0, 4.0, 7.5, 2.0], Gap=7.0, Reward=16.84
2026-05-12 13:09:13,853 - INFO - FLUKA OK: abl_dql_ep20_step7.inp (32.6s)
2026-05-12 13:09:13,864 - INFO - ustsuw OK â†?/home/marina/caseI/20run_caseI/final_run_confirm_time/abl_dql_ep20_step7_out_tab.lis (5 cycles, unit 24)
2026-05-12 13:09:13,864 - INFO - Ep20 Step7: HCNO: N=44.6%  H=8.3%  C=21.1%  O=26.0%
2026-05-12 13:09:13,864 - INFO - Ep20 Step7: Reward=18.47
2026-05-12 13:09:13,864 - INFO - Ep 20 Step 7: Action=0 (DecL1), Layers=[3.0, 6.5, 3.0, 4.0, 7.5, 2.0], Gap=7.0, Reward=18.47
2026-05-12 13:09:53,350 - INFO - FLUKA OK: abl_dql_ep20_step8.inp (32.9s)
2026-05-12 13:09:53,361 - INFO - ustsuw OK â†?/home/marina/caseI/20run_caseI/final_run_confirm_time/abl_dql_ep20_step8_out_tab.lis (5 cycles, unit 24)
2026-05-12 13:09:53,361 - INFO - Ep20 Step8: HCNO: N=39.2%  H=9.7%  C=23.8%  O=27.3%
2026-05-12 13:09:53,361 - INFO - Ep20 Step8: Reward=13.74
2026-05-12 13:09:53,361 - INFO - Ep 20 Step 8: Action=12 (DecGap), Layers=[3.0, 6.5, 3.0, 4.0, 7.5, 2.0], Gap=6.5, Reward=13.74
2026-05-12 13:10:32,994 - INFO - FLUKA OK: abl_dql_ep20_step9.inp (32.5s)
2026-05-12 13:10:33,005 - INFO - ustsuw OK â†?/home/marina/caseI/20run_caseI/final_run_confirm_time/abl_dql_ep20_step9_out_tab.lis (5 cycles, unit 24)
2026-05-12 13:10:33,006 - INFO - Ep20 Step9: HCNO: N=35.3%  H=13.9%  C=19.3%  O=31.6%
2026-05-12 13:10:33,006 - INFO - Ep20 Step9: Reward=17.58
2026-05-12 13:10:33,006 - INFO - Ep 20 Step 9: Action=6 (IncL1), Layers=[3.5, 6.5, 3.0, 4.0, 7.5, 2.0], Gap=6.5, Reward=17.58
2026-05-12 13:11:12,617 - INFO - FLUKA OK: abl_dql_ep20_step10.inp (32.5s)
2026-05-12 13:11:12,628 - WARNING - prefix 'abl_dql_ep20_step10' unit 24: expected 5 cycle files, found 10: ['abl_dql_ep20_step10001_fort.24', 'abl_dql_ep20_step10002_fort.24', 'abl_dql_ep20_step10003_fort.24', 'abl_dql_ep20_step10004_fort.24', 'abl_dql_ep20_step10005_fort.24', 'abl_dql_ep20_step1001_fort.24', 'abl_dql_ep20_step1002_fort.24', 'abl_dql_ep20_step1003_fort.24', 'abl_dql_ep20_step1004_fort.24', 'abl_dql_ep20_step1005_fort.24']
2026-05-12 13:11:12,630 - INFO - ustsuw OK â†?/home/marina/caseI/20run_caseI/final_run_confirm_time/abl_dql_ep20_step10_out_tab.lis (10 cycles, unit 24)
2026-05-12 13:11:12,630 - INFO - Ep20 Step10: HCNO: N=32.6%  H=10.0%  C=27.9%  O=29.6%
2026-05-12 13:11:12,630 - INFO - Ep20 Step10: Reward=28.59
2026-05-12 13:11:12,630 - INFO - Ep 20 Step 10: Action=7 (IncL2), Layers=[3.5, 7.0, 3.0, 4.0, 7.5, 2.0], Gap=6.5, Reward=28.59
2026-05-12 13:11:52,228 - INFO - FLUKA OK: abl_dql_ep20_step11.inp (32.7s)
2026-05-12 13:11:52,241 - INFO - ustsuw OK â†?/home/marina/caseI/20run_caseI/final_run_confirm_time/abl_dql_ep20_step11_out_tab.lis (5 cycles, unit 24)
2026-05-12 13:11:52,242 - INFO - Ep20 Step11: HCNO: N=33.5%  H=8.5%  C=26.0%  O=32.1%
2026-05-12 13:11:52,242 - INFO - Ep20 Step11: Reward=18.55
2026-05-12 13:11:52,242 - INFO - Ep 20 Step 11: Action=5 (DecL6), Layers=[3.5, 7.0, 3.0, 4.0, 7.5, 2.0], Gap=6.5, Reward=18.55
2026-05-12 13:12:31,245 - INFO - FLUKA OK: abl_dql_ep20_step12.inp (32.2s)
2026-05-12 13:12:31,257 - INFO - ustsuw OK â†?/home/marina/caseI/20run_caseI/final_run_confirm_time/abl_dql_ep20_step12_out_tab.lis (5 cycles, unit 24)
2026-05-12 13:12:31,258 - INFO - Ep20 Step12: HCNO: N=42.2%  H=6.5%  C=23.7%  O=27.6%
2026-05-12 13:12:31,258 - INFO - Ep20 Step12: Reward=24.48
2026-05-12 13:12:31,258 - INFO - Ep 20 Step 12: Action=11 (IncL6), Layers=[3.5, 7.0, 3.0, 4.0, 7.5, 2.5], Gap=6.5, Reward=24.48
2026-05-12 13:13:15,830 - INFO - FLUKA OK: abl_dql_ep20_step13.inp (37.7s)
2026-05-12 13:13:15,842 - INFO - ustsuw OK â†?/home/marina/caseI/20run_caseI/final_run_confirm_time/abl_dql_ep20_step13_out_tab.lis (5 cycles, unit 24)
2026-05-12 13:13:15,843 - INFO - Ep20 Step13: HCNO: N=35.6%  H=11.7%  C=19.4%  O=33.4%
2026-05-12 13:13:15,844 - INFO - Ep20 Step13: Reward=19.72
2026-05-12 13:13:15,844 - INFO - Ep 20 Step 13: Action=7 (IncL2), Layers=[3.5, 7.5, 3.0, 4.0, 7.5, 2.5], Gap=6.5, Reward=19.72
2026-05-12 13:14:02,669 - INFO - FLUKA OK: abl_dql_ep20_step14.inp (38.1s)
2026-05-12 13:14:02,682 - INFO - ustsuw OK â†?/home/marina/caseI/20run_caseI/final_run_confirm_time/abl_dql_ep20_step14_out_tab.lis (5 cycles, unit 24)
2026-05-12 13:14:02,683 - INFO - Ep20 Step14: HCNO: N=41.3%  H=10.1%  C=26.4%  O=22.3%
2026-05-12 13:14:02,683 - INFO - Ep20 Step14: Reward=22.12
2026-05-12 13:14:02,683 - INFO - Ep 20 Step 14: Action=9 (IncL4), Layers=[3.5, 7.5, 3.0, 4.5, 7.5, 2.5], Gap=6.5, Reward=22.12
2026-05-12 13:14:46,375 - INFO - FLUKA OK: abl_dql_ep20_step15.inp (35.7s)
2026-05-12 13:14:46,390 - INFO - ustsuw OK â†?/home/marina/caseI/20run_caseI/final_run_confirm_time/abl_dql_ep20_step15_out_tab.lis (5 cycles, unit 24)
2026-05-12 13:14:46,391 - INFO - Ep20 Step15: HCNO: N=40.2%  H=13.5%  C=19.1%  O=27.1%
2026-05-12 13:14:46,391 - INFO - Ep20 Step15: Reward=23.39
2026-05-12 13:14:46,391 - INFO - Ep 20 Step 15: Action=6 (IncL1), Layers=[4.0, 7.5, 3.0, 4.5, 7.5, 2.5], Gap=6.5, Reward=23.39
2026-05-12 13:15:37,889 - INFO - FLUKA OK: abl_dql_ep20_step16.inp (39.9s)
2026-05-12 13:15:37,904 - INFO - ustsuw OK â†?/home/marina/caseI/20run_caseI/final_run_confirm_time/abl_dql_ep20_step16_out_tab.lis (5 cycles, unit 24)
2026-05-12 13:15:37,904 - INFO - Ep20 Step16: HCNO: N=30.5%  H=22.7%  C=18.7%  O=28.1%
2026-05-12 13:15:37,904 - INFO - Ep20 Step16: Reward=13.50
2026-05-12 13:15:37,904 - INFO - Ep 20 Step 16: Action=3 (DecL4), Layers=[4.0, 7.5, 3.0, 4.0, 7.5, 2.5], Gap=6.5, Reward=13.50
2026-05-12 13:16:25,978 - INFO - FLUKA OK: abl_dql_ep20_step17.inp (37.3s)
2026-05-12 13:16:25,990 - INFO - ustsuw OK â†?/home/marina/caseI/20run_caseI/final_run_confirm_time/abl_dql_ep20_step17_out_tab.lis (5 cycles, unit 24)
2026-05-12 13:16:25,991 - INFO - Ep20 Step17: HCNO: N=35.6%  H=11.7%  C=19.4%  O=33.4%
2026-05-12 13:16:25,991 - INFO - Ep20 Step17: Reward=19.72
2026-05-12 13:16:25,991 - INFO - Ep 20 Step 17: Action=0 (DecL1), Layers=[3.5, 7.5, 3.0, 4.0, 7.5, 2.5], Gap=6.5, Reward=19.72
2026-05-12 13:17:14,653 - INFO - FLUKA OK: abl_dql_ep20_step18.inp (38.8s)
2026-05-12 13:17:14,665 - INFO - ustsuw OK â†?/home/marina/caseI/20run_caseI/final_run_confirm_time/abl_dql_ep20_step18_out_tab.lis (5 cycles, unit 24)
2026-05-12 13:17:14,666 - INFO - Ep20 Step18: HCNO: N=42.6%  H=9.5%  C=23.2%  O=24.6%
2026-05-12 13:17:14,666 - INFO - Ep20 Step18: Reward=19.54
2026-05-12 13:17:14,666 - INFO - Ep 20 Step 18: Action=0 (DecL1), Layers=[3.0, 7.5, 3.0, 4.0, 7.5, 2.5], Gap=6.5, Reward=19.54
2026-05-12 13:17:59,939 - INFO - FLUKA OK: abl_dql_ep20_step19.inp (37.5s)
2026-05-12 13:17:59,958 - INFO - ustsuw OK â†?/home/marina/caseI/20run_caseI/final_run_confirm_time/abl_dql_ep20_step19_out_tab.lis (5 cycles, unit 24)
2026-05-12 13:17:59,959 - INFO - Ep20 Step19: HCNO: N=50.8%  H=7.0%  C=20.1%  O=22.2%
2026-05-12 13:17:59,959 - INFO - Ep20 Step19: Reward=27.20
2026-05-12 13:17:59,960 - INFO - Ep 20 Step 19: Action=8 (IncL3), Layers=[3.0, 7.5, 3.5, 4.0, 7.5, 2.5], Gap=6.5, Reward=27.20
2026-05-12 13:18:51,434 - INFO - FLUKA OK: abl_dql_ep20_step20.inp (40.7s)
2026-05-12 13:18:51,449 - WARNING - prefix 'abl_dql_ep20_step20' unit 24: expected 5 cycle files, found 10: ['abl_dql_ep20_step20001_fort.24', 'abl_dql_ep20_step20002_fort.24', 'abl_dql_ep20_step20003_fort.24', 'abl_dql_ep20_step20004_fort.24', 'abl_dql_ep20_step20005_fort.24', 'abl_dql_ep20_step2001_fort.24', 'abl_dql_ep20_step2002_fort.24', 'abl_dql_ep20_step2003_fort.24', 'abl_dql_ep20_step2004_fort.24', 'abl_dql_ep20_step2005_fort.24']
2026-05-12 13:18:51,452 - INFO - ustsuw OK â†?/home/marina/caseI/20run_caseI/final_run_confirm_time/abl_dql_ep20_step20_out_tab.lis (10 cycles, unit 24)
2026-05-12 13:18:51,452 - INFO - Ep20 Step20: HCNO: N=41.8%  H=8.1%  C=20.4%  O=29.8%
2026-05-12 13:18:51,453 - INFO - Ep20 Step20: Reward=31.69
2026-05-12 13:18:51,453 - INFO - Ep 20 Step 20: Action=10 (IncL5), Layers=[3.0, 7.5, 3.5, 4.0, 8.0, 2.5], Gap=6.5, Reward=31.69
2026-05-12 13:19:01,150 - INFO - Target network updated at episode 20
2026-05-12 13:19:01,150 - INFO - Episode 20: Return=437.55, Best=36.79, Loss=93.5797
2026-05-12 13:19:34,962 - INFO - FLUKA OK: abl_dql_ep21_step1.inp (33.8s)
2026-05-12 13:19:34,979 - INFO - ustsuw OK â†?/home/marina/caseI/20run_caseI/final_run_confirm_time/abl_dql_ep21_step1_out_tab.lis (5 cycles, unit 24)
2026-05-12 13:19:34,980 - INFO - Ep21 Step1: HCNO: N=47.0%  H=7.7%  C=21.6%  O=23.6%
2026-05-12 13:19:34,980 - INFO - Ep21 Step1: Reward=21.52
2026-05-12 13:19:34,980 - INFO - Ep 21 Step 1: Action=8 (IncL3), Layers=[8.0, 5.5, 7.0, 2.0, 3.0, 2.5], Gap=4.5, Reward=21.52
2026-05-12 13:20:17,810 - INFO - FLUKA OK: abl_dql_ep21_step2.inp (34.2s)
2026-05-12 13:20:17,824 - INFO - ustsuw OK â†?/home/marina/caseI/20run_caseI/final_run_confirm_time/abl_dql_ep21_step2_out_tab.lis (5 cycles, unit 24)
2026-05-12 13:20:17,825 - INFO - Ep21 Step2: HCNO: N=39.3%  H=7.7%  C=23.3%  O=29.6%
2026-05-12 13:20:17,825 - INFO - Ep21 Step2: Reward=22.58
2026-05-12 13:20:17,825 - INFO - Ep 21 Step 2: Action=4 (DecL5), Layers=[8.0, 5.5, 7.0, 2.0, 2.5, 2.5], Gap=4.5, Reward=22.58
2026-05-12 13:21:01,990 - INFO - FLUKA OK: abl_dql_ep21_step3.inp (33.5s)
2026-05-12 13:21:02,002 - INFO - ustsuw OK â†?/home/marina/caseI/20run_caseI/final_run_confirm_time/abl_dql_ep21_step3_out_tab.lis (5 cycles, unit 24)
2026-05-12 13:21:02,003 - INFO - Ep21 Step3: HCNO: N=32.3%  H=12.3%  C=23.5%  O=31.9%
2026-05-12 13:21:02,003 - INFO - Ep21 Step3: Reward=22.15
2026-05-12 13:21:02,003 - INFO - Ep 21 Step 3: Action=8 (IncL3), Layers=[8.0, 5.5, 7.5, 2.0, 2.5, 2.5], Gap=4.5, Reward=22.15
2026-05-12 13:21:43,471 - INFO - FLUKA OK: abl_dql_ep21_step4.inp (34.0s)
2026-05-12 13:21:43,484 - INFO - ustsuw OK â†?/home/marina/caseI/20run_caseI/final_run_confirm_time/abl_dql_ep21_step4_out_tab.lis (5 cycles, unit 24)
2026-05-12 13:21:43,485 - INFO - Ep21 Step4: HCNO: N=39.3%  H=7.7%  C=23.3%  O=29.6%
2026-05-12 13:21:43,485 - INFO - Ep21 Step4: Reward=22.58
2026-05-12 13:21:43,485 - INFO - Ep 21 Step 4: Action=2 (DecL3), Layers=[8.0, 5.5, 7.0, 2.0, 2.5, 2.5], Gap=4.5, Reward=22.58
2026-05-12 13:22:24,045 - INFO - FLUKA OK: abl_dql_ep21_step5.inp (32.2s)
2026-05-12 13:22:24,058 - INFO - ustsuw OK â†?/home/marina/caseI/20run_caseI/final_run_confirm_time/abl_dql_ep21_step5_out_tab.lis (5 cycles, unit 24)
2026-05-12 13:22:24,058 - INFO - Ep21 Step5: HCNO: N=39.0%  H=10.8%  C=15.0%  O=35.3%
2026-05-12 13:22:24,058 - INFO - Ep21 Step5: Reward=20.19
2026-05-12 13:22:24,058 - INFO - Ep 21 Step 5: Action=5 (DecL6), Layers=[8.0, 5.5, 7.0, 2.0, 2.5, 2.0], Gap=4.5, Reward=20.19
2026-05-12 13:23:03,738 - INFO - FLUKA OK: abl_dql_ep21_step6.inp (31.6s)
2026-05-12 13:23:03,751 - INFO - ustsuw OK â†?/home/marina/caseI/20run_caseI/final_run_confirm_time/abl_dql_ep21_step6_out_tab.lis (5 cycles, unit 24)
2026-05-12 13:23:03,751 - INFO - Ep21 Step6: HCNO: N=35.0%  H=10.3%  C=21.4%  O=33.3%
2026-05-12 13:23:03,751 - INFO - Ep21 Step6: Reward=24.97
2026-05-12 13:23:03,751 - INFO - Ep 21 Step 6: Action=8 (IncL3), Layers=[8.0, 5.5, 7.5, 2.0, 2.5, 2.0], Gap=4.5, Reward=24.97
2026-05-12 13:23:42,217 - INFO - FLUKA OK: abl_dql_ep21_step7.inp (31.2s)
2026-05-12 13:23:42,230 - INFO - ustsuw OK â†?/home/marina/caseI/20run_caseI/final_run_confirm_time/abl_dql_ep21_step7_out_tab.lis (5 cycles, unit 24)
2026-05-12 13:23:42,231 - INFO - Ep21 Step7: HCNO: N=40.8%  H=7.7%  C=20.3%  O=31.2%
2026-05-12 13:23:42,231 - INFO - Ep21 Step7: Reward=17.74
2026-05-12 13:23:42,231 - INFO - Ep 21 Step 7: Action=8 (IncL3), Layers=[8.0, 5.5, 8.0, 2.0, 2.5, 2.0], Gap=4.5, Reward=17.74
2026-05-12 13:24:21,264 - INFO - FLUKA OK: abl_dql_ep21_step8.inp (31.9s)
2026-05-12 13:24:21,278 - INFO - ustsuw OK â†?/home/marina/caseI/20run_caseI/final_run_confirm_time/abl_dql_ep21_step8_out_tab.lis (5 cycles, unit 24)
2026-05-12 13:24:21,279 - INFO - Ep21 Step8: HCNO: N=40.8%  H=7.7%  C=20.3%  O=31.2%
2026-05-12 13:24:21,279 - INFO - Ep21 Step8: Reward=17.74
2026-05-12 13:24:21,279 - INFO - Ep 21 Step 8: Action=8 (IncL3), Layers=[8.0, 5.5, 8.0, 2.0, 2.5, 2.0], Gap=4.5, Reward=17.74
2026-05-12 13:25:00,859 - INFO - FLUKA OK: abl_dql_ep21_step9.inp (32.2s)
2026-05-12 13:25:00,873 - INFO - ustsuw OK â†?/home/marina/caseI/20run_caseI/final_run_confirm_time/abl_dql_ep21_step9_out_tab.lis (5 cycles, unit 24)
2026-05-12 13:25:00,874 - INFO - Ep21 Step9: HCNO: N=40.8%  H=7.7%  C=20.3%  O=31.2%
2026-05-12 13:25:00,874 - INFO - Ep21 Step9: Reward=17.74
2026-05-12 13:25:00,874 - INFO - Ep 21 Step 9: Action=3 (DecL4), Layers=[8.0, 5.5, 8.0, 2.0, 2.5, 2.0], Gap=4.5, Reward=17.74
2026-05-12 13:25:40,641 - INFO - FLUKA OK: abl_dql_ep21_step10.inp (32.3s)
2026-05-12 13:25:40,651 - WARNING - prefix 'abl_dql_ep21_step10' unit 24: expected 5 cycle files, found 10: ['abl_dql_ep21_step10001_fort.24', 'abl_dql_ep21_step10002_fort.24', 'abl_dql_ep21_step10003_fort.24', 'abl_dql_ep21_step10004_fort.24', 'abl_dql_ep21_step10005_fort.24', 'abl_dql_ep21_step1001_fort.24', 'abl_dql_ep21_step1002_fort.24', 'abl_dql_ep21_step1003_fort.24', 'abl_dql_ep21_step1004_fort.24', 'abl_dql_ep21_step1005_fort.24']
2026-05-12 13:25:40,654 - INFO - ustsuw OK â†?/home/marina/caseI/20run_caseI/final_run_confirm_time/abl_dql_ep21_step10_out_tab.lis (10 cycles, unit 24)
2026-05-12 13:25:40,654 - INFO - Ep21 Step10: HCNO: N=44.5%  H=6.6%  C=22.0%  O=26.8%
2026-05-12 13:25:40,654 - INFO - Ep21 Step10: Reward=29.10
2026-05-12 13:25:40,654 - INFO - Ep 21 Step 10: Action=10 (IncL5), Layers=[8.0, 5.5, 8.0, 2.0, 3.0, 2.0], Gap=4.5, Reward=29.10
2026-05-12 13:26:19,804 - INFO - FLUKA OK: abl_dql_ep21_step11.inp (31.9s)
2026-05-12 13:26:19,819 - INFO - ustsuw OK â†?/home/marina/caseI/20run_caseI/final_run_confirm_time/abl_dql_ep21_step11_out_tab.lis (5 cycles, unit 24)
2026-05-12 13:26:19,819 - INFO - Ep21 Step11: HCNO: N=40.9%  H=5.9%  C=20.0%  O=33.2%
2026-05-12 13:26:19,819 - INFO - Ep21 Step11: Reward=22.28
2026-05-12 13:26:19,819 - INFO - Ep 21 Step 11: Action=13 (IncGap), Layers=[8.0, 5.5, 8.0, 2.0, 3.0, 2.0], Gap=5.0, Reward=22.28
2026-05-12 13:26:59,028 - INFO - FLUKA OK: abl_dql_ep21_step12.inp (31.8s)
2026-05-12 13:26:59,041 - INFO - ustsuw OK â†?/home/marina/caseI/20run_caseI/final_run_confirm_time/abl_dql_ep21_step12_out_tab.lis (5 cycles, unit 24)
2026-05-12 13:26:59,042 - INFO - Ep21 Step12: HCNO: N=42.5%  H=6.7%  C=20.1%  O=30.6%
2026-05-12 13:26:59,042 - INFO - Ep21 Step12: Reward=19.48
2026-05-12 13:26:59,042 - INFO - Ep 21 Step 12: Action=13 (IncGap), Layers=[8.0, 5.5, 8.0, 2.0, 3.0, 2.0], Gap=5.5, Reward=19.48
2026-05-12 13:27:39,950 - INFO - FLUKA OK: abl_dql_ep21_step13.inp (32.8s)
2026-05-12 13:27:39,965 - INFO - ustsuw OK â†?/home/marina/caseI/20run_caseI/final_run_confirm_time/abl_dql_ep21_step13_out_tab.lis (5 cycles, unit 24)
2026-05-12 13:27:39,966 - INFO - Ep21 Step13: HCNO: N=42.5%  H=6.7%  C=20.1%  O=30.6%
2026-05-12 13:27:39,966 - INFO - Ep21 Step13: Reward=19.48
2026-05-12 13:27:39,966 - INFO - Ep 21 Step 13: Action=5 (DecL6), Layers=[8.0, 5.5, 8.0, 2.0, 3.0, 2.0], Gap=5.5, Reward=19.48
2026-05-12 13:28:19,977 - INFO - FLUKA OK: abl_dql_ep21_step14.inp (32.0s)
2026-05-12 13:28:19,990 - INFO - ustsuw OK â†?/home/marina/caseI/20run_caseI/final_run_confirm_time/abl_dql_ep21_step14_out_tab.lis (5 cycles, unit 24)
2026-05-12 13:28:19,991 - INFO - Ep21 Step14: HCNO: N=33.9%  H=3.5%  C=33.2%  O=29.4%
2026-05-12 13:28:19,991 - INFO - Ep21 Step14: Reward=13.89
2026-05-12 13:28:19,991 - INFO - Ep 21 Step 14: Action=10 (IncL5), Layers=[8.0, 5.5, 8.0, 2.0, 3.5, 2.0], Gap=5.5, Reward=13.89
2026-05-12 13:29:00,273 - INFO - FLUKA OK: abl_dql_ep21_step15.inp (32.8s)
2026-05-12 13:29:00,286 - INFO - ustsuw OK â†?/home/marina/caseI/20run_caseI/final_run_confirm_time/abl_dql_ep21_step15_out_tab.lis (5 cycles, unit 24)
2026-05-12 13:29:00,286 - INFO - Ep21 Step15: HCNO: N=36.6%  H=7.3%  C=23.8%  O=32.3%
2026-05-12 13:29:00,286 - INFO - Ep21 Step15: Reward=19.91
2026-05-12 13:29:00,286 - INFO - Ep 21 Step 15: Action=11 (IncL6), Layers=[8.0, 5.5, 8.0, 2.0, 3.5, 2.5], Gap=5.5, Reward=19.91
2026-05-12 13:29:41,399 - INFO - FLUKA OK: abl_dql_ep21_step16.inp (32.7s)
2026-05-12 13:29:41,413 - INFO - ustsuw OK â†?/home/marina/caseI/20run_caseI/final_run_confirm_time/abl_dql_ep21_step16_out_tab.lis (5 cycles, unit 24)
2026-05-12 13:29:41,413 - INFO - Ep21 Step16: HCNO: N=44.4%  H=8.8%  C=18.8%  O=28.0%
2026-05-12 13:29:41,413 - INFO - Ep21 Step16: Reward=21.78
2026-05-12 13:29:41,414 - INFO - Ep 21 Step 16: Action=1 (DecL2), Layers=[8.0, 5.0, 8.0, 2.0, 3.5, 2.5], Gap=5.5, Reward=21.78
2026-05-12 13:30:21,982 - INFO - FLUKA OK: abl_dql_ep21_step17.inp (32.4s)
2026-05-12 13:30:21,996 - INFO - ustsuw OK â†?/home/marina/caseI/20run_caseI/final_run_confirm_time/abl_dql_ep21_step17_out_tab.lis (5 cycles, unit 24)
2026-05-12 13:30:21,997 - INFO - Ep21 Step17: HCNO: N=48.4%  H=6.2%  C=16.3%  O=29.1%
2026-05-12 13:30:21,997 - INFO - Ep21 Step17: Reward=19.31
2026-05-12 13:30:21,997 - INFO - Ep 21 Step 17: Action=12 (DecGap), Layers=[8.0, 5.0, 8.0, 2.0, 3.5, 2.5], Gap=5.0, Reward=19.31
2026-05-12 13:31:01,260 - INFO - FLUKA OK: abl_dql_ep21_step18.inp (31.8s)
2026-05-12 13:31:01,273 - INFO - ustsuw OK â†?/home/marina/caseI/20run_caseI/final_run_confirm_time/abl_dql_ep21_step18_out_tab.lis (5 cycles, unit 24)
2026-05-12 13:31:01,274 - INFO - Ep21 Step18: HCNO: N=41.1%  H=8.8%  C=26.3%  O=23.9%
2026-05-12 13:31:01,274 - INFO - Ep21 Step18: Reward=22.37
2026-05-12 13:31:01,274 - INFO - Ep 21 Step 18: Action=10 (IncL5), Layers=[8.0, 5.0, 8.0, 2.0, 4.0, 2.5], Gap=5.0, Reward=22.37
2026-05-12 13:31:41,042 - INFO - FLUKA OK: abl_dql_ep21_step19.inp (32.6s)
2026-05-12 13:31:41,057 - INFO - ustsuw OK â†?/home/marina/caseI/20run_caseI/final_run_confirm_time/abl_dql_ep21_step19_out_tab.lis (5 cycles, unit 24)
2026-05-12 13:31:41,057 - INFO - Ep21 Step19: HCNO: N=44.3%  H=9.1%  C=23.2%  O=23.4%
2026-05-12 13:31:41,057 - INFO - Ep21 Step19: Reward=21.71
2026-05-12 13:31:41,057 - INFO - Ep 21 Step 19: Action=12 (DecGap), Layers=[8.0, 5.0, 8.0, 2.0, 4.0, 2.5], Gap=4.5, Reward=21.71
2026-05-12 13:32:21,153 - INFO - FLUKA OK: abl_dql_ep21_step20.inp (32.5s)
2026-05-12 13:32:21,165 - WARNING - prefix 'abl_dql_ep21_step20' unit 24: expected 5 cycle files, found 10: ['abl_dql_ep21_step20001_fort.24', 'abl_dql_ep21_step20002_fort.24', 'abl_dql_ep21_step20003_fort.24', 'abl_dql_ep21_step20004_fort.24', 'abl_dql_ep21_step20005_fort.24', 'abl_dql_ep21_step2001_fort.24', 'abl_dql_ep21_step2002_fort.24', 'abl_dql_ep21_step2003_fort.24', 'abl_dql_ep21_step2004_fort.24', 'abl_dql_ep21_step2005_fort.24']
2026-05-12 13:32:21,168 - INFO - ustsuw OK â†?/home/marina/caseI/20run_caseI/final_run_confirm_time/abl_dql_ep21_step20_out_tab.lis (10 cycles, unit 24)
2026-05-12 13:32:21,168 - INFO - Ep21 Step20: HCNO: N=42.0%  H=7.0%  C=22.2%  O=28.8%
2026-05-12 13:32:21,168 - INFO - Ep21 Step20: Reward=29.21
2026-05-12 13:32:21,169 - INFO - Ep 21 Step 20: Action=10 (IncL5), Layers=[8.0, 5.0, 8.0, 2.0, 4.5, 2.5], Gap=4.5, Reward=29.21
2026-05-12 13:32:28,699 - INFO - Episode 21: Return=425.72, Best=36.79, Loss=93.1346
2026-05-12 13:33:02,738 - INFO - FLUKA OK: abl_dql_ep22_step1.inp (34.0s)
2026-05-12 13:33:02,751 - INFO - ustsuw OK â†?/home/marina/caseI/20run_caseI/final_run_confirm_time/abl_dql_ep22_step1_out_tab.lis (5 cycles, unit 24)
2026-05-12 13:33:02,751 - INFO - Ep22 Step1: HCNO: N=39.6%  H=7.2%  C=27.2%  O=26.0%
2026-05-12 13:33:02,751 - INFO - Ep22 Step1: Reward=16.38
2026-05-12 13:33:02,751 - INFO - Ep 22 Step 1: Action=0 (DecL1), Layers=[4.0, 7.0, 6.5, 5.0, 3.0, 3.5], Gap=4.5, Reward=16.38
2026-05-12 13:33:43,485 - INFO - FLUKA OK: abl_dql_ep22_step2.inp (33.7s)
2026-05-12 13:33:43,498 - INFO - ustsuw OK â†?/home/marina/caseI/20run_caseI/final_run_confirm_time/abl_dql_ep22_step2_out_tab.lis (5 cycles, unit 24)
2026-05-12 13:33:43,499 - INFO - Ep22 Step2: HCNO: N=31.7%  H=8.0%  C=26.5%  O=33.7%
2026-05-12 13:33:43,499 - INFO - Ep22 Step2: Reward=25.05
2026-05-12 13:33:43,499 - INFO - Ep 22 Step 2: Action=0 (DecL1), Layers=[3.5, 7.0, 6.5, 5.0, 3.0, 3.5], Gap=4.5, Reward=25.05
2026-05-12 13:34:26,017 - INFO - FLUKA OK: abl_dql_ep22_step3.inp (34.5s)
2026-05-12 13:34:26,034 - INFO - ustsuw OK â†?/home/marina/caseI/20run_caseI/final_run_confirm_time/abl_dql_ep22_step3_out_tab.lis (5 cycles, unit 24)
2026-05-12 13:34:26,035 - INFO - Ep22 Step3: HCNO: N=31.7%  H=13.0%  C=31.2%  O=24.1%
2026-05-12 13:34:26,035 - INFO - Ep22 Step3: Reward=19.56
2026-05-12 13:34:26,035 - INFO - Ep 22 Step 3: Action=9 (IncL4), Layers=[3.5, 7.0, 6.5, 5.5, 3.0, 3.5], Gap=4.5, Reward=19.56
2026-05-12 13:35:10,771 - INFO - FLUKA OK: abl_dql_ep22_step4.inp (34.4s)
2026-05-12 13:35:10,785 - INFO - ustsuw OK â†?/home/marina/caseI/20run_caseI/final_run_confirm_time/abl_dql_ep22_step4_out_tab.lis (5 cycles, unit 24)
2026-05-12 13:35:10,785 - INFO - Ep22 Step4: HCNO: N=31.7%  H=8.0%  C=26.5%  O=33.7%
2026-05-12 13:35:10,786 - INFO - Ep22 Step4: Reward=25.05
2026-05-12 13:35:10,786 - INFO - Ep 22 Step 4: Action=3 (DecL4), Layers=[3.5, 7.0, 6.5, 5.0, 3.0, 3.5], Gap=4.5, Reward=25.05
2026-05-12 13:35:52,245 - INFO - FLUKA OK: abl_dql_ep22_step5.inp (33.4s)
2026-05-12 13:35:52,258 - INFO - ustsuw OK â†?/home/marina/caseI/20run_caseI/final_run_confirm_time/abl_dql_ep22_step5_out_tab.lis (5 cycles, unit 24)
2026-05-12 13:35:52,259 - INFO - Ep22 Step5: HCNO: N=39.6%  H=7.2%  C=27.2%  O=26.0%
2026-05-12 13:35:52,259 - INFO - Ep22 Step5: Reward=16.38
2026-05-12 13:35:52,259 - INFO - Ep 22 Step 5: Action=6 (IncL1), Layers=[4.0, 7.0, 6.5, 5.0, 3.0, 3.5], Gap=4.5, Reward=16.38
2026-05-12 13:36:31,555 - INFO - FLUKA OK: abl_dql_ep22_step6.inp (32.2s)
2026-05-12 13:36:31,568 - INFO - ustsuw OK â†?/home/marina/caseI/20run_caseI/final_run_confirm_time/abl_dql_ep22_step6_out_tab.lis (5 cycles, unit 24)
2026-05-12 13:36:31,569 - INFO - Ep22 Step6: HCNO: N=51.2%  H=8.3%  C=18.9%  O=21.6%
2026-05-12 13:36:31,569 - INFO - Ep22 Step6: Reward=25.56
2026-05-12 13:36:31,569 - INFO - Ep 22 Step 6: Action=11 (IncL6), Layers=[4.0, 7.0, 6.5, 5.0, 3.0, 4.0], Gap=4.5, Reward=25.56
2026-05-12 13:37:10,522 - INFO - FLUKA OK: abl_dql_ep22_step7.inp (32.0s)
2026-05-12 13:37:10,535 - INFO - ustsuw OK â†?/home/marina/caseI/20run_caseI/final_run_confirm_time/abl_dql_ep22_step7_out_tab.lis (5 cycles, unit 24)
2026-05-12 13:37:10,535 - INFO - Ep22 Step7: HCNO: N=36.2%  H=6.1%  C=31.9%  O=25.8%
2026-05-12 13:37:10,535 - INFO - Ep22 Step7: Reward=18.76
2026-05-12 13:37:10,535 - INFO - Ep 22 Step 7: Action=7 (IncL2), Layers=[4.0, 7.5, 6.5, 5.0, 3.0, 4.0], Gap=4.5, Reward=18.76
2026-05-12 13:37:50,032 - INFO - FLUKA OK: abl_dql_ep22_step8.inp (31.9s)
2026-05-12 13:37:50,045 - INFO - ustsuw OK â†?/home/marina/caseI/20run_caseI/final_run_confirm_time/abl_dql_ep22_step8_out_tab.lis (5 cycles, unit 24)
2026-05-12 13:37:50,046 - INFO - Ep22 Step8: HCNO: N=51.0%  H=10.6%  C=19.3%  O=19.1%
2026-05-12 13:37:50,046 - INFO - Ep22 Step8: Reward=16.07
2026-05-12 13:37:50,046 - INFO - Ep 22 Step 8: Action=2 (DecL3), Layers=[4.0, 7.5, 6.0, 5.0, 3.0, 4.0], Gap=4.5, Reward=16.07
2026-05-12 13:38:28,978 - INFO - FLUKA OK: abl_dql_ep22_step9.inp (32.0s)
2026-05-12 13:38:28,993 - INFO - ustsuw OK â†?/home/marina/caseI/20run_caseI/final_run_confirm_time/abl_dql_ep22_step9_out_tab.lis (5 cycles, unit 24)
2026-05-12 13:38:28,994 - INFO - Ep22 Step9: HCNO: N=37.9%  H=9.1%  C=25.3%  O=27.7%
2026-05-12 13:38:28,994 - INFO - Ep22 Step9: Reward=27.99
2026-05-12 13:38:28,994 - INFO - Ep 22 Step 9: Action=7 (IncL2), Layers=[4.0, 8.0, 6.0, 5.0, 3.0, 4.0], Gap=4.5, Reward=27.99
2026-05-12 13:39:08,700 - INFO - FLUKA OK: abl_dql_ep22_step10.inp (32.5s)
2026-05-12 13:39:08,711 - WARNING - prefix 'abl_dql_ep22_step10' unit 24: expected 5 cycle files, found 10: ['abl_dql_ep22_step10001_fort.24', 'abl_dql_ep22_step10002_fort.24', 'abl_dql_ep22_step10003_fort.24', 'abl_dql_ep22_step10004_fort.24', 'abl_dql_ep22_step10005_fort.24', 'abl_dql_ep22_step1001_fort.24', 'abl_dql_ep22_step1002_fort.24', 'abl_dql_ep22_step1003_fort.24', 'abl_dql_ep22_step1004_fort.24', 'abl_dql_ep22_step1005_fort.24']
2026-05-12 13:39:08,713 - INFO - ustsuw OK â†?/home/marina/caseI/20run_caseI/final_run_confirm_time/abl_dql_ep22_step10_out_tab.lis (10 cycles, unit 24)
2026-05-12 13:39:08,714 - INFO - Ep22 Step10: HCNO: N=37.7%  H=9.1%  C=26.9%  O=26.4%
2026-05-12 13:39:08,714 - INFO - Ep22 Step10: Reward=22.92
2026-05-12 13:39:08,714 - INFO - Ep 22 Step 10: Action=0 (DecL1), Layers=[3.5, 8.0, 6.0, 5.0, 3.0, 4.0], Gap=4.5, Reward=22.92
2026-05-12 13:39:48,145 - INFO - FLUKA OK: abl_dql_ep22_step11.inp (32.5s)
2026-05-12 13:39:48,158 - INFO - ustsuw OK â†?/home/marina/caseI/20run_caseI/final_run_confirm_time/abl_dql_ep22_step11_out_tab.lis (5 cycles, unit 24)
2026-05-12 13:39:48,159 - INFO - Ep22 Step11: HCNO: N=37.9%  H=9.1%  C=25.3%  O=27.7%
2026-05-12 13:39:48,159 - INFO - Ep22 Step11: Reward=27.99
2026-05-12 13:39:48,159 - INFO - Ep 22 Step 11: Action=6 (IncL1), Layers=[4.0, 8.0, 6.0, 5.0, 3.0, 4.0], Gap=4.5, Reward=27.99
2026-05-12 13:40:27,575 - INFO - FLUKA OK: abl_dql_ep22_step12.inp (32.3s)
2026-05-12 13:40:27,589 - INFO - ustsuw OK â†?/home/marina/caseI/20run_caseI/final_run_confirm_time/abl_dql_ep22_step12_out_tab.lis (5 cycles, unit 24)
2026-05-12 13:40:27,589 - INFO - Ep22 Step12: HCNO: N=37.9%  H=9.1%  C=25.3%  O=27.7%
2026-05-12 13:40:27,589 - INFO - Ep22 Step12: Reward=27.99
2026-05-12 13:40:27,589 - INFO - Ep 22 Step 12: Action=7 (IncL2), Layers=[4.0, 8.0, 6.0, 5.0, 3.0, 4.0], Gap=4.5, Reward=27.99
2026-05-12 13:41:06,180 - INFO - FLUKA OK: abl_dql_ep22_step13.inp (31.7s)
2026-05-12 13:41:06,193 - INFO - ustsuw OK â†?/home/marina/caseI/20run_caseI/final_run_confirm_time/abl_dql_ep22_step13_out_tab.lis (5 cycles, unit 24)
2026-05-12 13:41:06,193 - INFO - Ep22 Step13: HCNO: N=36.3%  H=10.4%  C=26.7%  O=26.7%
2026-05-12 13:41:06,193 - INFO - Ep22 Step13: Reward=18.78
2026-05-12 13:41:06,193 - INFO - Ep 22 Step 13: Action=0 (DecL1), Layers=[3.5, 8.0, 6.0, 5.0, 3.0, 4.0], Gap=4.5, Reward=18.78
2026-05-12 13:41:45,668 - INFO - FLUKA OK: abl_dql_ep22_step14.inp (32.7s)
2026-05-12 13:41:45,681 - INFO - ustsuw OK â†?/home/marina/caseI/20run_caseI/final_run_confirm_time/abl_dql_ep22_step14_out_tab.lis (5 cycles, unit 24)
2026-05-12 13:41:45,682 - INFO - Ep22 Step14: HCNO: N=31.6%  H=11.0%  C=28.8%  O=28.5%
2026-05-12 13:41:45,682 - INFO - Ep22 Step14: Reward=14.08
2026-05-12 13:41:45,682 - INFO - Ep 22 Step 14: Action=12 (DecGap), Layers=[3.5, 8.0, 6.0, 5.0, 3.0, 4.0], Gap=4.0, Reward=14.08
2026-05-12 13:42:25,030 - INFO - FLUKA OK: abl_dql_ep22_step15.inp (32.2s)
2026-05-12 13:42:25,046 - INFO - ustsuw OK â†?/home/marina/caseI/20run_caseI/final_run_confirm_time/abl_dql_ep22_step15_out_tab.lis (5 cycles, unit 24)
2026-05-12 13:42:25,047 - INFO - Ep22 Step15: HCNO: N=33.3%  H=5.7%  C=30.7%  O=30.3%
2026-05-12 13:42:25,047 - INFO - Ep22 Step15: Reward=17.56
2026-05-12 13:42:25,047 - INFO - Ep 22 Step 15: Action=5 (DecL6), Layers=[3.5, 8.0, 6.0, 5.0, 3.0, 3.5], Gap=4.0, Reward=17.56
2026-05-12 13:43:04,617 - INFO - FLUKA OK: abl_dql_ep22_step16.inp (32.2s)
2026-05-12 13:43:04,631 - INFO - ustsuw OK â†?/home/marina/caseI/20run_caseI/final_run_confirm_time/abl_dql_ep22_step16_out_tab.lis (5 cycles, unit 24)
2026-05-12 13:43:04,631 - INFO - Ep22 Step16: HCNO: N=29.9%  H=9.5%  C=27.2%  O=33.5%
2026-05-12 13:43:04,631 - INFO - Ep22 Step16: Reward=22.23
2026-05-12 13:43:04,631 - INFO - Ep 22 Step 16: Action=6 (IncL1), Layers=[4.0, 8.0, 6.0, 5.0, 3.0, 3.5], Gap=4.0, Reward=22.23
2026-05-12 13:43:43,836 - INFO - FLUKA OK: abl_dql_ep22_step17.inp (32.0s)
2026-05-12 13:43:43,850 - INFO - ustsuw OK â†?/home/marina/caseI/20run_caseI/final_run_confirm_time/abl_dql_ep22_step17_out_tab.lis (5 cycles, unit 24)
2026-05-12 13:43:43,851 - INFO - Ep22 Step17: HCNO: N=35.2%  H=13.3%  C=30.3%  O=21.2%
2026-05-12 13:43:43,851 - INFO - Ep22 Step17: Reward=18.95
2026-05-12 13:43:43,851 - INFO - Ep 22 Step 17: Action=1 (DecL2), Layers=[4.0, 7.5, 6.0, 5.0, 3.0, 3.5], Gap=4.0, Reward=18.95
2026-05-12 13:44:22,867 - INFO - FLUKA OK: abl_dql_ep22_step18.inp (32.0s)
2026-05-12 13:44:22,881 - INFO - ustsuw OK â†?/home/marina/caseI/20run_caseI/final_run_confirm_time/abl_dql_ep22_step18_out_tab.lis (5 cycles, unit 24)
2026-05-12 13:44:22,882 - INFO - Ep22 Step18: HCNO: N=29.9%  H=9.5%  C=27.2%  O=33.5%
2026-05-12 13:44:22,882 - INFO - Ep22 Step18: Reward=22.23
2026-05-12 13:44:22,882 - INFO - Ep 22 Step 18: Action=7 (IncL2), Layers=[4.0, 8.0, 6.0, 5.0, 3.0, 3.5], Gap=4.0, Reward=22.23
2026-05-12 13:45:01,669 - INFO - FLUKA OK: abl_dql_ep22_step19.inp (31.9s)
2026-05-12 13:45:01,682 - INFO - ustsuw OK â†?/home/marina/caseI/20run_caseI/final_run_confirm_time/abl_dql_ep22_step19_out_tab.lis (5 cycles, unit 24)
2026-05-12 13:45:01,682 - INFO - Ep22 Step19: HCNO: N=36.6%  H=10.2%  C=22.9%  O=30.3%
2026-05-12 13:45:01,682 - INFO - Ep22 Step19: Reward=19.91
2026-05-12 13:45:01,682 - INFO - Ep 22 Step 19: Action=3 (DecL4), Layers=[4.0, 8.0, 6.0, 4.5, 3.0, 3.5], Gap=4.0, Reward=19.91
2026-05-12 13:45:40,440 - INFO - FLUKA OK: abl_dql_ep22_step20.inp (31.7s)
2026-05-12 13:45:40,451 - WARNING - prefix 'abl_dql_ep22_step20' unit 24: expected 5 cycle files, found 10: ['abl_dql_ep22_step20001_fort.24', 'abl_dql_ep22_step20002_fort.24', 'abl_dql_ep22_step20003_fort.24', 'abl_dql_ep22_step20004_fort.24', 'abl_dql_ep22_step20005_fort.24', 'abl_dql_ep22_step2001_fort.24', 'abl_dql_ep22_step2002_fort.24', 'abl_dql_ep22_step2003_fort.24', 'abl_dql_ep22_step2004_fort.24', 'abl_dql_ep22_step2005_fort.24']
2026-05-12 13:45:40,453 - INFO - ustsuw OK â†?/home/marina/caseI/20run_caseI/final_run_confirm_time/abl_dql_ep22_step20_out_tab.lis (10 cycles, unit 24)
2026-05-12 13:45:40,454 - INFO - Ep22 Step20: HCNO: N=30.8%  H=8.8%  C=26.9%  O=33.6%
2026-05-12 13:45:40,454 - INFO - Ep22 Step20: Reward=32.17
2026-05-12 13:45:40,454 - INFO - Ep 22 Step 20: Action=9 (IncL4), Layers=[4.0, 8.0, 6.0, 5.0, 3.0, 3.5], Gap=4.0, Reward=32.17
2026-05-12 13:45:47,316 - INFO - Episode 22: Return=435.58, Best=36.79, Loss=92.7134
2026-05-12 13:46:21,344 - INFO - FLUKA OK: abl_dql_ep23_step1.inp (34.0s)
2026-05-12 13:46:21,357 - INFO - ustsuw OK â†?/home/marina/caseI/20run_caseI/final_run_confirm_time/abl_dql_ep23_step1_out_tab.lis (5 cycles, unit 24)
2026-05-12 13:46:21,358 - INFO - Ep23 Step1: HCNO: N=34.3%  H=15.8%  C=27.1%  O=22.8%
2026-05-12 13:46:21,358 - INFO - Ep23 Step1: Reward=30.63
2026-05-12 13:46:21,358 - INFO - Ep 23 Step 1: Action=4 (DecL5), Layers=[6.0, 3.5, 8.0, 6.0, 3.5, 5.5], Gap=2.0, Reward=30.63
2026-05-12 13:47:03,948 - INFO - FLUKA OK: abl_dql_ep23_step2.inp (34.8s)
2026-05-12 13:47:03,961 - INFO - ustsuw OK â†?/home/marina/caseI/20run_caseI/final_run_confirm_time/abl_dql_ep23_step2_out_tab.lis (5 cycles, unit 24)
2026-05-12 13:47:03,962 - INFO - Ep23 Step2: HCNO: N=41.3%  H=11.1%  C=24.2%  O=23.4%
2026-05-12 13:47:03,962 - INFO - Ep23 Step2: Reward=22.60
2026-05-12 13:47:03,962 - INFO - Ep 23 Step 2: Action=4 (DecL5), Layers=[6.0, 3.5, 8.0, 6.0, 3.0, 5.5], Gap=2.0, Reward=22.60
2026-05-12 13:47:52,561 - INFO - FLUKA OK: abl_dql_ep23_step3.inp (37.5s)
2026-05-12 13:47:52,576 - INFO - ustsuw OK â†?/home/marina/caseI/20run_caseI/final_run_confirm_time/abl_dql_ep23_step3_out_tab.lis (5 cycles, unit 24)
2026-05-12 13:47:52,577 - INFO - Ep23 Step3: HCNO: N=37.7%  H=15.0%  C=21.4%  O=25.9%
2026-05-12 13:47:52,577 - INFO - Ep23 Step3: Reward=22.17
2026-05-12 13:47:52,577 - INFO - Ep 23 Step 3: Action=5 (DecL6), Layers=[6.0, 3.5, 8.0, 6.0, 3.0, 5.0], Gap=2.0, Reward=22.17
2026-05-12 13:48:36,050 - INFO - FLUKA OK: abl_dql_ep23_step4.inp (34.4s)
2026-05-12 13:48:36,063 - INFO - ustsuw OK â†?/home/marina/caseI/20run_caseI/final_run_confirm_time/abl_dql_ep23_step4_out_tab.lis (5 cycles, unit 24)
2026-05-12 13:48:36,064 - INFO - Ep23 Step4: HCNO: N=36.8%  H=12.2%  C=23.5%  O=27.5%
2026-05-12 13:48:36,064 - INFO - Ep23 Step4: Reward=19.24
2026-05-12 13:48:36,064 - INFO - Ep 23 Step 4: Action=5 (DecL6), Layers=[6.0, 3.5, 8.0, 6.0, 3.0, 4.5], Gap=2.0, Reward=19.24
2026-05-12 13:49:19,693 - INFO - FLUKA OK: abl_dql_ep23_step5.inp (36.3s)
2026-05-12 13:49:19,706 - INFO - ustsuw OK â†?/home/marina/caseI/20run_caseI/final_run_confirm_time/abl_dql_ep23_step5_out_tab.lis (5 cycles, unit 24)
2026-05-12 13:49:19,707 - INFO - Ep23 Step5: HCNO: N=34.1%  H=17.6%  C=20.1%  O=28.2%
2026-05-12 13:49:19,707 - INFO - Ep23 Step5: Reward=20.06
2026-05-12 13:49:19,707 - INFO - Ep 23 Step 5: Action=10 (IncL5), Layers=[6.0, 3.5, 8.0, 6.0, 3.5, 4.5], Gap=2.0, Reward=20.06
2026-05-12 13:50:02,319 - INFO - FLUKA OK: abl_dql_ep23_step6.inp (35.2s)
2026-05-12 13:50:02,333 - INFO - ustsuw OK â†?/home/marina/caseI/20run_caseI/final_run_confirm_time/abl_dql_ep23_step6_out_tab.lis (5 cycles, unit 24)
2026-05-12 13:50:02,334 - INFO - Ep23 Step6: HCNO: N=39.4%  H=18.3%  C=18.5%  O=23.8%
2026-05-12 13:50:02,334 - INFO - Ep23 Step6: Reward=12.78
2026-05-12 13:50:02,334 - INFO - Ep 23 Step 6: Action=0 (DecL1), Layers=[5.5, 3.5, 8.0, 6.0, 3.5, 4.5], Gap=2.0, Reward=12.78
2026-05-12 13:50:46,335 - INFO - FLUKA OK: abl_dql_ep23_step7.inp (35.7s)
2026-05-12 13:50:46,350 - INFO - ustsuw OK â†?/home/marina/caseI/20run_caseI/final_run_confirm_time/abl_dql_ep23_step7_out_tab.lis (5 cycles, unit 24)
2026-05-12 13:50:46,350 - INFO - Ep23 Step7: HCNO: N=41.2%  H=5.8%  C=18.6%  O=34.4%
2026-05-12 13:50:46,350 - INFO - Ep23 Step7: Reward=11.96
2026-05-12 13:50:46,351 - INFO - Ep 23 Step 7: Action=10 (IncL5), Layers=[5.5, 3.5, 8.0, 6.0, 4.0, 4.5], Gap=2.0, Reward=11.96
2026-05-12 13:51:31,596 - INFO - FLUKA OK: abl_dql_ep23_step8.inp (35.7s)
2026-05-12 13:51:31,611 - INFO - ustsuw OK â†?/home/marina/caseI/20run_caseI/final_run_confirm_time/abl_dql_ep23_step8_out_tab.lis (5 cycles, unit 24)
2026-05-12 13:51:31,612 - INFO - Ep23 Step8: HCNO: N=41.2%  H=5.8%  C=18.6%  O=34.4%
2026-05-12 13:51:31,612 - INFO - Ep23 Step8: Reward=11.96
2026-05-12 13:51:31,612 - INFO - Ep 23 Step 8: Action=8 (IncL3), Layers=[5.5, 3.5, 8.0, 6.0, 4.0, 4.5], Gap=2.0, Reward=11.96
2026-05-12 13:52:18,510 - INFO - FLUKA OK: abl_dql_ep23_step9.inp (36.7s)
2026-05-12 13:52:18,527 - INFO - ustsuw OK â†?/home/marina/caseI/20run_caseI/final_run_confirm_time/abl_dql_ep23_step9_out_tab.lis (5 cycles, unit 24)
2026-05-12 13:52:18,527 - INFO - Ep23 Step9: HCNO: N=32.4%  H=18.0%  C=16.2%  O=33.5%
2026-05-12 13:52:18,527 - INFO - Ep23 Step9: Reward=13.41
2026-05-12 13:52:18,528 - INFO - Ep 23 Step 9: Action=1 (DecL2), Layers=[5.5, 3.0, 8.0, 6.0, 4.0, 4.5], Gap=2.0, Reward=13.41
2026-05-12 13:53:06,384 - INFO - FLUKA OK: abl_dql_ep23_step10.inp (36.0s)
2026-05-12 13:53:06,398 - WARNING - prefix 'abl_dql_ep23_step10' unit 24: expected 5 cycle files, found 10: ['abl_dql_ep23_step10001_fort.24', 'abl_dql_ep23_step10002_fort.24', 'abl_dql_ep23_step10003_fort.24', 'abl_dql_ep23_step10004_fort.24', 'abl_dql_ep23_step10005_fort.24', 'abl_dql_ep23_step1001_fort.24', 'abl_dql_ep23_step1002_fort.24', 'abl_dql_ep23_step1003_fort.24', 'abl_dql_ep23_step1004_fort.24', 'abl_dql_ep23_step1005_fort.24']
2026-05-12 13:53:06,400 - INFO - ustsuw OK â†?/home/marina/caseI/20run_caseI/final_run_confirm_time/abl_dql_ep23_step10_out_tab.lis (10 cycles, unit 24)
2026-05-12 13:53:06,401 - INFO - Ep23 Step10: HCNO: N=37.1%  H=12.3%  C=21.5%  O=29.0%
2026-05-12 13:53:06,402 - INFO - Ep23 Step10: Reward=26.09
2026-05-12 13:53:06,402 - INFO - Ep 23 Step 10: Action=9 (IncL4), Layers=[5.5, 3.0, 8.0, 6.5, 4.0, 4.5], Gap=2.0, Reward=26.09
2026-05-12 13:53:51,834 - INFO - FLUKA OK: abl_dql_ep23_step11.inp (35.0s)
2026-05-12 13:53:51,848 - INFO - ustsuw OK â†?/home/marina/caseI/20run_caseI/final_run_confirm_time/abl_dql_ep23_step11_out_tab.lis (5 cycles, unit 24)
2026-05-12 13:53:51,849 - INFO - Ep23 Step11: HCNO: N=42.9%  H=10.8%  C=16.5%  O=29.8%
2026-05-12 13:53:51,849 - INFO - Ep23 Step11: Reward=22.08
2026-05-12 13:53:51,849 - INFO - Ep 23 Step 11: Action=10 (IncL5), Layers=[5.5, 3.0, 8.0, 6.5, 4.5, 4.5], Gap=2.0, Reward=22.08
2026-05-12 13:54:35,973 - INFO - FLUKA OK: abl_dql_ep23_step12.inp (35.2s)
2026-05-12 13:54:35,988 - INFO - ustsuw OK â†?/home/marina/caseI/20run_caseI/final_run_confirm_time/abl_dql_ep23_step12_out_tab.lis (5 cycles, unit 24)
2026-05-12 13:54:35,989 - INFO - Ep23 Step12: HCNO: N=29.8%  H=9.4%  C=37.5%  O=23.3%
2026-05-12 13:54:35,989 - INFO - Ep23 Step12: Reward=21.67
2026-05-12 13:54:35,989 - INFO - Ep 23 Step 12: Action=1 (DecL2), Layers=[5.5, 2.5, 8.0, 6.5, 4.5, 4.5], Gap=2.0, Reward=21.67
2026-05-12 13:55:21,590 - INFO - FLUKA OK: abl_dql_ep23_step13.inp (36.0s)
2026-05-12 13:55:21,605 - INFO - ustsuw OK â†?/home/marina/caseI/20run_caseI/final_run_confirm_time/abl_dql_ep23_step13_out_tab.lis (5 cycles, unit 24)
2026-05-12 13:55:21,606 - INFO - Ep23 Step13: HCNO: N=36.7%  H=12.2%  C=18.9%  O=32.3%
2026-05-12 13:55:21,606 - INFO - Ep23 Step13: Reward=22.51
2026-05-12 13:55:21,606 - INFO - Ep 23 Step 13: Action=11 (IncL6), Layers=[5.5, 2.5, 8.0, 6.5, 4.5, 5.0], Gap=2.0, Reward=22.51
2026-05-12 13:56:04,990 - INFO - FLUKA OK: abl_dql_ep23_step14.inp (35.0s)
2026-05-12 13:56:05,004 - INFO - ustsuw OK â†?/home/marina/caseI/20run_caseI/final_run_confirm_time/abl_dql_ep23_step14_out_tab.lis (5 cycles, unit 24)
2026-05-12 13:56:05,005 - INFO - Ep23 Step14: HCNO: N=37.1%  H=9.9%  C=21.2%  O=31.9%
2026-05-12 13:56:05,005 - INFO - Ep23 Step14: Reward=19.28
2026-05-12 13:56:05,006 - INFO - Ep 23 Step 14: Action=0 (DecL1), Layers=[5.0, 2.5, 8.0, 6.5, 4.5, 5.0], Gap=2.0, Reward=19.28
2026-05-12 13:56:48,112 - INFO - FLUKA OK: abl_dql_ep23_step15.inp (34.7s)
2026-05-12 13:56:48,125 - INFO - ustsuw OK â†?/home/marina/caseI/20run_caseI/final_run_confirm_time/abl_dql_ep23_step15_out_tab.lis (5 cycles, unit 24)
2026-05-12 13:56:48,126 - INFO - Ep23 Step15: HCNO: N=36.4%  H=10.3%  C=18.3%  O=34.9%
2026-05-12 13:56:48,126 - INFO - Ep23 Step15: Reward=27.45
2026-05-12 13:56:48,126 - INFO - Ep 23 Step 15: Action=10 (IncL5), Layers=[5.0, 2.5, 8.0, 6.5, 5.0, 5.0], Gap=2.0, Reward=27.45
2026-05-12 13:57:29,288 - INFO - FLUKA OK: abl_dql_ep23_step16.inp (33.8s)
2026-05-12 13:57:29,305 - INFO - ustsuw OK â†?/home/marina/caseI/20run_caseI/final_run_confirm_time/abl_dql_ep23_step16_out_tab.lis (5 cycles, unit 24)
2026-05-12 13:57:29,305 - INFO - Ep23 Step16: HCNO: N=24.9%  H=17.6%  C=30.9%  O=26.6%
2026-05-12 13:57:29,306 - INFO - Ep23 Step16: Reward=14.02
2026-05-12 13:57:29,306 - INFO - Ep 23 Step 16: Action=9 (IncL4), Layers=[5.0, 2.5, 8.0, 7.0, 5.0, 5.0], Gap=2.0, Reward=14.02
2026-05-12 13:58:11,262 - INFO - FLUKA OK: abl_dql_ep23_step17.inp (34.5s)
2026-05-12 13:58:11,276 - INFO - ustsuw OK â†?/home/marina/caseI/20run_caseI/final_run_confirm_time/abl_dql_ep23_step17_out_tab.lis (5 cycles, unit 24)
2026-05-12 13:58:11,278 - INFO - Ep23 Step17: HCNO: N=25.6%  H=14.2%  C=29.9%  O=30.3%
2026-05-12 13:58:11,278 - INFO - Ep23 Step17: Reward=13.66
2026-05-12 13:58:11,278 - INFO - Ep 23 Step 17: Action=13 (IncGap), Layers=[5.0, 2.5, 8.0, 7.0, 5.0, 5.0], Gap=2.5, Reward=13.66
2026-05-12 13:58:53,388 - INFO - FLUKA OK: abl_dql_ep23_step18.inp (34.2s)
2026-05-12 13:58:53,404 - INFO - ustsuw OK â†?/home/marina/caseI/20run_caseI/final_run_confirm_time/abl_dql_ep23_step18_out_tab.lis (5 cycles, unit 24)
2026-05-12 13:58:53,405 - INFO - Ep23 Step18: HCNO: N=38.3%  H=11.5%  C=19.1%  O=31.1%
2026-05-12 13:58:53,405 - INFO - Ep23 Step18: Reward=12.74
2026-05-12 13:58:53,405 - INFO - Ep 23 Step 18: Action=5 (DecL6), Layers=[5.0, 2.5, 8.0, 7.0, 5.0, 4.5], Gap=2.5, Reward=12.74
2026-05-12 13:59:42,108 - INFO - FLUKA OK: abl_dql_ep23_step19.inp (38.3s)
2026-05-12 13:59:42,125 - INFO - ustsuw OK â†?/home/marina/caseI/20run_caseI/final_run_confirm_time/abl_dql_ep23_step19_out_tab.lis (5 cycles, unit 24)
2026-05-12 13:59:42,126 - INFO - Ep23 Step19: HCNO: N=42.8%  H=12.2%  C=24.0%  O=21.0%
2026-05-12 13:59:42,126 - INFO - Ep23 Step19: Reward=22.03
2026-05-12 13:59:42,126 - INFO - Ep 23 Step 19: Action=1 (DecL2), Layers=[5.0, 2.0, 8.0, 7.0, 5.0, 4.5], Gap=2.5, Reward=22.03
2026-05-12 14:00:29,745 - INFO - FLUKA OK: abl_dql_ep23_step20.inp (36.9s)
2026-05-12 14:00:29,757 - WARNING - prefix 'abl_dql_ep23_step20' unit 24: expected 5 cycle files, found 10: ['abl_dql_ep23_step20001_fort.24', 'abl_dql_ep23_step20002_fort.24', 'abl_dql_ep23_step20003_fort.24', 'abl_dql_ep23_step20004_fort.24', 'abl_dql_ep23_step20005_fort.24', 'abl_dql_ep23_step2001_fort.24', 'abl_dql_ep23_step2002_fort.24', 'abl_dql_ep23_step2003_fort.24', 'abl_dql_ep23_step2004_fort.24', 'abl_dql_ep23_step2005_fort.24']
2026-05-12 14:00:29,760 - INFO - ustsuw OK â†?/home/marina/caseI/20run_caseI/final_run_confirm_time/abl_dql_ep23_step20_out_tab.lis (10 cycles, unit 24)
2026-05-12 14:00:29,761 - INFO - Ep23 Step20: HCNO: N=39.2%  H=10.2%  C=25.4%  O=25.2%
2026-05-12 14:00:29,761 - INFO - Ep23 Step20: Reward=29.12
2026-05-12 14:00:29,761 - INFO - Ep 23 Step 20: Action=5 (DecL6), Layers=[5.0, 2.0, 8.0, 7.0, 5.0, 4.0], Gap=2.5, Reward=29.12
2026-05-12 14:00:37,504 - INFO - Episode 23: Return=395.44, Best=36.79, Loss=91.4120
2026-05-12 14:01:10,748 - INFO - FLUKA OK: abl_dql_ep24_step1.inp (33.2s)
2026-05-12 14:01:10,764 - INFO - ustsuw OK â†?/home/marina/caseI/20run_caseI/final_run_confirm_time/abl_dql_ep24_step1_out_tab.lis (5 cycles, unit 24)
2026-05-12 14:01:10,765 - INFO - Ep24 Step1: HCNO: N=34.9%  H=11.5%  C=25.3%  O=28.3%
2026-05-12 14:01:10,765 - INFO - Ep24 Step1: Reward=24.94
2026-05-12 14:01:10,765 - INFO - Ep 24 Step 1: Action=4 (DecL5), Layers=[7.0, 5.5, 3.0, 3.0, 3.0, 5.0], Gap=6.0, Reward=24.94
2026-05-12 14:01:52,833 - INFO - FLUKA OK: abl_dql_ep24_step2.inp (33.9s)
2026-05-12 14:01:52,849 - INFO - ustsuw OK â†?/home/marina/caseI/20run_caseI/final_run_confirm_time/abl_dql_ep24_step2_out_tab.lis (5 cycles, unit 24)
2026-05-12 14:01:52,849 - INFO - Ep24 Step2: HCNO: N=41.3%  H=9.8%  C=28.1%  O=20.8%
2026-05-12 14:01:52,849 - INFO - Ep24 Step2: Reward=26.67
2026-05-12 14:01:52,849 - INFO - Ep 24 Step 2: Action=4 (DecL5), Layers=[7.0, 5.5, 3.0, 3.0, 2.5, 5.0], Gap=6.0, Reward=26.67
2026-05-12 14:02:34,528 - INFO - FLUKA OK: abl_dql_ep24_step3.inp (33.6s)
2026-05-12 14:02:34,542 - INFO - ustsuw OK â†?/home/marina/caseI/20run_caseI/final_run_confirm_time/abl_dql_ep24_step3_out_tab.lis (5 cycles, unit 24)
2026-05-12 14:02:34,542 - INFO - Ep24 Step3: HCNO: N=41.3%  H=11.4%  C=16.4%  O=30.9%
2026-05-12 14:02:34,542 - INFO - Ep24 Step3: Reward=34.80
2026-05-12 14:02:34,542 - INFO - Ep 24 Step 3: Action=2 (DecL3), Layers=[7.0, 5.5, 2.5, 3.0, 2.5, 5.0], Gap=6.0, Reward=34.80
2026-05-12 14:03:17,707 - INFO - FLUKA OK: abl_dql_ep24_step4.inp (35.3s)
2026-05-12 14:03:17,723 - INFO - ustsuw OK â†?/home/marina/caseI/20run_caseI/final_run_confirm_time/abl_dql_ep24_step4_out_tab.lis (5 cycles, unit 24)
2026-05-12 14:03:17,723 - INFO - Ep24 Step4: HCNO: N=41.3%  H=9.8%  C=28.1%  O=20.8%
2026-05-12 14:03:17,723 - INFO - Ep24 Step4: Reward=26.67
2026-05-12 14:03:17,723 - INFO - Ep 24 Step 4: Action=8 (IncL3), Layers=[7.0, 5.5, 3.0, 3.0, 2.5, 5.0], Gap=6.0, Reward=26.67
2026-05-12 14:03:59,716 - INFO - FLUKA OK: abl_dql_ep24_step5.inp (33.3s)
2026-05-12 14:03:59,733 - INFO - ustsuw OK â†?/home/marina/caseI/20run_caseI/final_run_confirm_time/abl_dql_ep24_step5_out_tab.lis (5 cycles, unit 24)
2026-05-12 14:03:59,734 - INFO - Ep24 Step5: HCNO: N=43.3%  H=10.4%  C=21.6%  O=24.6%
2026-05-12 14:03:59,734 - INFO - Ep24 Step5: Reward=28.74
2026-05-12 14:03:59,734 - INFO - Ep 24 Step 5: Action=9 (IncL4), Layers=[7.0, 5.5, 3.0, 3.5, 2.5, 5.0], Gap=6.0, Reward=28.74
2026-05-12 14:04:43,441 - INFO - FLUKA OK: abl_dql_ep24_step6.inp (35.9s)
2026-05-12 14:04:43,459 - INFO - ustsuw OK â†?/home/marina/caseI/20run_caseI/final_run_confirm_time/abl_dql_ep24_step6_out_tab.lis (5 cycles, unit 24)
2026-05-12 14:04:43,460 - INFO - Ep24 Step6: HCNO: N=42.3%  H=11.4%  C=23.3%  O=23.0%
2026-05-12 14:04:43,460 - INFO - Ep24 Step6: Reward=22.37
2026-05-12 14:04:43,461 - INFO - Ep 24 Step 6: Action=2 (DecL3), Layers=[7.0, 5.5, 2.5, 3.5, 2.5, 5.0], Gap=6.0, Reward=22.37
2026-05-12 14:05:31,158 - INFO - FLUKA OK: abl_dql_ep24_step7.inp (37.0s)
2026-05-12 14:05:31,173 - INFO - ustsuw OK â†?/home/marina/caseI/20run_caseI/final_run_confirm_time/abl_dql_ep24_step7_out_tab.lis (5 cycles, unit 24)
2026-05-12 14:05:31,174 - INFO - Ep24 Step7: HCNO: N=33.2%  H=17.1%  C=25.0%  O=24.7%
2026-05-12 14:05:31,174 - INFO - Ep24 Step7: Reward=22.76
2026-05-12 14:05:31,174 - INFO - Ep 24 Step 7: Action=11 (IncL6), Layers=[7.0, 5.5, 2.5, 3.5, 2.5, 5.5], Gap=6.0, Reward=22.76
2026-05-12 14:06:16,186 - INFO - FLUKA OK: abl_dql_ep24_step8.inp (34.6s)
2026-05-12 14:06:16,201 - INFO - ustsuw OK â†?/home/marina/caseI/20run_caseI/final_run_confirm_time/abl_dql_ep24_step8_out_tab.lis (5 cycles, unit 24)
2026-05-12 14:06:16,201 - INFO - Ep24 Step8: HCNO: N=40.0%  H=15.3%  C=15.1%  O=29.6%
2026-05-12 14:06:16,202 - INFO - Ep24 Step8: Reward=28.52
2026-05-12 14:06:16,202 - INFO - Ep 24 Step 8: Action=11 (IncL6), Layers=[7.0, 5.5, 2.5, 3.5, 2.5, 6.0], Gap=6.0, Reward=28.52
2026-05-12 14:06:57,336 - INFO - FLUKA OK: abl_dql_ep24_step9.inp (33.6s)
2026-05-12 14:06:57,351 - INFO - ustsuw OK â†?/home/marina/caseI/20run_caseI/final_run_confirm_time/abl_dql_ep24_step9_out_tab.lis (5 cycles, unit 24)
2026-05-12 14:06:57,351 - INFO - Ep24 Step9: HCNO: N=37.0%  H=6.9%  C=23.6%  O=32.5%
2026-05-12 14:06:57,351 - INFO - Ep24 Step9: Reward=19.24
2026-05-12 14:06:57,352 - INFO - Ep 24 Step 9: Action=10 (IncL5), Layers=[7.0, 5.5, 2.5, 3.5, 3.0, 6.0], Gap=6.0, Reward=19.24
2026-05-12 14:07:41,290 - INFO - FLUKA OK: abl_dql_ep24_step10.inp (35.2s)
2026-05-12 14:07:41,302 - WARNING - prefix 'abl_dql_ep24_step10' unit 24: expected 5 cycle files, found 10: ['abl_dql_ep24_step10001_fort.24', 'abl_dql_ep24_step10002_fort.24', 'abl_dql_ep24_step10003_fort.24', 'abl_dql_ep24_step10004_fort.24', 'abl_dql_ep24_step10005_fort.24', 'abl_dql_ep24_step1001_fort.24', 'abl_dql_ep24_step1002_fort.24', 'abl_dql_ep24_step1003_fort.24', 'abl_dql_ep24_step1004_fort.24', 'abl_dql_ep24_step1005_fort.24']
2026-05-12 14:07:41,305 - INFO - ustsuw OK â†?/home/marina/caseI/20run_caseI/final_run_confirm_time/abl_dql_ep24_step10_out_tab.lis (10 cycles, unit 24)
2026-05-12 14:07:41,305 - INFO - Ep24 Step10: HCNO: N=36.0%  H=11.6%  C=23.3%  O=29.1%
2026-05-12 14:07:41,305 - INFO - Ep24 Step10: Reward=28.99
2026-05-12 14:07:41,305 - INFO - Ep 24 Step 10: Action=5 (DecL6), Layers=[7.0, 5.5, 2.5, 3.5, 3.0, 5.5], Gap=6.0, Reward=28.99
2026-05-12 14:08:23,664 - INFO - FLUKA OK: abl_dql_ep24_step11.inp (33.6s)
2026-05-12 14:08:23,678 - INFO - ustsuw OK â†?/home/marina/caseI/20run_caseI/final_run_confirm_time/abl_dql_ep24_step11_out_tab.lis (5 cycles, unit 24)
2026-05-12 14:08:23,679 - INFO - Ep24 Step11: HCNO: N=37.8%  H=10.2%  C=19.1%  O=32.9%
2026-05-12 14:08:23,679 - INFO - Ep24 Step11: Reward=20.59
2026-05-12 14:08:23,679 - INFO - Ep 24 Step 11: Action=0 (DecL1), Layers=[6.5, 5.5, 2.5, 3.5, 3.0, 5.5], Gap=6.0, Reward=20.59
2026-05-12 14:09:08,308 - INFO - FLUKA OK: abl_dql_ep24_step12.inp (35.1s)
2026-05-12 14:09:08,324 - INFO - ustsuw OK â†?/home/marina/caseI/20run_caseI/final_run_confirm_time/abl_dql_ep24_step12_out_tab.lis (5 cycles, unit 24)
2026-05-12 14:09:08,325 - INFO - Ep24 Step12: HCNO: N=38.9%  H=10.5%  C=19.3%  O=31.2%
2026-05-12 14:09:08,325 - INFO - Ep24 Step12: Reward=20.36
2026-05-12 14:09:08,325 - INFO - Ep 24 Step 12: Action=12 (DecGap), Layers=[6.5, 5.5, 2.5, 3.5, 3.0, 5.5], Gap=5.5, Reward=20.36
2026-05-12 14:09:52,065 - INFO - FLUKA OK: abl_dql_ep24_step13.inp (35.3s)
2026-05-12 14:09:52,079 - INFO - ustsuw OK â†?/home/marina/caseI/20run_caseI/final_run_confirm_time/abl_dql_ep24_step13_out_tab.lis (5 cycles, unit 24)
2026-05-12 14:09:52,080 - INFO - Ep24 Step13: HCNO: N=37.8%  H=10.2%  C=19.1%  O=32.9%
2026-05-12 14:09:52,080 - INFO - Ep24 Step13: Reward=20.59
2026-05-12 14:09:52,080 - INFO - Ep 24 Step 13: Action=13 (IncGap), Layers=[6.5, 5.5, 2.5, 3.5, 3.0, 5.5], Gap=6.0, Reward=20.59
2026-05-12 14:10:34,868 - INFO - FLUKA OK: abl_dql_ep24_step14.inp (35.0s)
2026-05-12 14:10:34,884 - INFO - ustsuw OK â†?/home/marina/caseI/20run_caseI/final_run_confirm_time/abl_dql_ep24_step14_out_tab.lis (5 cycles, unit 24)
2026-05-12 14:10:34,884 - INFO - Ep24 Step14: HCNO: N=31.1%  H=9.1%  C=24.6%  O=35.2%
2026-05-12 14:10:34,884 - INFO - Ep24 Step14: Reward=22.60
2026-05-12 14:10:34,885 - INFO - Ep 24 Step 14: Action=8 (IncL3), Layers=[6.5, 5.5, 3.0, 3.5, 3.0, 5.5], Gap=6.0, Reward=22.60
2026-05-12 14:11:16,002 - INFO - FLUKA OK: abl_dql_ep24_step15.inp (33.3s)
2026-05-12 14:11:16,017 - INFO - ustsuw OK â†?/home/marina/caseI/20run_caseI/final_run_confirm_time/abl_dql_ep24_step15_out_tab.lis (5 cycles, unit 24)
2026-05-12 14:11:16,017 - INFO - Ep24 Step15: HCNO: N=38.2%  H=13.4%  C=16.3%  O=32.1%
2026-05-12 14:11:16,017 - INFO - Ep24 Step15: Reward=24.94
2026-05-12 14:11:16,017 - INFO - Ep 24 Step 15: Action=7 (IncL2), Layers=[6.5, 6.0, 3.0, 3.5, 3.0, 5.5], Gap=6.0, Reward=24.94
2026-05-12 14:11:57,991 - INFO - FLUKA OK: abl_dql_ep24_step16.inp (34.6s)
2026-05-12 14:11:58,007 - INFO - ustsuw OK â†?/home/marina/caseI/20run_caseI/final_run_confirm_time/abl_dql_ep24_step16_out_tab.lis (5 cycles, unit 24)
2026-05-12 14:11:58,008 - INFO - Ep24 Step16: HCNO: N=46.7%  H=9.9%  C=16.3%  O=27.1%
2026-05-12 14:11:58,008 - INFO - Ep24 Step16: Reward=23.86
2026-05-12 14:11:58,008 - INFO - Ep 24 Step 16: Action=3 (DecL4), Layers=[6.5, 6.0, 3.0, 3.0, 3.0, 5.5], Gap=6.0, Reward=23.86
2026-05-12 14:12:39,214 - INFO - FLUKA OK: abl_dql_ep24_step17.inp (32.6s)
2026-05-12 14:12:39,227 - INFO - ustsuw OK â†?/home/marina/caseI/20run_caseI/final_run_confirm_time/abl_dql_ep24_step17_out_tab.lis (5 cycles, unit 24)
2026-05-12 14:12:39,228 - INFO - Ep24 Step17: HCNO: N=42.5%  H=12.7%  C=14.7%  O=30.1%
2026-05-12 14:12:39,228 - INFO - Ep24 Step17: Reward=22.83
2026-05-12 14:12:39,228 - INFO - Ep 24 Step 17: Action=10 (IncL5), Layers=[6.5, 6.0, 3.0, 3.0, 3.5, 5.5], Gap=6.0, Reward=22.83
2026-05-12 14:13:19,313 - INFO - FLUKA OK: abl_dql_ep24_step18.inp (33.0s)
2026-05-12 14:13:19,329 - INFO - ustsuw OK â†?/home/marina/caseI/20run_caseI/final_run_confirm_time/abl_dql_ep24_step18_out_tab.lis (5 cycles, unit 24)
2026-05-12 14:13:19,330 - INFO - Ep24 Step18: HCNO: N=42.8%  H=13.2%  C=19.1%  O=25.0%
2026-05-12 14:13:19,330 - INFO - Ep24 Step18: Reward=28.15
2026-05-12 14:13:19,330 - INFO - Ep 24 Step 18: Action=10 (IncL5), Layers=[6.5, 6.0, 3.0, 3.0, 4.0, 5.5], Gap=6.0, Reward=28.15
2026-05-12 14:13:59,039 - INFO - FLUKA OK: abl_dql_ep24_step19.inp (32.6s)
2026-05-12 14:13:59,052 - INFO - ustsuw OK â†?/home/marina/caseI/20run_caseI/final_run_confirm_time/abl_dql_ep24_step19_out_tab.lis (5 cycles, unit 24)
2026-05-12 14:13:59,053 - INFO - Ep24 Step19: HCNO: N=36.2%  H=11.8%  C=18.3%  O=33.7%
2026-05-12 14:13:59,053 - INFO - Ep24 Step19: Reward=26.27
2026-05-12 14:13:59,053 - INFO - Ep 24 Step 19: Action=10 (IncL5), Layers=[6.5, 6.0, 3.0, 3.0, 4.5, 5.5], Gap=6.0, Reward=26.27
2026-05-12 14:14:39,871 - INFO - FLUKA OK: abl_dql_ep24_step20.inp (33.4s)
2026-05-12 14:14:39,883 - WARNING - prefix 'abl_dql_ep24_step20' unit 24: expected 5 cycle files, found 10: ['abl_dql_ep24_step20001_fort.24', 'abl_dql_ep24_step20002_fort.24', 'abl_dql_ep24_step20003_fort.24', 'abl_dql_ep24_step20004_fort.24', 'abl_dql_ep24_step20005_fort.24', 'abl_dql_ep24_step2001_fort.24', 'abl_dql_ep24_step2002_fort.24', 'abl_dql_ep24_step2003_fort.24', 'abl_dql_ep24_step2004_fort.24', 'abl_dql_ep24_step2005_fort.24']
2026-05-12 14:14:39,886 - INFO - ustsuw OK â†?/home/marina/caseI/20run_caseI/final_run_confirm_time/abl_dql_ep24_step20_out_tab.lis (10 cycles, unit 24)
2026-05-12 14:14:39,886 - INFO - Ep24 Step20: HCNO: N=41.1%  H=9.8%  C=26.7%  O=22.4%
2026-05-12 14:14:39,886 - INFO - Ep24 Step20: Reward=36.02
2026-05-12 14:14:39,887 - INFO - Ep 24 Step 20: Action=3 (DecL4), Layers=[6.5, 6.0, 3.0, 2.5, 4.5, 5.5], Gap=6.0, Reward=36.02
2026-05-12 14:14:48,013 - INFO - Episode 24: Return=509.93, Best=36.79, Loss=90.1570
2026-05-12 14:15:23,900 - INFO - FLUKA OK: abl_dql_ep25_step1.inp (35.9s)
2026-05-12 14:15:23,916 - INFO - ustsuw OK â†?/home/marina/caseI/20run_caseI/final_run_confirm_time/abl_dql_ep25_step1_out_tab.lis (5 cycles, unit 24)
2026-05-12 14:15:23,916 - INFO - Ep25 Step1: HCNO: N=40.8%  H=2.6%  C=30.1%  O=26.5%
2026-05-12 14:15:23,916 - INFO - Ep25 Step1: Reward=14.15
2026-05-12 14:15:23,916 - INFO - Ep 25 Step 1: Action=2 (DecL3), Layers=[5.0, 6.5, 5.0, 4.0, 3.5, 5.5], Gap=5.5, Reward=14.15
2026-05-12 14:16:06,830 - INFO - FLUKA OK: abl_dql_ep25_step2.inp (34.9s)
2026-05-12 14:16:06,845 - INFO - ustsuw OK â†?/home/marina/caseI/20run_caseI/final_run_confirm_time/abl_dql_ep25_step2_out_tab.lis (5 cycles, unit 24)
2026-05-12 14:16:06,846 - INFO - Ep25 Step2: HCNO: N=27.8%  H=6.6%  C=35.1%  O=30.5%
2026-05-12 14:16:06,847 - INFO - Ep25 Step2: Reward=14.86
2026-05-12 14:16:06,847 - INFO - Ep 25 Step 2: Action=5 (DecL6), Layers=[5.0, 6.5, 5.0, 4.0, 3.5, 5.0], Gap=5.5, Reward=14.86
2026-05-12 14:16:55,270 - INFO - FLUKA OK: abl_dql_ep25_step3.inp (39.1s)
2026-05-12 14:16:55,286 - INFO - ustsuw OK â†?/home/marina/caseI/20run_caseI/final_run_confirm_time/abl_dql_ep25_step3_out_tab.lis (5 cycles, unit 24)
2026-05-12 14:16:55,286 - INFO - Ep25 Step3: HCNO: N=34.4%  H=6.9%  C=24.8%  O=33.9%
2026-05-12 14:16:55,286 - INFO - Ep25 Step3: Reward=20.53
2026-05-12 14:16:55,287 - INFO - Ep 25 Step 3: Action=9 (IncL4), Layers=[5.0, 6.5, 5.0, 4.5, 3.5, 5.0], Gap=5.5, Reward=20.53
2026-05-12 14:17:43,544 - INFO - FLUKA OK: abl_dql_ep25_step4.inp (39.6s)
2026-05-12 14:17:43,561 - INFO - ustsuw OK â†?/home/marina/caseI/20run_caseI/final_run_confirm_time/abl_dql_ep25_step4_out_tab.lis (5 cycles, unit 24)
2026-05-12 14:17:43,562 - INFO - Ep25 Step4: HCNO: N=38.0%  H=13.4%  C=15.3%  O=33.3%
2026-05-12 14:17:43,562 - INFO - Ep25 Step4: Reward=13.92
2026-05-12 14:17:43,562 - INFO - Ep 25 Step 4: Action=10 (IncL5), Layers=[5.0, 6.5, 5.0, 4.5, 4.0, 5.0], Gap=5.5, Reward=13.92
2026-05-12 14:18:27,638 - INFO - FLUKA OK: abl_dql_ep25_step5.inp (35.1s)
2026-05-12 14:18:27,655 - INFO - ustsuw OK â†?/home/marina/caseI/20run_caseI/final_run_confirm_time/abl_dql_ep25_step5_out_tab.lis (5 cycles, unit 24)
2026-05-12 14:18:27,655 - INFO - Ep25 Step5: HCNO: N=26.9%  H=10.4%  C=28.5%  O=34.2%
2026-05-12 14:18:27,655 - INFO - Ep25 Step5: Reward=22.43
2026-05-12 14:18:27,655 - INFO - Ep 25 Step 5: Action=7 (IncL2), Layers=[5.0, 7.0, 5.0, 4.5, 4.0, 5.0], Gap=5.5, Reward=22.43
2026-05-12 14:19:10,678 - INFO - FLUKA OK: abl_dql_ep25_step6.inp (34.9s)
2026-05-12 14:19:10,693 - INFO - ustsuw OK â†?/home/marina/caseI/20run_caseI/final_run_confirm_time/abl_dql_ep25_step6_out_tab.lis (5 cycles, unit 24)
2026-05-12 14:19:10,694 - INFO - Ep25 Step6: HCNO: N=36.6%  H=9.8%  C=33.7%  O=19.9%
2026-05-12 14:19:10,694 - INFO - Ep25 Step6: Reward=25.56
2026-05-12 14:19:10,694 - INFO - Ep 25 Step 6: Action=8 (IncL3), Layers=[5.0, 7.0, 5.5, 4.5, 4.0, 5.0], Gap=5.5, Reward=25.56
2026-05-12 14:19:52,864 - INFO - FLUKA OK: abl_dql_ep25_step7.inp (34.2s)
2026-05-12 14:19:52,879 - INFO - ustsuw OK â†?/home/marina/caseI/20run_caseI/final_run_confirm_time/abl_dql_ep25_step7_out_tab.lis (5 cycles, unit 24)
2026-05-12 14:19:52,879 - INFO - Ep25 Step7: HCNO: N=36.5%  H=6.8%  C=35.7%  O=21.0%
2026-05-12 14:19:52,880 - INFO - Ep25 Step7: Reward=12.55
2026-05-12 14:19:52,880 - INFO - Ep 25 Step 7: Action=0 (DecL1), Layers=[4.5, 7.0, 5.5, 4.5, 4.0, 5.0], Gap=5.5, Reward=12.55
2026-05-12 14:20:35,587 - INFO - FLUKA OK: abl_dql_ep25_step8.inp (34.8s)
2026-05-12 14:20:35,603 - INFO - ustsuw OK â†?/home/marina/caseI/20run_caseI/final_run_confirm_time/abl_dql_ep25_step8_out_tab.lis (5 cycles, unit 24)
2026-05-12 14:20:35,604 - INFO - Ep25 Step8: HCNO: N=38.3%  H=9.6%  C=26.5%  O=25.6%
2026-05-12 14:20:35,604 - INFO - Ep25 Step8: Reward=18.92
2026-05-12 14:20:35,604 - INFO - Ep 25 Step 8: Action=10 (IncL5), Layers=[4.5, 7.0, 5.5, 4.5, 4.5, 5.0], Gap=5.5, Reward=18.92
2026-05-12 14:21:18,322 - INFO - FLUKA OK: abl_dql_ep25_step9.inp (34.6s)
2026-05-12 14:21:18,337 - INFO - ustsuw OK â†?/home/marina/caseI/20run_caseI/final_run_confirm_time/abl_dql_ep25_step9_out_tab.lis (5 cycles, unit 24)
2026-05-12 14:21:18,338 - INFO - Ep25 Step9: HCNO: N=36.5%  H=6.8%  C=35.7%  O=21.0%
2026-05-12 14:21:18,338 - INFO - Ep25 Step9: Reward=12.55
2026-05-12 14:21:18,338 - INFO - Ep 25 Step 9: Action=4 (DecL5), Layers=[4.5, 7.0, 5.5, 4.5, 4.0, 5.0], Gap=5.5, Reward=12.55
2026-05-12 14:22:05,115 - INFO - FLUKA OK: abl_dql_ep25_step10.inp (38.3s)
2026-05-12 14:22:05,131 - WARNING - prefix 'abl_dql_ep25_step10' unit 24: expected 5 cycle files, found 10: ['abl_dql_ep25_step10001_fort.24', 'abl_dql_ep25_step10002_fort.24', 'abl_dql_ep25_step10003_fort.24', 'abl_dql_ep25_step10004_fort.24', 'abl_dql_ep25_step10005_fort.24', 'abl_dql_ep25_step1001_fort.24', 'abl_dql_ep25_step1002_fort.24', 'abl_dql_ep25_step1003_fort.24', 'abl_dql_ep25_step1004_fort.24', 'abl_dql_ep25_step1005_fort.24']
2026-05-12 14:22:05,134 - INFO - ustsuw OK â†?/home/marina/caseI/20run_caseI/final_run_confirm_time/abl_dql_ep25_step10_out_tab.lis (10 cycles, unit 24)
2026-05-12 14:22:05,135 - INFO - Ep25 Step10: HCNO: N=39.4%  H=5.3%  C=31.3%  O=24.0%
2026-05-12 14:22:05,135 - INFO - Ep25 Step10: Reward=28.18
2026-05-12 14:22:05,135 - INFO - Ep 25 Step 10: Action=11 (IncL6), Layers=[4.5, 7.0, 5.5, 4.5, 4.0, 5.5], Gap=5.5, Reward=28.18
2026-05-12 14:22:47,470 - INFO - FLUKA OK: abl_dql_ep25_step11.inp (34.0s)
2026-05-12 14:22:47,485 - INFO - ustsuw OK â†?/home/marina/caseI/20run_caseI/final_run_confirm_time/abl_dql_ep25_step11_out_tab.lis (5 cycles, unit 24)
2026-05-12 14:22:47,485 - INFO - Ep25 Step11: HCNO: N=35.1%  H=8.5%  C=24.7%  O=31.7%
2026-05-12 14:22:47,485 - INFO - Ep25 Step11: Reward=26.65
2026-05-12 14:22:47,485 - INFO - Ep 25 Step 11: Action=0 (DecL1), Layers=[4.0, 7.0, 5.5, 4.5, 4.0, 5.5], Gap=5.5, Reward=26.65
2026-05-12 14:23:31,931 - INFO - FLUKA OK: abl_dql_ep25_step12.inp (37.2s)
2026-05-12 14:23:31,949 - INFO - ustsuw OK â†?/home/marina/caseI/20run_caseI/final_run_confirm_time/abl_dql_ep25_step12_out_tab.lis (5 cycles, unit 24)
2026-05-12 14:23:31,949 - INFO - Ep25 Step12: HCNO: N=34.6%  H=3.5%  C=22.8%  O=39.1%
2026-05-12 14:23:31,949 - INFO - Ep25 Step12: Reward=13.25
2026-05-12 14:23:31,950 - INFO - Ep 25 Step 12: Action=3 (DecL4), Layers=[4.0, 7.0, 5.5, 4.0, 4.0, 5.5], Gap=5.5, Reward=13.25
2026-05-12 14:24:20,592 - INFO - FLUKA OK: abl_dql_ep25_step13.inp (37.9s)
2026-05-12 14:24:20,611 - INFO - ustsuw OK â†?/home/marina/caseI/20run_caseI/final_run_confirm_time/abl_dql_ep25_step13_out_tab.lis (5 cycles, unit 24)
2026-05-12 14:24:20,612 - INFO - Ep25 Step13: HCNO: N=41.2%  H=3.4%  C=18.0%  O=37.4%
2026-05-12 14:24:20,612 - INFO - Ep25 Step13: Reward=13.81
2026-05-12 14:24:20,612 - INFO - Ep 25 Step 13: Action=10 (IncL5), Layers=[4.0, 7.0, 5.5, 4.0, 4.5, 5.5], Gap=5.5, Reward=13.81
2026-05-12 14:25:05,968 - INFO - FLUKA OK: abl_dql_ep25_step14.inp (36.3s)
2026-05-12 14:25:05,983 - INFO - ustsuw OK â†?/home/marina/caseI/20run_caseI/final_run_confirm_time/abl_dql_ep25_step14_out_tab.lis (5 cycles, unit 24)
2026-05-12 14:25:05,983 - INFO - Ep25 Step14: HCNO: N=40.6%  H=14.1%  C=26.1%  O=19.2%
2026-05-12 14:25:05,983 - INFO - Ep25 Step14: Reward=16.44
2026-05-12 14:25:05,983 - INFO - Ep 25 Step 14: Action=8 (IncL3), Layers=[4.0, 7.0, 6.0, 4.0, 4.5, 5.5], Gap=5.5, Reward=16.44
2026-05-12 14:25:51,115 - INFO - FLUKA OK: abl_dql_ep25_step15.inp (36.5s)
2026-05-12 14:25:51,137 - INFO - ustsuw OK â†?/home/marina/caseI/20run_caseI/final_run_confirm_time/abl_dql_ep25_step15_out_tab.lis (5 cycles, unit 24)
2026-05-12 14:25:51,138 - INFO - Ep25 Step15: HCNO: N=38.7%  H=14.6%  C=24.8%  O=21.9%
2026-05-12 14:25:51,138 - INFO - Ep25 Step15: Reward=16.66
2026-05-12 14:25:51,138 - INFO - Ep 25 Step 15: Action=12 (DecGap), Layers=[4.0, 7.0, 6.0, 4.0, 4.5, 5.5], Gap=5.0, Reward=16.66
2026-05-12 14:26:39,449 - INFO - FLUKA OK: abl_dql_ep25_step16.inp (38.0s)
2026-05-12 14:26:39,465 - INFO - ustsuw OK â†?/home/marina/caseI/20run_caseI/final_run_confirm_time/abl_dql_ep25_step16_out_tab.lis (5 cycles, unit 24)
2026-05-12 14:26:39,466 - INFO - Ep25 Step16: HCNO: N=40.6%  H=14.1%  C=26.1%  O=19.2%
2026-05-12 14:26:39,466 - INFO - Ep25 Step16: Reward=16.44
2026-05-12 14:26:39,466 - INFO - Ep 25 Step 16: Action=13 (IncGap), Layers=[4.0, 7.0, 6.0, 4.0, 4.5, 5.5], Gap=5.5, Reward=16.44
2026-05-12 14:27:26,987 - INFO - FLUKA OK: abl_dql_ep25_step17.inp (36.8s)
2026-05-12 14:27:27,004 - INFO - ustsuw OK â†?/home/marina/caseI/20run_caseI/final_run_confirm_time/abl_dql_ep25_step17_out_tab.lis (5 cycles, unit 24)
2026-05-12 14:27:27,005 - INFO - Ep25 Step17: HCNO: N=37.8%  H=14.4%  C=27.6%  O=20.2%
2026-05-12 14:27:27,005 - INFO - Ep25 Step17: Reward=19.22
2026-05-12 14:27:27,005 - INFO - Ep 25 Step 17: Action=7 (IncL2), Layers=[4.0, 7.5, 6.0, 4.0, 4.5, 5.5], Gap=5.5, Reward=19.22
2026-05-12 14:28:11,302 - INFO - FLUKA OK: abl_dql_ep25_step18.inp (35.0s)
2026-05-12 14:28:11,317 - INFO - ustsuw OK â†?/home/marina/caseI/20run_caseI/final_run_confirm_time/abl_dql_ep25_step18_out_tab.lis (5 cycles, unit 24)
2026-05-12 14:28:11,317 - INFO - Ep25 Step18: HCNO: N=41.0%  H=14.8%  C=24.6%  O=19.7%
2026-05-12 14:28:11,317 - INFO - Ep25 Step18: Reward=21.79
2026-05-12 14:28:11,317 - INFO - Ep 25 Step 18: Action=12 (DecGap), Layers=[4.0, 7.5, 6.0, 4.0, 4.5, 5.5], Gap=5.0, Reward=21.79
2026-05-12 14:28:55,462 - INFO - FLUKA OK: abl_dql_ep25_step19.inp (35.9s)
2026-05-12 14:28:55,478 - INFO - ustsuw OK â†?/home/marina/caseI/20run_caseI/final_run_confirm_time/abl_dql_ep25_step19_out_tab.lis (5 cycles, unit 24)
2026-05-12 14:28:55,479 - INFO - Ep25 Step19: HCNO: N=36.4%  H=13.3%  C=27.8%  O=22.5%
2026-05-12 14:28:55,480 - INFO - Ep25 Step19: Reward=29.42
2026-05-12 14:28:55,480 - INFO - Ep 25 Step 19: Action=10 (IncL5), Layers=[4.0, 7.5, 6.0, 4.0, 5.0, 5.5], Gap=5.0, Reward=29.42
2026-05-12 14:29:40,158 - INFO - FLUKA OK: abl_dql_ep25_step20.inp (34.8s)
2026-05-12 14:29:40,171 - WARNING - prefix 'abl_dql_ep25_step20' unit 24: expected 5 cycle files, found 10: ['abl_dql_ep25_step20001_fort.24', 'abl_dql_ep25_step20002_fort.24', 'abl_dql_ep25_step20003_fort.24', 'abl_dql_ep25_step20004_fort.24', 'abl_dql_ep25_step20005_fort.24', 'abl_dql_ep25_step2001_fort.24', 'abl_dql_ep25_step2002_fort.24', 'abl_dql_ep25_step2003_fort.24', 'abl_dql_ep25_step2004_fort.24', 'abl_dql_ep25_step2005_fort.24']
2026-05-12 14:29:40,173 - INFO - ustsuw OK â†?/home/marina/caseI/20run_caseI/final_run_confirm_time/abl_dql_ep25_step20_out_tab.lis (10 cycles, unit 24)
2026-05-12 14:29:40,173 - INFO - Ep25 Step20: HCNO: N=30.8%  H=7.0%  C=35.2%  O=27.0%
2026-05-12 14:29:40,173 - INFO - Ep25 Step20: Reward=25.04
2026-05-12 14:29:40,173 - INFO - Ep 25 Step 20: Action=9 (IncL4), Layers=[4.0, 7.5, 6.0, 4.5, 5.0, 5.5], Gap=5.0, Reward=25.04
2026-05-12 14:29:47,994 - INFO - Target network updated at episode 25
2026-05-12 14:29:47,994 - INFO - Episode 25: Return=382.37, Best=36.79, Loss=88.8769
2026-05-12 14:30:26,751 - INFO - FLUKA OK: abl_dql_ep26_step1.inp (38.8s)
2026-05-12 14:30:26,796 - INFO - ustsuw OK â†?/home/marina/caseI/20run_caseI/final_run_confirm_time/abl_dql_ep26_step1_out_tab.lis (5 cycles, unit 24)
2026-05-12 14:30:26,797 - INFO - Ep26 Step1: HCNO: N=45.5%  H=5.9%  C=26.8%  O=21.8%
2026-05-12 14:30:26,797 - INFO - Ep26 Step1: Reward=25.47
2026-05-12 14:30:26,797 - INFO - Ep 26 Step 1: Action=2 (DecL3), Layers=[3.0, 2.5, 7.0, 2.5, 4.0, 6.5], Gap=7.0, Reward=25.47
2026-05-12 14:31:14,391 - INFO - FLUKA OK: abl_dql_ep26_step2.inp (37.6s)
2026-05-12 14:31:14,406 - INFO - ustsuw OK â†?/home/marina/caseI/20run_caseI/final_run_confirm_time/abl_dql_ep26_step2_out_tab.lis (5 cycles, unit 24)
2026-05-12 14:31:14,407 - INFO - Ep26 Step2: HCNO: N=29.5%  H=7.2%  C=30.3%  O=33.0%
2026-05-12 14:31:14,407 - INFO - Ep26 Step2: Reward=19.89
2026-05-12 14:31:14,407 - INFO - Ep 26 Step 2: Action=1 (DecL2), Layers=[3.0, 2.0, 7.0, 2.5, 4.0, 6.5], Gap=7.0, Reward=19.89
2026-05-12 14:32:01,421 - INFO - FLUKA OK: abl_dql_ep26_step3.inp (38.6s)
2026-05-12 14:32:01,438 - INFO - ustsuw OK â†?/home/marina/caseI/20run_caseI/final_run_confirm_time/abl_dql_ep26_step3_out_tab.lis (5 cycles, unit 24)
2026-05-12 14:32:01,438 - INFO - Ep26 Step3: HCNO: N=23.8%  H=7.0%  C=35.7%  O=33.5%
2026-05-12 14:32:01,438 - INFO - Ep26 Step3: Reward=24.96
2026-05-12 14:32:01,439 - INFO - Ep 26 Step 3: Action=13 (IncGap), Layers=[3.0, 2.0, 7.0, 2.5, 4.0, 6.5], Gap=7.5, Reward=24.96
2026-05-12 14:32:48,273 - INFO - FLUKA OK: abl_dql_ep26_step4.inp (38.1s)
2026-05-12 14:32:48,290 - INFO - ustsuw OK â†?/home/marina/caseI/20run_caseI/final_run_confirm_time/abl_dql_ep26_step4_out_tab.lis (5 cycles, unit 24)
2026-05-12 14:32:48,290 - INFO - Ep26 Step4: HCNO: N=29.5%  H=7.2%  C=30.3%  O=33.0%
2026-05-12 14:32:48,291 - INFO - Ep26 Step4: Reward=19.89
2026-05-12 14:32:48,291 - INFO - Ep 26 Step 4: Action=12 (DecGap), Layers=[3.0, 2.0, 7.0, 2.5, 4.0, 6.5], Gap=7.0, Reward=19.89
2026-05-12 14:33:34,774 - INFO - FLUKA OK: abl_dql_ep26_step5.inp (38.2s)
2026-05-12 14:33:34,790 - INFO - ustsuw OK â†?/home/marina/caseI/20run_caseI/final_run_confirm_time/abl_dql_ep26_step5_out_tab.lis (5 cycles, unit 24)
2026-05-12 14:33:34,791 - INFO - Ep26 Step5: HCNO: N=33.8%  H=9.4%  C=26.2%  O=30.6%
2026-05-12 14:33:34,791 - INFO - Ep26 Step5: Reward=22.65
2026-05-12 14:33:34,791 - INFO - Ep 26 Step 5: Action=3 (DecL4), Layers=[3.0, 2.0, 7.0, 2.0, 4.0, 6.5], Gap=7.0, Reward=22.65
2026-05-12 14:34:20,044 - INFO - FLUKA OK: abl_dql_ep26_step6.inp (37.1s)
2026-05-12 14:34:20,061 - INFO - ustsuw OK â†?/home/marina/caseI/20run_caseI/final_run_confirm_time/abl_dql_ep26_step6_out_tab.lis (5 cycles, unit 24)
2026-05-12 14:34:20,062 - INFO - Ep26 Step6: HCNO: N=33.6%  H=12.9%  C=23.5%  O=29.9%
2026-05-12 14:34:20,062 - INFO - Ep26 Step6: Reward=22.95
2026-05-12 14:34:20,062 - INFO - Ep 26 Step 6: Action=12 (DecGap), Layers=[3.0, 2.0, 7.0, 2.0, 4.0, 6.5], Gap=6.5, Reward=22.95
2026-05-12 14:35:06,312 - INFO - FLUKA OK: abl_dql_ep26_step7.inp (37.6s)
2026-05-12 14:35:06,327 - INFO - ustsuw OK â†?/home/marina/caseI/20run_caseI/final_run_confirm_time/abl_dql_ep26_step7_out_tab.lis (5 cycles, unit 24)
2026-05-12 14:35:06,328 - INFO - Ep26 Step7: HCNO: N=40.3%  H=12.3%  C=22.8%  O=24.6%
2026-05-12 14:35:06,328 - INFO - Ep26 Step7: Reward=22.72
2026-05-12 14:35:06,328 - INFO - Ep 26 Step 7: Action=10 (IncL5), Layers=[3.0, 2.0, 7.0, 2.0, 4.5, 6.5], Gap=6.5, Reward=22.72
2026-05-12 14:35:55,113 - INFO - FLUKA OK: abl_dql_ep26_step8.inp (39.1s)
2026-05-12 14:35:55,129 - INFO - ustsuw OK â†?/home/marina/caseI/20run_caseI/final_run_confirm_time/abl_dql_ep26_step8_out_tab.lis (5 cycles, unit 24)
2026-05-12 14:35:55,130 - INFO - Ep26 Step8: HCNO: N=33.6%  H=12.9%  C=23.5%  O=29.9%
2026-05-12 14:35:55,130 - INFO - Ep26 Step8: Reward=22.95
2026-05-12 14:35:55,130 - INFO - Ep 26 Step 8: Action=4 (DecL5), Layers=[3.0, 2.0, 7.0, 2.0, 4.0, 6.5], Gap=6.5, Reward=22.95
2026-05-12 14:36:40,697 - INFO - FLUKA OK: abl_dql_ep26_step9.inp (37.4s)
2026-05-12 14:36:40,715 - INFO - ustsuw OK â†?/home/marina/caseI/20run_caseI/final_run_confirm_time/abl_dql_ep26_step9_out_tab.lis (5 cycles, unit 24)
2026-05-12 14:36:40,716 - INFO - Ep26 Step9: HCNO: N=33.6%  H=12.9%  C=23.5%  O=29.9%
2026-05-12 14:36:40,716 - INFO - Ep26 Step9: Reward=22.95
2026-05-12 14:36:40,716 - INFO - Ep 26 Step 9: Action=1 (DecL2), Layers=[3.0, 2.0, 7.0, 2.0, 4.0, 6.5], Gap=6.5, Reward=22.95
2026-05-12 14:37:28,822 - INFO - FLUKA OK: abl_dql_ep26_step10.inp (38.1s)
2026-05-12 14:37:28,835 - WARNING - prefix 'abl_dql_ep26_step10' unit 24: expected 5 cycle files, found 10: ['abl_dql_ep26_step10001_fort.24', 'abl_dql_ep26_step10002_fort.24', 'abl_dql_ep26_step10003_fort.24', 'abl_dql_ep26_step10004_fort.24', 'abl_dql_ep26_step10005_fort.24', 'abl_dql_ep26_step1001_fort.24', 'abl_dql_ep26_step1002_fort.24', 'abl_dql_ep26_step1003_fort.24', 'abl_dql_ep26_step1004_fort.24', 'abl_dql_ep26_step1005_fort.24']
2026-05-12 14:37:28,839 - INFO - ustsuw OK â†?/home/marina/caseI/20run_caseI/final_run_confirm_time/abl_dql_ep26_step10_out_tab.lis (10 cycles, unit 24)
2026-05-12 14:37:28,839 - INFO - Ep26 Step10: HCNO: N=41.7%  H=9.8%  C=27.3%  O=21.2%
2026-05-12 14:37:28,839 - INFO - Ep26 Step10: Reward=29.41
2026-05-12 14:37:28,839 - INFO - Ep 26 Step 10: Action=11 (IncL6), Layers=[3.0, 2.0, 7.0, 2.0, 4.0, 7.0], Gap=6.5, Reward=29.41
2026-05-12 14:38:15,553 - INFO - FLUKA OK: abl_dql_ep26_step11.inp (37.5s)
2026-05-12 14:38:15,570 - INFO - ustsuw OK â†?/home/marina/caseI/20run_caseI/final_run_confirm_time/abl_dql_ep26_step11_out_tab.lis (5 cycles, unit 24)
2026-05-12 14:38:15,570 - INFO - Ep26 Step11: HCNO: N=33.6%  H=12.9%  C=23.5%  O=29.9%
2026-05-12 14:38:15,570 - INFO - Ep26 Step11: Reward=22.95
2026-05-12 14:38:15,571 - INFO - Ep 26 Step 11: Action=5 (DecL6), Layers=[3.0, 2.0, 7.0, 2.0, 4.0, 6.5], Gap=6.5, Reward=22.95
2026-05-12 14:39:01,257 - INFO - FLUKA OK: abl_dql_ep26_step12.inp (37.7s)
2026-05-12 14:39:01,276 - INFO - ustsuw OK â†?/home/marina/caseI/20run_caseI/final_run_confirm_time/abl_dql_ep26_step12_out_tab.lis (5 cycles, unit 24)
2026-05-12 14:39:01,276 - INFO - Ep26 Step12: HCNO: N=40.4%  H=11.2%  C=27.6%  O=20.8%
2026-05-12 14:39:01,276 - INFO - Ep26 Step12: Reward=21.88
2026-05-12 14:39:01,277 - INFO - Ep 26 Step 12: Action=7 (IncL2), Layers=[3.0, 2.5, 7.0, 2.0, 4.0, 6.5], Gap=6.5, Reward=21.88
2026-05-12 14:39:45,909 - INFO - FLUKA OK: abl_dql_ep26_step13.inp (36.4s)
2026-05-12 14:39:45,924 - INFO - ustsuw OK â†?/home/marina/caseI/20run_caseI/final_run_confirm_time/abl_dql_ep26_step13_out_tab.lis (5 cycles, unit 24)
2026-05-12 14:39:45,925 - INFO - Ep26 Step13: HCNO: N=34.5%  H=4.9%  C=34.8%  O=25.8%
2026-05-12 14:39:45,925 - INFO - Ep26 Step13: Reward=22.03
2026-05-12 14:39:45,925 - INFO - Ep 26 Step 13: Action=2 (DecL3), Layers=[3.0, 2.5, 6.5, 2.0, 4.0, 6.5], Gap=6.5, Reward=22.03
2026-05-12 14:40:28,521 - INFO - FLUKA OK: abl_dql_ep26_step14.inp (35.4s)
2026-05-12 14:40:28,535 - INFO - ustsuw OK â†?/home/marina/caseI/20run_caseI/final_run_confirm_time/abl_dql_ep26_step14_out_tab.lis (5 cycles, unit 24)
2026-05-12 14:40:28,536 - INFO - Ep26 Step14: HCNO: N=37.7%  H=6.0%  C=31.4%  O=25.0%
2026-05-12 14:40:28,536 - INFO - Ep26 Step14: Reward=17.32
2026-05-12 14:40:28,536 - INFO - Ep 26 Step 14: Action=10 (IncL5), Layers=[3.0, 2.5, 6.5, 2.0, 4.5, 6.5], Gap=6.5, Reward=17.32
2026-05-12 14:41:12,570 - INFO - FLUKA OK: abl_dql_ep26_step15.inp (36.8s)
2026-05-12 14:41:12,586 - INFO - ustsuw OK â†?/home/marina/caseI/20run_caseI/final_run_confirm_time/abl_dql_ep26_step15_out_tab.lis (5 cycles, unit 24)
2026-05-12 14:41:12,586 - INFO - Ep26 Step15: HCNO: N=34.5%  H=4.9%  C=34.8%  O=25.8%
2026-05-12 14:41:12,587 - INFO - Ep26 Step15: Reward=22.03
2026-05-12 14:41:12,587 - INFO - Ep 26 Step 15: Action=4 (DecL5), Layers=[3.0, 2.5, 6.5, 2.0, 4.0, 6.5], Gap=6.5, Reward=22.03
2026-05-12 14:41:59,457 - INFO - FLUKA OK: abl_dql_ep26_step16.inp (38.7s)
2026-05-12 14:41:59,475 - INFO - ustsuw OK â†?/home/marina/caseI/20run_caseI/final_run_confirm_time/abl_dql_ep26_step16_out_tab.lis (5 cycles, unit 24)
2026-05-12 14:41:59,476 - INFO - Ep26 Step16: HCNO: N=42.6%  H=6.4%  C=25.9%  O=25.1%
2026-05-12 14:41:59,477 - INFO - Ep26 Step16: Reward=16.77
2026-05-12 14:41:59,477 - INFO - Ep 26 Step 16: Action=2 (DecL3), Layers=[3.0, 2.5, 6.0, 2.0, 4.0, 6.5], Gap=6.5, Reward=16.77
2026-05-12 14:42:47,891 - INFO - FLUKA OK: abl_dql_ep26_step17.inp (38.1s)
2026-05-12 14:42:47,911 - INFO - ustsuw OK â†?/home/marina/caseI/20run_caseI/final_run_confirm_time/abl_dql_ep26_step17_out_tab.lis (5 cycles, unit 24)
2026-05-12 14:42:47,912 - INFO - Ep26 Step17: HCNO: N=34.5%  H=4.9%  C=34.8%  O=25.8%
2026-05-12 14:42:47,912 - INFO - Ep26 Step17: Reward=22.03
2026-05-12 14:42:47,912 - INFO - Ep 26 Step 17: Action=8 (IncL3), Layers=[3.0, 2.5, 6.5, 2.0, 4.0, 6.5], Gap=6.5, Reward=22.03
2026-05-12 14:43:33,643 - INFO - FLUKA OK: abl_dql_ep26_step18.inp (36.8s)
2026-05-12 14:43:33,661 - INFO - ustsuw OK â†?/home/marina/caseI/20run_caseI/final_run_confirm_time/abl_dql_ep26_step18_out_tab.lis (5 cycles, unit 24)
2026-05-12 14:43:33,662 - INFO - Ep26 Step18: HCNO: N=28.6%  H=12.3%  C=32.4%  O=26.7%
2026-05-12 14:43:33,662 - INFO - Ep26 Step18: Reward=19.14
2026-05-12 14:43:33,662 - INFO - Ep 26 Step 18: Action=11 (IncL6), Layers=[3.0, 2.5, 6.5, 2.0, 4.0, 7.0], Gap=6.5, Reward=19.14
2026-05-12 14:44:21,518 - INFO - FLUKA OK: abl_dql_ep26_step19.inp (38.7s)
2026-05-12 14:44:21,534 - INFO - ustsuw OK â†?/home/marina/caseI/20run_caseI/final_run_confirm_time/abl_dql_ep26_step19_out_tab.lis (5 cycles, unit 24)
2026-05-12 14:44:21,535 - INFO - Ep26 Step19: HCNO: N=36.1%  H=13.8%  C=22.3%  O=27.8%
2026-05-12 14:44:21,535 - INFO - Ep26 Step19: Reward=25.62
2026-05-12 14:44:21,535 - INFO - Ep 26 Step 19: Action=0 (DecL1), Layers=[2.5, 2.5, 6.5, 2.0, 4.0, 7.0], Gap=6.5, Reward=25.62
2026-05-12 14:45:08,731 - INFO - FLUKA OK: abl_dql_ep26_step20.inp (39.3s)
2026-05-12 14:45:08,746 - WARNING - prefix 'abl_dql_ep26_step20' unit 24: expected 5 cycle files, found 10: ['abl_dql_ep26_step20001_fort.24', 'abl_dql_ep26_step20002_fort.24', 'abl_dql_ep26_step20003_fort.24', 'abl_dql_ep26_step20004_fort.24', 'abl_dql_ep26_step20005_fort.24', 'abl_dql_ep26_step2001_fort.24', 'abl_dql_ep26_step2002_fort.24', 'abl_dql_ep26_step2003_fort.24', 'abl_dql_ep26_step2004_fort.24', 'abl_dql_ep26_step2005_fort.24']
2026-05-12 14:45:08,748 - INFO - ustsuw OK â†?/home/marina/caseI/20run_caseI/final_run_confirm_time/abl_dql_ep26_step20_out_tab.lis (10 cycles, unit 24)
2026-05-12 14:45:08,749 - INFO - Ep26 Step20: HCNO: N=33.3%  H=8.4%  C=27.8%  O=30.5%
2026-05-12 14:45:08,749 - INFO - Ep26 Step20: Reward=29.65
2026-05-12 14:45:08,749 - INFO - Ep 26 Step 20: Action=9 (IncL4), Layers=[2.5, 2.5, 6.5, 2.5, 4.0, 7.0], Gap=6.5, Reward=29.65
2026-05-12 14:45:18,431 - INFO - Episode 26: Return=453.25, Best=36.79, Loss=88.2353
2026-05-12 14:45:57,386 - INFO - FLUKA OK: abl_dql_ep27_step1.inp (39.0s)
2026-05-12 14:45:57,403 - INFO - ustsuw OK â†?/home/marina/caseI/20run_caseI/final_run_confirm_time/abl_dql_ep27_step1_out_tab.lis (5 cycles, unit 24)
2026-05-12 14:45:57,404 - INFO - Ep27 Step1: HCNO: N=31.4%  H=17.9%  C=23.9%  O=26.8%
2026-05-12 14:45:57,404 - INFO - Ep27 Step1: Reward=26.50
2026-05-12 14:45:57,404 - INFO - Ep 27 Step 1: Action=1 (DecL2), Layers=[2.5, 2.0, 6.5, 7.0, 6.5, 3.0], Gap=8.0, Reward=26.50
2026-05-12 14:46:44,559 - INFO - FLUKA OK: abl_dql_ep27_step2.inp (38.6s)
2026-05-12 14:46:44,575 - INFO - ustsuw OK â†?/home/marina/caseI/20run_caseI/final_run_confirm_time/abl_dql_ep27_step2_out_tab.lis (5 cycles, unit 24)
2026-05-12 14:46:44,576 - INFO - Ep27 Step2: HCNO: N=36.9%  H=10.5%  C=27.0%  O=25.6%
2026-05-12 14:46:44,576 - INFO - Ep27 Step2: Reward=15.18
2026-05-12 14:46:44,576 - INFO - Ep 27 Step 2: Action=8 (IncL3), Layers=[2.5, 2.0, 7.0, 7.0, 6.5, 3.0], Gap=8.0, Reward=15.18
2026-05-12 14:47:30,119 - INFO - FLUKA OK: abl_dql_ep27_step3.inp (37.8s)
2026-05-12 14:47:30,137 - INFO - ustsuw OK â†?/home/marina/caseI/20run_caseI/final_run_confirm_time/abl_dql_ep27_step3_out_tab.lis (5 cycles, unit 24)
2026-05-12 14:47:30,138 - INFO - Ep27 Step3: HCNO: N=35.2%  H=11.6%  C=29.2%  O=24.0%
2026-05-12 14:47:30,138 - INFO - Ep27 Step3: Reward=17.33
2026-05-12 14:47:30,138 - INFO - Ep 27 Step 3: Action=12 (DecGap), Layers=[2.5, 2.0, 7.0, 7.0, 6.5, 3.0], Gap=7.5, Reward=17.33
2026-05-12 14:48:17,741 - INFO - FLUKA OK: abl_dql_ep27_step4.inp (39.3s)
2026-05-12 14:48:17,756 - INFO - ustsuw OK â†?/home/marina/caseI/20run_caseI/final_run_confirm_time/abl_dql_ep27_step4_out_tab.lis (5 cycles, unit 24)
2026-05-12 14:48:17,757 - INFO - Ep27 Step4: HCNO: N=40.1%  H=9.8%  C=19.7%  O=30.3%
2026-05-12 14:48:17,757 - INFO - Ep27 Step4: Reward=17.09
2026-05-12 14:48:17,757 - INFO - Ep 27 Step 4: Action=3 (DecL4), Layers=[2.5, 2.0, 7.0, 6.5, 6.5, 3.0], Gap=7.5, Reward=17.09
2026-05-12 14:49:03,234 - INFO - FLUKA OK: abl_dql_ep27_step5.inp (37.5s)
2026-05-12 14:49:03,249 - INFO - ustsuw OK â†?/home/marina/caseI/20run_caseI/final_run_confirm_time/abl_dql_ep27_step5_out_tab.lis (5 cycles, unit 24)
2026-05-12 14:49:03,250 - INFO - Ep27 Step5: HCNO: N=37.0%  H=11.0%  C=25.7%  O=26.2%
2026-05-12 14:49:03,250 - INFO - Ep27 Step5: Reward=14.39
2026-05-12 14:49:03,250 - INFO - Ep 27 Step 5: Action=2 (DecL3), Layers=[2.5, 2.0, 6.5, 6.5, 6.5, 3.0], Gap=7.5, Reward=14.39
2026-05-12 14:49:49,837 - INFO - FLUKA OK: abl_dql_ep27_step6.inp (38.5s)
2026-05-12 14:49:49,854 - INFO - ustsuw OK â†?/home/marina/caseI/20run_caseI/final_run_confirm_time/abl_dql_ep27_step6_out_tab.lis (5 cycles, unit 24)
2026-05-12 14:49:49,855 - INFO - Ep27 Step6: HCNO: N=37.0%  H=11.0%  C=25.7%  O=26.2%
2026-05-12 14:49:49,855 - INFO - Ep27 Step6: Reward=14.39
2026-05-12 14:49:49,855 - INFO - Ep 27 Step 6: Action=1 (DecL2), Layers=[2.5, 2.0, 6.5, 6.5, 6.5, 3.0], Gap=7.5, Reward=14.39
2026-05-12 14:50:37,058 - INFO - FLUKA OK: abl_dql_ep27_step7.inp (38.9s)
2026-05-12 14:50:37,075 - INFO - ustsuw OK â†?/home/marina/caseI/20run_caseI/final_run_confirm_time/abl_dql_ep27_step7_out_tab.lis (5 cycles, unit 24)
2026-05-12 14:50:37,076 - INFO - Ep27 Step7: HCNO: N=34.8%  H=10.2%  C=24.8%  O=30.2%
2026-05-12 14:50:37,076 - INFO - Ep27 Step7: Reward=16.33
2026-05-12 14:50:37,076 - INFO - Ep 27 Step 7: Action=12 (DecGap), Layers=[2.5, 2.0, 6.5, 6.5, 6.5, 3.0], Gap=7.0, Reward=16.33
2026-05-12 14:51:27,821 - INFO - FLUKA OK: abl_dql_ep27_step8.inp (41.6s)
2026-05-12 14:51:27,838 - INFO - ustsuw OK â†?/home/marina/caseI/20run_caseI/final_run_confirm_time/abl_dql_ep27_step8_out_tab.lis (5 cycles, unit 24)
2026-05-12 14:51:27,838 - INFO - Ep27 Step8: HCNO: N=33.9%  H=14.4%  C=26.7%  O=24.9%
2026-05-12 14:51:27,838 - INFO - Ep27 Step8: Reward=7.50
2026-05-12 14:51:27,839 - INFO - Ep 27 Step 8: Action=10 (IncL5), Layers=[2.5, 2.0, 6.5, 6.5, 7.0, 3.0], Gap=7.0, Reward=7.50
2026-05-12 14:52:17,649 - INFO - FLUKA OK: abl_dql_ep27_step9.inp (38.1s)
2026-05-12 14:52:17,666 - INFO - ustsuw OK â†?/home/marina/caseI/20run_caseI/final_run_confirm_time/abl_dql_ep27_step9_out_tab.lis (5 cycles, unit 24)
2026-05-12 14:52:17,666 - INFO - Ep27 Step9: HCNO: N=38.4%  H=17.9%  C=22.8%  O=20.9%
2026-05-12 14:52:17,667 - INFO - Ep27 Step9: Reward=19.37
2026-05-12 14:52:17,667 - INFO - Ep 27 Step 9: Action=6 (IncL1), Layers=[3.0, 2.0, 6.5, 6.5, 7.0, 3.0], Gap=7.0, Reward=19.37
2026-05-12 14:53:05,641 - INFO - FLUKA OK: abl_dql_ep27_step10.inp (39.0s)
2026-05-12 14:53:05,657 - WARNING - prefix 'abl_dql_ep27_step10' unit 24: expected 5 cycle files, found 10: ['abl_dql_ep27_step10001_fort.24', 'abl_dql_ep27_step10002_fort.24', 'abl_dql_ep27_step10003_fort.24', 'abl_dql_ep27_step10004_fort.24', 'abl_dql_ep27_step10005_fort.24', 'abl_dql_ep27_step1001_fort.24', 'abl_dql_ep27_step1002_fort.24', 'abl_dql_ep27_step1003_fort.24', 'abl_dql_ep27_step1004_fort.24', 'abl_dql_ep27_step1005_fort.24']
2026-05-12 14:53:05,660 - INFO - ustsuw OK â†?/home/marina/caseI/20run_caseI/final_run_confirm_time/abl_dql_ep27_step10_out_tab.lis (10 cycles, unit 24)
2026-05-12 14:53:05,661 - INFO - Ep27 Step10: HCNO: N=43.9%  H=12.9%  C=19.9%  O=23.3%
2026-05-12 14:53:05,661 - INFO - Ep27 Step10: Reward=26.38
2026-05-12 14:53:05,661 - INFO - Ep 27 Step 10: Action=9 (IncL4), Layers=[3.0, 2.0, 6.5, 7.0, 7.0, 3.0], Gap=7.0, Reward=26.38
2026-05-12 14:53:52,634 - INFO - FLUKA OK: abl_dql_ep27_step11.inp (37.9s)
2026-05-12 14:53:52,652 - INFO - ustsuw OK â†?/home/marina/caseI/20run_caseI/final_run_confirm_time/abl_dql_ep27_step11_out_tab.lis (5 cycles, unit 24)
2026-05-12 14:53:52,652 - INFO - Ep27 Step11: HCNO: N=55.3%  H=11.1%  C=14.4%  O=19.2%
2026-05-12 14:53:52,652 - INFO - Ep27 Step11: Reward=14.25
2026-05-12 14:53:52,653 - INFO - Ep 27 Step 11: Action=13 (IncGap), Layers=[3.0, 2.0, 6.5, 7.0, 7.0, 3.0], Gap=7.5, Reward=14.25
2026-05-12 14:54:37,353 - INFO - FLUKA OK: abl_dql_ep27_step12.inp (36.8s)
2026-05-12 14:54:37,371 - INFO - ustsuw OK â†?/home/marina/caseI/20run_caseI/final_run_confirm_time/abl_dql_ep27_step12_out_tab.lis (5 cycles, unit 24)
2026-05-12 14:54:37,371 - INFO - Ep27 Step12: HCNO: N=46.1%  H=8.2%  C=15.2%  O=30.6%
2026-05-12 14:54:37,371 - INFO - Ep27 Step12: Reward=21.19
2026-05-12 14:54:37,372 - INFO - Ep 27 Step 12: Action=8 (IncL3), Layers=[3.0, 2.0, 7.0, 7.0, 7.0, 3.0], Gap=7.5, Reward=21.19
2026-05-12 14:55:24,673 - INFO - FLUKA OK: abl_dql_ep27_step13.inp (39.2s)
2026-05-12 14:55:24,692 - INFO - ustsuw OK â†?/home/marina/caseI/20run_caseI/final_run_confirm_time/abl_dql_ep27_step13_out_tab.lis (5 cycles, unit 24)
2026-05-12 14:55:24,693 - INFO - Ep27 Step13: HCNO: N=43.3%  H=9.7%  C=23.8%  O=23.2%
2026-05-12 14:55:24,693 - INFO - Ep27 Step13: Reward=25.31
2026-05-12 14:55:24,693 - INFO - Ep 27 Step 13: Action=9 (IncL4), Layers=[3.0, 2.0, 7.0, 7.5, 7.0, 3.0], Gap=7.5, Reward=25.31
2026-05-12 14:56:13,139 - INFO - FLUKA OK: abl_dql_ep27_step14.inp (39.0s)
2026-05-12 14:56:13,155 - INFO - ustsuw OK â†?/home/marina/caseI/20run_caseI/final_run_confirm_time/abl_dql_ep27_step14_out_tab.lis (5 cycles, unit 24)
2026-05-12 14:56:13,156 - INFO - Ep27 Step14: HCNO: N=43.3%  H=9.7%  C=23.8%  O=23.2%
2026-05-12 14:56:13,156 - INFO - Ep27 Step14: Reward=25.31
2026-05-12 14:56:13,156 - INFO - Ep 27 Step 14: Action=1 (DecL2), Layers=[3.0, 2.0, 7.0, 7.5, 7.0, 3.0], Gap=7.5, Reward=25.31
2026-05-12 14:56:59,532 - INFO - FLUKA OK: abl_dql_ep27_step15.inp (38.0s)
2026-05-12 14:56:59,548 - INFO - ustsuw OK â†?/home/marina/caseI/20run_caseI/final_run_confirm_time/abl_dql_ep27_step15_out_tab.lis (5 cycles, unit 24)
2026-05-12 14:56:59,549 - INFO - Ep27 Step15: HCNO: N=28.1%  H=14.9%  C=28.8%  O=28.2%
2026-05-12 14:56:59,549 - INFO - Ep27 Step15: Reward=24.55
2026-05-12 14:56:59,549 - INFO - Ep 27 Step 15: Action=11 (IncL6), Layers=[3.0, 2.0, 7.0, 7.5, 7.0, 3.5], Gap=7.5, Reward=24.55
2026-05-12 14:57:47,984 - INFO - FLUKA OK: abl_dql_ep27_step16.inp (38.1s)
2026-05-12 14:57:48,000 - INFO - ustsuw OK â†?/home/marina/caseI/20run_caseI/final_run_confirm_time/abl_dql_ep27_step16_out_tab.lis (5 cycles, unit 24)
2026-05-12 14:57:48,001 - INFO - Ep27 Step16: HCNO: N=38.9%  H=9.1%  C=18.1%  O=34.0%
2026-05-12 14:57:48,001 - INFO - Ep27 Step16: Reward=13.22
2026-05-12 14:57:48,001 - INFO - Ep 27 Step 16: Action=10 (IncL5), Layers=[3.0, 2.0, 7.0, 7.5, 7.5, 3.5], Gap=7.5, Reward=13.22
2026-05-12 14:58:34,685 - INFO - FLUKA OK: abl_dql_ep27_step17.inp (38.7s)
2026-05-12 14:58:34,702 - INFO - ustsuw OK â†?/home/marina/caseI/20run_caseI/final_run_confirm_time/abl_dql_ep27_step17_out_tab.lis (5 cycles, unit 24)
2026-05-12 14:58:34,703 - INFO - Ep27 Step17: HCNO: N=28.1%  H=14.9%  C=28.8%  O=28.2%
2026-05-12 14:58:34,703 - INFO - Ep27 Step17: Reward=24.55
2026-05-12 14:58:34,703 - INFO - Ep 27 Step 17: Action=4 (DecL5), Layers=[3.0, 2.0, 7.0, 7.5, 7.0, 3.5], Gap=7.5, Reward=24.55
2026-05-12 14:59:22,077 - INFO - FLUKA OK: abl_dql_ep27_step18.inp (38.6s)
2026-05-12 14:59:22,094 - INFO - ustsuw OK â†?/home/marina/caseI/20run_caseI/final_run_confirm_time/abl_dql_ep27_step18_out_tab.lis (5 cycles, unit 24)
2026-05-12 14:59:22,094 - INFO - Ep27 Step18: HCNO: N=25.9%  H=13.4%  C=28.3%  O=32.4%
2026-05-12 14:59:22,094 - INFO - Ep27 Step18: Reward=24.60
2026-05-12 14:59:22,095 - INFO - Ep 27 Step 18: Action=12 (DecGap), Layers=[3.0, 2.0, 7.0, 7.5, 7.0, 3.5], Gap=7.0, Reward=24.60
2026-05-12 15:00:10,229 - INFO - FLUKA OK: abl_dql_ep27_step19.inp (38.9s)
2026-05-12 15:00:10,247 - INFO - ustsuw OK â†?/home/marina/caseI/20run_caseI/final_run_confirm_time/abl_dql_ep27_step19_out_tab.lis (5 cycles, unit 24)
2026-05-12 15:00:10,248 - INFO - Ep27 Step19: HCNO: N=43.6%  H=7.1%  C=24.5%  O=24.7%
2026-05-12 15:00:10,248 - INFO - Ep27 Step19: Reward=11.01
2026-05-12 15:00:10,248 - INFO - Ep 27 Step 19: Action=0 (DecL1), Layers=[2.5, 2.0, 7.0, 7.5, 7.0, 3.5], Gap=7.0, Reward=11.01
2026-05-12 15:00:59,623 - INFO - FLUKA OK: abl_dql_ep27_step20.inp (40.2s)
2026-05-12 15:00:59,638 - WARNING - prefix 'abl_dql_ep27_step20' unit 24: expected 5 cycle files, found 10: ['abl_dql_ep27_step20001_fort.24', 'abl_dql_ep27_step20002_fort.24', 'abl_dql_ep27_step20003_fort.24', 'abl_dql_ep27_step20004_fort.24', 'abl_dql_ep27_step20005_fort.24', 'abl_dql_ep27_step2001_fort.24', 'abl_dql_ep27_step2002_fort.24', 'abl_dql_ep27_step2003_fort.24', 'abl_dql_ep27_step2004_fort.24', 'abl_dql_ep27_step2005_fort.24']
2026-05-12 15:00:59,641 - INFO - ustsuw OK â†?/home/marina/caseI/20run_caseI/final_run_confirm_time/abl_dql_ep27_step20_out_tab.lis (10 cycles, unit 24)
2026-05-12 15:00:59,641 - INFO - Ep27 Step20: HCNO: N=36.1%  H=15.3%  C=25.9%  O=22.6%
2026-05-12 15:00:59,641 - INFO - Ep27 Step20: Reward=28.86
2026-05-12 15:00:59,641 - INFO - Ep 27 Step 20: Action=4 (DecL5), Layers=[2.5, 2.0, 7.0, 7.5, 6.5, 3.5], Gap=7.0, Reward=28.86
2026-05-12 15:01:07,776 - INFO - Episode 27: Return=387.32, Best=36.79, Loss=87.4727
2026-05-12 15:01:46,691 - INFO - FLUKA OK: abl_dql_ep28_step1.inp (38.9s)
2026-05-12 15:01:46,709 - INFO - ustsuw OK â†?/home/marina/caseI/20run_caseI/final_run_confirm_time/abl_dql_ep28_step1_out_tab.lis (5 cycles, unit 24)
2026-05-12 15:01:46,709 - INFO - Ep28 Step1: HCNO: N=40.4%  H=7.8%  C=16.9%  O=34.9%
2026-05-12 15:01:46,709 - INFO - Ep28 Step1: Reward=24.40
2026-05-12 15:01:46,709 - INFO - Ep 28 Step 1: Action=7 (IncL2), Layers=[3.0, 4.0, 3.0, 4.0, 5.0, 5.5], Gap=9.5, Reward=24.40
2026-05-12 15:02:34,843 - INFO - FLUKA OK: abl_dql_ep28_step2.inp (39.2s)
2026-05-12 15:02:34,861 - INFO - ustsuw OK â†?/home/marina/caseI/20run_caseI/final_run_confirm_time/abl_dql_ep28_step2_out_tab.lis (5 cycles, unit 24)
2026-05-12 15:02:34,862 - INFO - Ep28 Step2: HCNO: N=40.8%  H=9.3%  C=19.3%  O=30.5%
2026-05-12 15:02:34,862 - INFO - Ep28 Step2: Reward=19.18
2026-05-12 15:02:34,862 - INFO - Ep 28 Step 2: Action=2 (DecL3), Layers=[3.0, 4.0, 2.5, 4.0, 5.0, 5.5], Gap=9.5, Reward=19.18
2026-05-12 15:03:20,472 - INFO - FLUKA OK: abl_dql_ep28_step3.inp (37.3s)
2026-05-12 15:03:20,489 - INFO - ustsuw OK â†?/home/marina/caseI/20run_caseI/final_run_confirm_time/abl_dql_ep28_step3_out_tab.lis (5 cycles, unit 24)
2026-05-12 15:03:20,489 - INFO - Ep28 Step3: HCNO: N=47.2%  H=9.0%  C=23.2%  O=20.6%
2026-05-12 15:03:20,489 - INFO - Ep28 Step3: Reward=19.24
2026-05-12 15:03:20,490 - INFO - Ep 28 Step 3: Action=7 (IncL2), Layers=[3.0, 4.5, 2.5, 4.0, 5.0, 5.5], Gap=9.5, Reward=19.24
2026-05-12 15:04:08,530 - INFO - FLUKA OK: abl_dql_ep28_step4.inp (38.7s)
2026-05-12 15:04:08,549 - INFO - ustsuw OK â†?/home/marina/caseI/20run_caseI/final_run_confirm_time/abl_dql_ep28_step4_out_tab.lis (5 cycles, unit 24)
2026-05-12 15:04:08,549 - INFO - Ep28 Step4: HCNO: N=28.2%  H=15.1%  C=24.3%  O=32.4%
2026-05-12 15:04:08,549 - INFO - Ep28 Step4: Reward=16.91
2026-05-12 15:04:08,549 - INFO - Ep 28 Step 4: Action=7 (IncL2), Layers=[3.0, 5.0, 2.5, 4.0, 5.0, 5.5], Gap=9.5, Reward=16.91
2026-05-12 15:04:55,773 - INFO - FLUKA OK: abl_dql_ep28_step5.inp (38.8s)
2026-05-12 15:04:55,789 - INFO - ustsuw OK â†?/home/marina/caseI/20run_caseI/final_run_confirm_time/abl_dql_ep28_step5_out_tab.lis (5 cycles, unit 24)
2026-05-12 15:04:55,790 - INFO - Ep28 Step5: HCNO: N=29.6%  H=15.7%  C=19.2%  O=35.6%
2026-05-12 15:04:55,790 - INFO - Ep28 Step5: Reward=19.83
2026-05-12 15:04:55,790 - INFO - Ep 28 Step 5: Action=13 (IncGap), Layers=[3.0, 5.0, 2.5, 4.0, 5.0, 5.5], Gap=10.0, Reward=19.83
2026-05-12 15:05:40,701 - INFO - FLUKA OK: abl_dql_ep28_step6.inp (36.7s)
2026-05-12 15:05:40,718 - INFO - ustsuw OK â†?/home/marina/caseI/20run_caseI/final_run_confirm_time/abl_dql_ep28_step6_out_tab.lis (5 cycles, unit 24)
2026-05-12 15:05:40,719 - INFO - Ep28 Step6: HCNO: N=42.6%  H=5.7%  C=26.8%  O=24.9%
2026-05-12 15:05:40,719 - INFO - Ep28 Step6: Reward=17.16
2026-05-12 15:05:40,719 - INFO - Ep 28 Step 6: Action=11 (IncL6), Layers=[3.0, 5.0, 2.5, 4.0, 5.0, 6.0], Gap=10.0, Reward=17.16
2026-05-12 15:06:25,030 - INFO - FLUKA OK: abl_dql_ep28_step7.inp (36.1s)
2026-05-12 15:06:25,048 - INFO - ustsuw OK â†?/home/marina/caseI/20run_caseI/final_run_confirm_time/abl_dql_ep28_step7_out_tab.lis (5 cycles, unit 24)
2026-05-12 15:06:25,048 - INFO - Ep28 Step7: HCNO: N=43.9%  H=9.6%  C=15.4%  O=31.1%
2026-05-12 15:06:25,048 - INFO - Ep28 Step7: Reward=28.07
2026-05-12 15:06:25,048 - INFO - Ep 28 Step 7: Action=10 (IncL5), Layers=[3.0, 5.0, 2.5, 4.0, 5.5, 6.0], Gap=10.0, Reward=28.07
2026-05-12 15:07:10,776 - INFO - FLUKA OK: abl_dql_ep28_step8.inp (37.3s)
2026-05-12 15:07:10,795 - INFO - ustsuw OK â†?/home/marina/caseI/20run_caseI/final_run_confirm_time/abl_dql_ep28_step8_out_tab.lis (5 cycles, unit 24)
2026-05-12 15:07:10,795 - INFO - Ep28 Step8: HCNO: N=31.6%  H=7.6%  C=30.1%  O=30.7%
2026-05-12 15:07:10,795 - INFO - Ep28 Step8: Reward=21.20
2026-05-12 15:07:10,795 - INFO - Ep 28 Step 8: Action=8 (IncL3), Layers=[3.0, 5.0, 3.0, 4.0, 5.5, 6.0], Gap=10.0, Reward=21.20
2026-05-12 15:07:57,299 - INFO - FLUKA OK: abl_dql_ep28_step9.inp (38.3s)
2026-05-12 15:07:57,315 - INFO - ustsuw OK â†?/home/marina/caseI/20run_caseI/final_run_confirm_time/abl_dql_ep28_step9_out_tab.lis (5 cycles, unit 24)
2026-05-12 15:07:57,316 - INFO - Ep28 Step9: HCNO: N=39.1%  H=9.4%  C=17.8%  O=33.7%
2026-05-12 15:07:57,316 - INFO - Ep28 Step9: Reward=19.11
2026-05-12 15:07:57,316 - INFO - Ep 28 Step 9: Action=1 (DecL2), Layers=[3.0, 4.5, 3.0, 4.0, 5.5, 6.0], Gap=10.0, Reward=19.11
2026-05-12 15:08:42,232 - INFO - FLUKA OK: abl_dql_ep28_step10.inp (36.4s)
2026-05-12 15:08:42,247 - WARNING - prefix 'abl_dql_ep28_step10' unit 24: expected 5 cycle files, found 10: ['abl_dql_ep28_step10001_fort.24', 'abl_dql_ep28_step10002_fort.24', 'abl_dql_ep28_step10003_fort.24', 'abl_dql_ep28_step10004_fort.24', 'abl_dql_ep28_step10005_fort.24', 'abl_dql_ep28_step1001_fort.24', 'abl_dql_ep28_step1002_fort.24', 'abl_dql_ep28_step1003_fort.24', 'abl_dql_ep28_step1004_fort.24', 'abl_dql_ep28_step1005_fort.24']
2026-05-12 15:08:42,249 - INFO - ustsuw OK â†?/home/marina/caseI/20run_caseI/final_run_confirm_time/abl_dql_ep28_step10_out_tab.lis (10 cycles, unit 24)
2026-05-12 15:08:42,250 - INFO - Ep28 Step10: HCNO: N=34.4%  H=8.7%  C=20.1%  O=36.9%
2026-05-12 15:08:42,250 - INFO - Ep28 Step10: Reward=28.32
2026-05-12 15:08:42,250 - INFO - Ep 28 Step 10: Action=4 (DecL5), Layers=[3.0, 4.5, 3.0, 4.0, 5.0, 6.0], Gap=10.0, Reward=28.32
2026-05-12 15:09:28,850 - INFO - FLUKA OK: abl_dql_ep28_step11.inp (37.5s)
2026-05-12 15:09:28,868 - INFO - ustsuw OK â†?/home/marina/caseI/20run_caseI/final_run_confirm_time/abl_dql_ep28_step11_out_tab.lis (5 cycles, unit 24)
2026-05-12 15:09:28,868 - INFO - Ep28 Step11: HCNO: N=31.0%  H=11.8%  C=28.0%  O=29.3%
2026-05-12 15:09:28,868 - INFO - Ep28 Step11: Reward=14.05
2026-05-12 15:09:28,868 - INFO - Ep 28 Step 11: Action=2 (DecL3), Layers=[3.0, 4.5, 2.5, 4.0, 5.0, 6.0], Gap=10.0, Reward=14.05
2026-05-12 15:10:14,975 - INFO - FLUKA OK: abl_dql_ep28_step12.inp (37.4s)
2026-05-12 15:10:14,995 - INFO - ustsuw OK â†?/home/marina/caseI/20run_caseI/final_run_confirm_time/abl_dql_ep28_step12_out_tab.lis (5 cycles, unit 24)
2026-05-12 15:10:14,995 - INFO - Ep28 Step12: HCNO: N=31.0%  H=11.8%  C=28.0%  O=29.3%
2026-05-12 15:10:14,996 - INFO - Ep28 Step12: Reward=14.05
2026-05-12 15:10:14,996 - INFO - Ep 28 Step 12: Action=13 (IncGap), Layers=[3.0, 4.5, 2.5, 4.0, 5.0, 6.0], Gap=10.0, Reward=14.05
2026-05-12 15:11:01,664 - INFO - FLUKA OK: abl_dql_ep28_step13.inp (38.3s)
2026-05-12 15:11:01,682 - INFO - ustsuw OK â†?/home/marina/caseI/20run_caseI/final_run_confirm_time/abl_dql_ep28_step13_out_tab.lis (5 cycles, unit 24)
2026-05-12 15:11:01,683 - INFO - Ep28 Step13: HCNO: N=32.7%  H=10.5%  C=22.5%  O=34.3%
2026-05-12 15:11:01,683 - INFO - Ep28 Step13: Reward=22.48
2026-05-12 15:11:01,683 - INFO - Ep 28 Step 13: Action=10 (IncL5), Layers=[3.0, 4.5, 2.5, 4.0, 5.5, 6.0], Gap=10.0, Reward=22.48
2026-05-12 15:11:47,417 - INFO - FLUKA OK: abl_dql_ep28_step14.inp (37.5s)
2026-05-12 15:11:47,435 - INFO - ustsuw OK â†?/home/marina/caseI/20run_caseI/final_run_confirm_time/abl_dql_ep28_step14_out_tab.lis (5 cycles, unit 24)
2026-05-12 15:11:47,435 - INFO - Ep28 Step14: HCNO: N=36.8%  H=15.1%  C=20.7%  O=27.4%
2026-05-12 15:11:47,435 - INFO - Ep28 Step14: Reward=22.97
2026-05-12 15:11:47,435 - INFO - Ep 28 Step 14: Action=0 (DecL1), Layers=[2.5, 4.5, 2.5, 4.0, 5.5, 6.0], Gap=10.0, Reward=22.97
2026-05-12 15:12:35,116 - INFO - FLUKA OK: abl_dql_ep28_step15.inp (38.8s)
2026-05-12 15:12:35,135 - INFO - ustsuw OK â†?/home/marina/caseI/20run_caseI/final_run_confirm_time/abl_dql_ep28_step15_out_tab.lis (5 cycles, unit 24)
2026-05-12 15:12:35,136 - INFO - Ep28 Step15: HCNO: N=27.9%  H=15.8%  C=26.6%  O=29.8%
2026-05-12 15:12:35,136 - INFO - Ep28 Step15: Reward=14.13
2026-05-12 15:12:35,136 - INFO - Ep 28 Step 15: Action=4 (DecL5), Layers=[2.5, 4.5, 2.5, 4.0, 5.0, 6.0], Gap=10.0, Reward=14.13
2026-05-12 15:13:22,868 - INFO - FLUKA OK: abl_dql_ep28_step16.inp (37.2s)
2026-05-12 15:13:22,884 - INFO - ustsuw OK â†?/home/marina/caseI/20run_caseI/final_run_confirm_time/abl_dql_ep28_step16_out_tab.lis (5 cycles, unit 24)
2026-05-12 15:13:22,885 - INFO - Ep28 Step16: HCNO: N=33.1%  H=10.2%  C=23.5%  O=33.2%
2026-05-12 15:13:22,885 - INFO - Ep28 Step16: Reward=26.37
2026-05-12 15:13:22,885 - INFO - Ep 28 Step 16: Action=2 (DecL3), Layers=[2.5, 4.5, 2.0, 4.0, 5.0, 6.0], Gap=10.0, Reward=26.37
2026-05-12 15:14:07,273 - INFO - FLUKA OK: abl_dql_ep28_step17.inp (36.7s)
2026-05-12 15:14:07,288 - INFO - ustsuw OK â†?/home/marina/caseI/20run_caseI/final_run_confirm_time/abl_dql_ep28_step17_out_tab.lis (5 cycles, unit 24)
2026-05-12 15:14:07,289 - INFO - Ep28 Step17: HCNO: N=36.1%  H=6.9%  C=29.0%  O=28.0%
2026-05-12 15:14:07,289 - INFO - Ep28 Step17: Reward=22.06
2026-05-12 15:14:07,289 - INFO - Ep 28 Step 17: Action=3 (DecL4), Layers=[2.5, 4.5, 2.0, 3.5, 5.0, 6.0], Gap=10.0, Reward=22.06
2026-05-12 15:14:51,946 - INFO - FLUKA OK: abl_dql_ep28_step18.inp (36.4s)
2026-05-12 15:14:51,963 - INFO - ustsuw OK â†?/home/marina/caseI/20run_caseI/final_run_confirm_time/abl_dql_ep28_step18_out_tab.lis (5 cycles, unit 24)
2026-05-12 15:14:51,964 - INFO - Ep28 Step18: HCNO: N=34.5%  H=11.9%  C=19.7%  O=34.0%
2026-05-12 15:14:51,964 - INFO - Ep28 Step18: Reward=23.20
2026-05-12 15:14:51,965 - INFO - Ep 28 Step 18: Action=6 (IncL1), Layers=[3.0, 4.5, 2.0, 3.5, 5.0, 6.0], Gap=10.0, Reward=23.20
2026-05-12 15:15:37,194 - INFO - FLUKA OK: abl_dql_ep28_step19.inp (37.3s)
2026-05-12 15:15:37,210 - INFO - ustsuw OK â†?/home/marina/caseI/20run_caseI/final_run_confirm_time/abl_dql_ep28_step19_out_tab.lis (5 cycles, unit 24)
2026-05-12 15:15:37,211 - INFO - Ep28 Step19: HCNO: N=38.6%  H=8.4%  C=25.5%  O=27.5%
2026-05-12 15:15:37,211 - INFO - Ep28 Step19: Reward=17.09
2026-05-12 15:15:37,211 - INFO - Ep 28 Step 19: Action=8 (IncL3), Layers=[3.0, 4.5, 2.5, 3.5, 5.0, 6.0], Gap=10.0, Reward=17.09
2026-05-12 15:16:23,802 - INFO - FLUKA OK: abl_dql_ep28_step20.inp (38.0s)
2026-05-12 15:16:23,816 - WARNING - prefix 'abl_dql_ep28_step20' unit 24: expected 5 cycle files, found 10: ['abl_dql_ep28_step20001_fort.24', 'abl_dql_ep28_step20002_fort.24', 'abl_dql_ep28_step20003_fort.24', 'abl_dql_ep28_step20004_fort.24', 'abl_dql_ep28_step20005_fort.24', 'abl_dql_ep28_step2001_fort.24', 'abl_dql_ep28_step2002_fort.24', 'abl_dql_ep28_step2003_fort.24', 'abl_dql_ep28_step2004_fort.24', 'abl_dql_ep28_step2005_fort.24']
2026-05-12 15:16:23,818 - INFO - ustsuw OK â†?/home/marina/caseI/20run_caseI/final_run_confirm_time/abl_dql_ep28_step20_out_tab.lis (10 cycles, unit 24)
2026-05-12 15:16:23,819 - INFO - Ep28 Step20: HCNO: N=36.1%  H=10.5%  C=23.5%  O=29.9%
2026-05-12 15:16:23,819 - INFO - Ep28 Step20: Reward=25.94
2026-05-12 15:16:23,819 - INFO - Ep 28 Step 20: Action=9 (IncL4), Layers=[3.0, 4.5, 2.5, 4.0, 5.0, 6.0], Gap=10.0, Reward=25.94
2026-05-12 15:16:31,211 - INFO - Episode 28: Return=415.75, Best=36.79, Loss=86.5599
2026-05-12 15:17:06,079 - INFO - FLUKA OK: abl_dql_ep29_step1.inp (34.9s)
2026-05-12 15:17:06,096 - INFO - ustsuw OK â†?/home/marina/caseI/20run_caseI/final_run_confirm_time/abl_dql_ep29_step1_out_tab.lis (5 cycles, unit 24)
2026-05-12 15:17:06,097 - INFO - Ep29 Step1: HCNO: N=41.6%  H=10.4%  C=23.4%  O=24.6%
2026-05-12 15:17:06,097 - INFO - Ep29 Step1: Reward=20.55
2026-05-12 15:17:06,097 - INFO - Ep 29 Step 1: Action=9 (IncL4), Layers=[5.5, 3.0, 2.5, 4.0, 6.5, 7.5], Gap=9.0, Reward=20.55
2026-05-12 15:17:50,651 - INFO - FLUKA OK: abl_dql_ep29_step2.inp (36.4s)
2026-05-12 15:17:50,667 - INFO - ustsuw OK â†?/home/marina/caseI/20run_caseI/final_run_confirm_time/abl_dql_ep29_step2_out_tab.lis (5 cycles, unit 24)
2026-05-12 15:17:50,667 - INFO - Ep29 Step2: HCNO: N=40.2%  H=10.1%  C=19.5%  O=30.3%
2026-05-12 15:17:50,667 - INFO - Ep29 Step2: Reward=30.18
2026-05-12 15:17:50,667 - INFO - Ep 29 Step 2: Action=7 (IncL2), Layers=[5.5, 3.5, 2.5, 4.0, 6.5, 7.5], Gap=9.0, Reward=30.18
2026-05-12 15:18:34,711 - INFO - FLUKA OK: abl_dql_ep29_step3.inp (35.2s)
2026-05-12 15:18:34,728 - INFO - ustsuw OK â†?/home/marina/caseI/20run_caseI/final_run_confirm_time/abl_dql_ep29_step3_out_tab.lis (5 cycles, unit 24)
2026-05-12 15:18:34,728 - INFO - Ep29 Step3: HCNO: N=44.4%  H=12.4%  C=20.4%  O=22.9%
2026-05-12 15:18:34,728 - INFO - Ep29 Step3: Reward=28.66
2026-05-12 15:18:34,729 - INFO - Ep 29 Step 3: Action=7 (IncL2), Layers=[5.5, 4.0, 2.5, 4.0, 6.5, 7.5], Gap=9.0, Reward=28.66
2026-05-12 15:19:18,774 - INFO - FLUKA OK: abl_dql_ep29_step4.inp (35.3s)
2026-05-12 15:19:18,790 - INFO - ustsuw OK â†?/home/marina/caseI/20run_caseI/final_run_confirm_time/abl_dql_ep29_step4_out_tab.lis (5 cycles, unit 24)
2026-05-12 15:19:18,791 - INFO - Ep29 Step4: HCNO: N=33.9%  H=14.4%  C=23.1%  O=28.5%
2026-05-12 15:19:18,791 - INFO - Ep29 Step4: Reward=23.57
2026-05-12 15:19:18,791 - INFO - Ep 29 Step 4: Action=10 (IncL5), Layers=[5.5, 4.0, 2.5, 4.0, 7.0, 7.5], Gap=9.0, Reward=23.57
2026-05-12 15:20:03,321 - INFO - FLUKA OK: abl_dql_ep29_step5.inp (36.4s)
2026-05-12 15:20:03,338 - INFO - ustsuw OK â†?/home/marina/caseI/20run_caseI/final_run_confirm_time/abl_dql_ep29_step5_out_tab.lis (5 cycles, unit 24)
2026-05-12 15:20:03,339 - INFO - Ep29 Step5: HCNO: N=51.8%  H=9.3%  C=15.2%  O=23.7%
2026-05-12 15:20:03,339 - INFO - Ep29 Step5: Reward=22.04
2026-05-12 15:20:03,339 - INFO - Ep 29 Step 5: Action=0 (DecL1), Layers=[5.0, 4.0, 2.5, 4.0, 7.0, 7.5], Gap=9.0, Reward=22.04
2026-05-12 15:20:47,684 - INFO - FLUKA OK: abl_dql_ep29_step6.inp (36.3s)
2026-05-12 15:20:47,701 - INFO - ustsuw OK â†?/home/marina/caseI/20run_caseI/final_run_confirm_time/abl_dql_ep29_step6_out_tab.lis (5 cycles, unit 24)
2026-05-12 15:20:47,702 - INFO - Ep29 Step6: HCNO: N=44.7%  H=8.0%  C=17.8%  O=29.5%
2026-05-12 15:20:47,702 - INFO - Ep29 Step6: Reward=20.19
2026-05-12 15:20:47,702 - INFO - Ep 29 Step 6: Action=1 (DecL2), Layers=[5.0, 3.5, 2.5, 4.0, 7.0, 7.5], Gap=9.0, Reward=20.19
2026-05-12 15:21:37,432 - INFO - FLUKA OK: abl_dql_ep29_step7.inp (39.9s)
2026-05-12 15:21:37,448 - INFO - ustsuw OK â†?/home/marina/caseI/20run_caseI/final_run_confirm_time/abl_dql_ep29_step7_out_tab.lis (5 cycles, unit 24)
2026-05-12 15:21:37,449 - INFO - Ep29 Step7: HCNO: N=32.5%  H=10.1%  C=23.8%  O=33.6%
2026-05-12 15:21:37,449 - INFO - Ep29 Step7: Reward=19.61
2026-05-12 15:21:37,449 - INFO - Ep 29 Step 7: Action=10 (IncL5), Layers=[5.0, 3.5, 2.5, 4.0, 7.5, 7.5], Gap=9.0, Reward=19.61
2026-05-12 15:22:22,206 - INFO - FLUKA OK: abl_dql_ep29_step8.inp (36.6s)
2026-05-12 15:22:22,224 - INFO - ustsuw OK â†?/home/marina/caseI/20run_caseI/final_run_confirm_time/abl_dql_ep29_step8_out_tab.lis (5 cycles, unit 24)
2026-05-12 15:22:22,225 - INFO - Ep29 Step8: HCNO: N=38.1%  H=9.2%  C=21.0%  O=31.8%
2026-05-12 15:22:22,225 - INFO - Ep29 Step8: Reward=20.94
2026-05-12 15:22:22,225 - INFO - Ep 29 Step 8: Action=7 (IncL2), Layers=[5.0, 4.0, 2.5, 4.0, 7.5, 7.5], Gap=9.0, Reward=20.94
2026-05-12 15:23:07,145 - INFO - FLUKA OK: abl_dql_ep29_step9.inp (36.6s)
2026-05-12 15:23:07,162 - INFO - ustsuw OK â†?/home/marina/caseI/20run_caseI/final_run_confirm_time/abl_dql_ep29_step9_out_tab.lis (5 cycles, unit 24)
2026-05-12 15:23:07,163 - INFO - Ep29 Step9: HCNO: N=39.5%  H=8.7%  C=23.5%  O=28.4%
2026-05-12 15:23:07,163 - INFO - Ep29 Step9: Reward=16.21
2026-05-12 15:23:07,163 - INFO - Ep 29 Step 9: Action=5 (DecL6), Layers=[5.0, 4.0, 2.5, 4.0, 7.5, 7.0], Gap=9.0, Reward=16.21
2026-05-12 15:23:53,073 - INFO - FLUKA OK: abl_dql_ep29_step10.inp (37.8s)
2026-05-12 15:23:53,088 - WARNING - prefix 'abl_dql_ep29_step10' unit 24: expected 5 cycle files, found 10: ['abl_dql_ep29_step10001_fort.24', 'abl_dql_ep29_step10002_fort.24', 'abl_dql_ep29_step10003_fort.24', 'abl_dql_ep29_step10004_fort.24', 'abl_dql_ep29_step10005_fort.24', 'abl_dql_ep29_step1001_fort.24', 'abl_dql_ep29_step1002_fort.24', 'abl_dql_ep29_step1003_fort.24', 'abl_dql_ep29_step1004_fort.24', 'abl_dql_ep29_step1005_fort.24']
2026-05-12 15:23:53,090 - INFO - ustsuw OK â†?/home/marina/caseI/20run_caseI/final_run_confirm_time/abl_dql_ep29_step10_out_tab.lis (10 cycles, unit 24)
2026-05-12 15:23:53,091 - INFO - Ep29 Step10: HCNO: N=39.9%  H=9.8%  C=22.2%  O=28.0%
2026-05-12 15:23:53,091 - INFO - Ep29 Step10: Reward=29.97
2026-05-12 15:23:53,091 - INFO - Ep 29 Step 10: Action=11 (IncL6), Layers=[5.0, 4.0, 2.5, 4.0, 7.5, 7.5], Gap=9.0, Reward=29.97
2026-05-12 15:24:36,262 - INFO - FLUKA OK: abl_dql_ep29_step11.inp (35.6s)
2026-05-12 15:24:36,280 - INFO - ustsuw OK â†?/home/marina/caseI/20run_caseI/final_run_confirm_time/abl_dql_ep29_step11_out_tab.lis (5 cycles, unit 24)
2026-05-12 15:24:36,280 - INFO - Ep29 Step11: HCNO: N=51.8%  H=9.3%  C=15.2%  O=23.7%
2026-05-12 15:24:36,280 - INFO - Ep29 Step11: Reward=22.04
2026-05-12 15:24:36,280 - INFO - Ep 29 Step 11: Action=4 (DecL5), Layers=[5.0, 4.0, 2.5, 4.0, 7.0, 7.5], Gap=9.0, Reward=22.04
2026-05-12 15:25:19,111 - INFO - FLUKA OK: abl_dql_ep29_step12.inp (35.3s)
2026-05-12 15:25:19,127 - INFO - ustsuw OK â†?/home/marina/caseI/20run_caseI/final_run_confirm_time/abl_dql_ep29_step12_out_tab.lis (5 cycles, unit 24)
2026-05-12 15:25:19,128 - INFO - Ep29 Step12: HCNO: N=41.2%  H=13.6%  C=12.6%  O=32.7%
2026-05-12 15:25:19,128 - INFO - Ep29 Step12: Reward=18.77
2026-05-12 15:25:19,128 - INFO - Ep 29 Step 12: Action=3 (DecL4), Layers=[5.0, 4.0, 2.5, 3.5, 7.0, 7.5], Gap=9.0, Reward=18.77
2026-05-12 15:26:04,990 - INFO - FLUKA OK: abl_dql_ep29_step13.inp (38.0s)
2026-05-12 15:26:05,007 - INFO - ustsuw OK â†?/home/marina/caseI/20run_caseI/final_run_confirm_time/abl_dql_ep29_step13_out_tab.lis (5 cycles, unit 24)
2026-05-12 15:26:05,008 - INFO - Ep29 Step13: HCNO: N=37.9%  H=12.6%  C=15.4%  O=34.0%
2026-05-12 15:26:05,008 - INFO - Ep29 Step13: Reward=16.18
2026-05-12 15:26:05,008 - INFO - Ep 29 Step 13: Action=12 (DecGap), Layers=[5.0, 4.0, 2.5, 3.5, 7.0, 7.5], Gap=8.5, Reward=16.18
2026-05-12 15:26:50,475 - INFO - FLUKA OK: abl_dql_ep29_step14.inp (36.7s)
2026-05-12 15:26:50,494 - INFO - ustsuw OK â†?/home/marina/caseI/20run_caseI/final_run_confirm_time/abl_dql_ep29_step14_out_tab.lis (5 cycles, unit 24)
2026-05-12 15:26:50,495 - INFO - Ep29 Step14: HCNO: N=39.3%  H=7.6%  C=24.3%  O=28.7%
2026-05-12 15:26:50,495 - INFO - Ep29 Step14: Reward=16.74
2026-05-12 15:26:50,495 - INFO - Ep 29 Step 14: Action=8 (IncL3), Layers=[5.0, 4.0, 3.0, 3.5, 7.0, 7.5], Gap=8.5, Reward=16.74
2026-05-12 15:27:35,281 - INFO - FLUKA OK: abl_dql_ep29_step15.inp (36.0s)
2026-05-12 15:27:35,298 - INFO - ustsuw OK â†?/home/marina/caseI/20run_caseI/final_run_confirm_time/abl_dql_ep29_step15_out_tab.lis (5 cycles, unit 24)
2026-05-12 15:27:35,299 - INFO - Ep29 Step15: HCNO: N=37.8%  H=7.8%  C=22.7%  O=31.7%
2026-05-12 15:27:35,299 - INFO - Ep29 Step15: Reward=16.64
2026-05-12 15:27:35,299 - INFO - Ep 29 Step 15: Action=7 (IncL2), Layers=[5.0, 4.5, 3.0, 3.5, 7.0, 7.5], Gap=8.5, Reward=16.64
2026-05-12 15:28:19,793 - INFO - FLUKA OK: abl_dql_ep29_step16.inp (35.2s)
2026-05-12 15:28:19,811 - INFO - ustsuw OK â†?/home/marina/caseI/20run_caseI/final_run_confirm_time/abl_dql_ep29_step16_out_tab.lis (5 cycles, unit 24)
2026-05-12 15:28:19,811 - INFO - Ep29 Step16: HCNO: N=42.1%  H=8.5%  C=17.6%  O=31.8%
2026-05-12 15:28:19,811 - INFO - Ep29 Step16: Reward=24.78
2026-05-12 15:28:19,811 - INFO - Ep 29 Step 16: Action=3 (DecL4), Layers=[5.0, 4.5, 3.0, 3.0, 7.0, 7.5], Gap=8.5, Reward=24.78
2026-05-12 15:29:03,339 - INFO - FLUKA OK: abl_dql_ep29_step17.inp (35.6s)
2026-05-12 15:29:03,358 - INFO - ustsuw OK â†?/home/marina/caseI/20run_caseI/final_run_confirm_time/abl_dql_ep29_step17_out_tab.lis (5 cycles, unit 24)
2026-05-12 15:29:03,359 - INFO - Ep29 Step17: HCNO: N=39.9%  H=11.5%  C=22.4%  O=26.2%
2026-05-12 15:29:03,359 - INFO - Ep29 Step17: Reward=21.93
2026-05-12 15:29:03,359 - INFO - Ep 29 Step 17: Action=1 (DecL2), Layers=[5.0, 4.0, 3.0, 3.0, 7.0, 7.5], Gap=8.5, Reward=21.93
2026-05-12 15:29:46,232 - INFO - FLUKA OK: abl_dql_ep29_step18.inp (35.1s)
2026-05-12 15:29:46,249 - INFO - ustsuw OK â†?/home/marina/caseI/20run_caseI/final_run_confirm_time/abl_dql_ep29_step18_out_tab.lis (5 cycles, unit 24)
2026-05-12 15:29:46,250 - INFO - Ep29 Step18: HCNO: N=39.3%  H=7.6%  C=24.3%  O=28.7%
2026-05-12 15:29:46,250 - INFO - Ep29 Step18: Reward=16.74
2026-05-12 15:29:46,250 - INFO - Ep 29 Step 18: Action=9 (IncL4), Layers=[5.0, 4.0, 3.0, 3.5, 7.0, 7.5], Gap=8.5, Reward=16.74
2026-05-12 15:30:29,971 - INFO - FLUKA OK: abl_dql_ep29_step19.inp (35.6s)
2026-05-12 15:30:29,989 - INFO - ustsuw OK â†?/home/marina/caseI/20run_caseI/final_run_confirm_time/abl_dql_ep29_step19_out_tab.lis (5 cycles, unit 24)
2026-05-12 15:30:29,989 - INFO - Ep29 Step19: HCNO: N=37.8%  H=7.8%  C=22.7%  O=31.7%
2026-05-12 15:30:29,990 - INFO - Ep29 Step19: Reward=16.64
2026-05-12 15:30:29,990 - INFO - Ep 29 Step 19: Action=7 (IncL2), Layers=[5.0, 4.5, 3.0, 3.5, 7.0, 7.5], Gap=8.5, Reward=16.64
2026-05-12 15:31:12,734 - INFO - FLUKA OK: abl_dql_ep29_step20.inp (34.8s)
2026-05-12 15:31:12,748 - WARNING - prefix 'abl_dql_ep29_step20' unit 24: expected 5 cycle files, found 10: ['abl_dql_ep29_step20001_fort.24', 'abl_dql_ep29_step20002_fort.24', 'abl_dql_ep29_step20003_fort.24', 'abl_dql_ep29_step20004_fort.24', 'abl_dql_ep29_step20005_fort.24', 'abl_dql_ep29_step2001_fort.24', 'abl_dql_ep29_step2002_fort.24', 'abl_dql_ep29_step2003_fort.24', 'abl_dql_ep29_step2004_fort.24', 'abl_dql_ep29_step2005_fort.24']
2026-05-12 15:31:12,750 - INFO - ustsuw OK â†?/home/marina/caseI/20run_caseI/final_run_confirm_time/abl_dql_ep29_step20_out_tab.lis (10 cycles, unit 24)
2026-05-12 15:31:12,751 - INFO - Ep29 Step20: HCNO: N=36.3%  H=8.6%  C=24.4%  O=30.7%
2026-05-12 15:31:12,751 - INFO - Ep29 Step20: Reward=24.87
2026-05-12 15:31:12,751 - INFO - Ep 29 Step 20: Action=11 (IncL6), Layers=[5.0, 4.5, 3.0, 3.5, 7.0, 8.0], Gap=8.5, Reward=24.87
2026-05-12 15:31:20,629 - INFO - Episode 29: Return=427.25, Best=36.79, Loss=85.3822
2026-05-12 15:31:59,378 - INFO - FLUKA OK: abl_dql_ep30_step1.inp (38.7s)
2026-05-12 15:31:59,396 - INFO - ustsuw OK â†?/home/marina/caseI/20run_caseI/final_run_confirm_time/abl_dql_ep30_step1_out_tab.lis (5 cycles, unit 24)
2026-05-12 15:31:59,396 - INFO - Ep30 Step1: HCNO: N=28.5%  H=16.2%  C=26.3%  O=29.0%
2026-05-12 15:31:59,396 - INFO - Ep30 Step1: Reward=25.14
2026-05-12 15:31:59,396 - INFO - Ep 30 Step 1: Action=5 (DecL6), Layers=[5.0, 2.0, 3.0, 6.0, 7.5, 6.0], Gap=6.5, Reward=25.14
2026-05-12 15:32:45,379 - INFO - FLUKA OK: abl_dql_ep30_step2.inp (36.7s)
2026-05-12 15:32:45,398 - INFO - ustsuw OK â†?/home/marina/caseI/20run_caseI/final_run_confirm_time/abl_dql_ep30_step2_out_tab.lis (5 cycles, unit 24)
2026-05-12 15:32:45,398 - INFO - Ep30 Step2: HCNO: N=43.0%  H=9.5%  C=11.3%  O=36.2%
2026-05-12 15:32:45,398 - INFO - Ep30 Step2: Reward=14.21
2026-05-12 15:32:45,398 - INFO - Ep 30 Step 2: Action=7 (IncL2), Layers=[5.0, 2.5, 3.0, 6.0, 7.5, 6.0], Gap=6.5, Reward=14.21
2026-05-12 15:33:29,944 - INFO - FLUKA OK: abl_dql_ep30_step3.inp (36.3s)
2026-05-12 15:33:29,962 - INFO - ustsuw OK â†?/home/marina/caseI/20run_caseI/final_run_confirm_time/abl_dql_ep30_step3_out_tab.lis (5 cycles, unit 24)
2026-05-12 15:33:29,963 - INFO - Ep30 Step3: HCNO: N=33.4%  H=6.7%  C=25.2%  O=34.6%
2026-05-12 15:33:29,963 - INFO - Ep30 Step3: Reward=14.23
2026-05-12 15:33:29,963 - INFO - Ep 30 Step 3: Action=7 (IncL2), Layers=[5.0, 3.0, 3.0, 6.0, 7.5, 6.0], Gap=6.5, Reward=14.23
2026-05-12 15:34:12,165 - INFO - FLUKA OK: abl_dql_ep30_step4.inp (34.8s)
2026-05-12 15:34:12,183 - INFO - ustsuw OK â†?/home/marina/caseI/20run_caseI/final_run_confirm_time/abl_dql_ep30_step4_out_tab.lis (5 cycles, unit 24)
2026-05-12 15:34:12,183 - INFO - Ep30 Step4: HCNO: N=29.5%  H=6.7%  C=19.8%  O=44.0%
2026-05-12 15:34:12,183 - INFO - Ep30 Step4: Reward=15.74
2026-05-12 15:34:12,183 - INFO - Ep 30 Step 4: Action=4 (DecL5), Layers=[5.0, 3.0, 3.0, 6.0, 7.0, 6.0], Gap=6.5, Reward=15.74
2026-05-12 15:34:55,246 - INFO - FLUKA OK: abl_dql_ep30_step5.inp (34.9s)
2026-05-12 15:34:55,265 - INFO - ustsuw OK â†?/home/marina/caseI/20run_caseI/final_run_confirm_time/abl_dql_ep30_step5_out_tab.lis (5 cycles, unit 24)
2026-05-12 15:34:55,266 - INFO - Ep30 Step5: HCNO: N=40.9%  H=10.0%  C=18.1%  O=31.1%
2026-05-12 15:34:55,266 - INFO - Ep30 Step5: Reward=19.63
2026-05-12 15:34:55,266 - INFO - Ep 30 Step 5: Action=8 (IncL3), Layers=[5.0, 3.0, 3.5, 6.0, 7.0, 6.0], Gap=6.5, Reward=19.63
2026-05-12 15:35:41,399 - INFO - FLUKA OK: abl_dql_ep30_step6.inp (37.3s)
2026-05-12 15:35:41,423 - INFO - ustsuw OK â†?/home/marina/caseI/20run_caseI/final_run_confirm_time/abl_dql_ep30_step6_out_tab.lis (5 cycles, unit 24)
2026-05-12 15:35:41,424 - INFO - Ep30 Step6: HCNO: N=31.1%  H=8.0%  C=32.6%  O=28.3%
2026-05-12 15:35:41,424 - INFO - Ep30 Step6: Reward=25.09
2026-05-12 15:35:41,424 - INFO - Ep 30 Step 6: Action=10 (IncL5), Layers=[5.0, 3.0, 3.5, 6.0, 7.5, 6.0], Gap=6.5, Reward=25.09
2026-05-12 15:36:29,495 - INFO - FLUKA OK: abl_dql_ep30_step7.inp (38.5s)
2026-05-12 15:36:29,513 - INFO - ustsuw OK â†?/home/marina/caseI/20run_caseI/final_run_confirm_time/abl_dql_ep30_step7_out_tab.lis (5 cycles, unit 24)
2026-05-12 15:36:29,513 - INFO - Ep30 Step7: HCNO: N=35.7%  H=4.8%  C=28.8%  O=30.6%
2026-05-12 15:36:29,513 - INFO - Ep30 Step7: Reward=20.92
2026-05-12 15:36:29,513 - INFO - Ep 30 Step 7: Action=5 (DecL6), Layers=[5.0, 3.0, 3.5, 6.0, 7.5, 5.5], Gap=6.5, Reward=20.92
2026-05-12 15:37:14,114 - INFO - FLUKA OK: abl_dql_ep30_step8.inp (35.5s)
2026-05-12 15:37:14,133 - INFO - ustsuw OK â†?/home/marina/caseI/20run_caseI/final_run_confirm_time/abl_dql_ep30_step8_out_tab.lis (5 cycles, unit 24)
2026-05-12 15:37:14,134 - INFO - Ep30 Step8: HCNO: N=34.8%  H=7.9%  C=27.7%  O=29.7%
2026-05-12 15:37:14,134 - INFO - Ep30 Step8: Reward=18.51
2026-05-12 15:37:14,135 - INFO - Ep 30 Step 8: Action=13 (IncGap), Layers=[5.0, 3.0, 3.5, 6.0, 7.5, 5.5], Gap=7.0, Reward=18.51
2026-05-12 15:37:57,472 - INFO - FLUKA OK: abl_dql_ep30_step9.inp (35.6s)
2026-05-12 15:37:57,489 - INFO - ustsuw OK â†?/home/marina/caseI/20run_caseI/final_run_confirm_time/abl_dql_ep30_step9_out_tab.lis (5 cycles, unit 24)
2026-05-12 15:37:57,490 - INFO - Ep30 Step9: HCNO: N=31.5%  H=8.6%  C=28.5%  O=31.4%
2026-05-12 15:37:57,490 - INFO - Ep30 Step9: Reward=18.33
2026-05-12 15:37:57,490 - INFO - Ep 30 Step 9: Action=5 (DecL6), Layers=[5.0, 3.0, 3.5, 6.0, 7.5, 5.0], Gap=7.0, Reward=18.33
2026-05-12 15:38:41,006 - INFO - FLUKA OK: abl_dql_ep30_step10.inp (35.0s)
2026-05-12 15:38:41,021 - WARNING - prefix 'abl_dql_ep30_step10' unit 24: expected 5 cycle files, found 10: ['abl_dql_ep30_step10001_fort.24', 'abl_dql_ep30_step10002_fort.24', 'abl_dql_ep30_step10003_fort.24', 'abl_dql_ep30_step10004_fort.24', 'abl_dql_ep30_step10005_fort.24', 'abl_dql_ep30_step1001_fort.24', 'abl_dql_ep30_step1002_fort.24', 'abl_dql_ep30_step1003_fort.24', 'abl_dql_ep30_step1004_fort.24', 'abl_dql_ep30_step1005_fort.24']
2026-05-12 15:38:41,023 - INFO - ustsuw OK â†?/home/marina/caseI/20run_caseI/final_run_confirm_time/abl_dql_ep30_step10_out_tab.lis (10 cycles, unit 24)
2026-05-12 15:38:41,024 - INFO - Ep30 Step10: HCNO: N=39.0%  H=13.1%  C=20.6%  O=27.4%
2026-05-12 15:38:41,024 - INFO - Ep30 Step10: Reward=26.28
2026-05-12 15:38:41,024 - INFO - Ep 30 Step 10: Action=0 (DecL1), Layers=[4.5, 3.0, 3.5, 6.0, 7.5, 5.0], Gap=7.0, Reward=26.28
2026-05-12 15:39:26,486 - INFO - FLUKA OK: abl_dql_ep30_step11.inp (36.9s)
2026-05-12 15:39:26,502 - INFO - ustsuw OK â†?/home/marina/caseI/20run_caseI/final_run_confirm_time/abl_dql_ep30_step11_out_tab.lis (5 cycles, unit 24)
2026-05-12 15:39:26,503 - INFO - Ep30 Step11: HCNO: N=40.0%  H=13.0%  C=14.6%  O=32.4%
2026-05-12 15:39:26,503 - INFO - Ep30 Step11: Reward=11.80
2026-05-12 15:39:26,503 - INFO - Ep 30 Step 11: Action=2 (DecL3), Layers=[4.5, 3.0, 3.0, 6.0, 7.5, 5.0], Gap=7.0, Reward=11.80
2026-05-12 15:40:09,855 - INFO - FLUKA OK: abl_dql_ep30_step12.inp (35.6s)
2026-05-12 15:40:09,872 - INFO - ustsuw OK â†?/home/marina/caseI/20run_caseI/final_run_confirm_time/abl_dql_ep30_step12_out_tab.lis (5 cycles, unit 24)
2026-05-12 15:40:09,873 - INFO - Ep30 Step12: HCNO: N=44.3%  H=12.8%  C=21.2%  O=21.7%
2026-05-12 15:40:09,873 - INFO - Ep30 Step12: Reward=17.77
2026-05-12 15:40:09,873 - INFO - Ep 30 Step 12: Action=0 (DecL1), Layers=[4.0, 3.0, 3.0, 6.0, 7.5, 5.0], Gap=7.0, Reward=17.77
2026-05-12 15:40:53,315 - INFO - FLUKA OK: abl_dql_ep30_step13.inp (35.8s)
2026-05-12 15:40:53,335 - INFO - ustsuw OK â†?/home/marina/caseI/20run_caseI/final_run_confirm_time/abl_dql_ep30_step13_out_tab.lis (5 cycles, unit 24)
2026-05-12 15:40:53,336 - INFO - Ep30 Step13: HCNO: N=41.7%  H=19.1%  C=17.4%  O=21.8%
2026-05-12 15:40:53,336 - INFO - Ep30 Step13: Reward=21.56
2026-05-12 15:40:53,336 - INFO - Ep 30 Step 13: Action=10 (IncL5), Layers=[4.0, 3.0, 3.0, 6.0, 8.0, 5.0], Gap=7.0, Reward=21.56
2026-05-12 15:41:41,391 - INFO - FLUKA OK: abl_dql_ep30_step14.inp (39.8s)
2026-05-12 15:41:41,409 - INFO - ustsuw OK â†?/home/marina/caseI/20run_caseI/final_run_confirm_time/abl_dql_ep30_step14_out_tab.lis (5 cycles, unit 24)
2026-05-12 15:41:41,409 - INFO - Ep30 Step14: HCNO: N=41.7%  H=19.1%  C=17.4%  O=21.8%
2026-05-12 15:41:41,410 - INFO - Ep30 Step14: Reward=21.56
2026-05-12 15:41:41,410 - INFO - Ep 30 Step 14: Action=10 (IncL5), Layers=[4.0, 3.0, 3.0, 6.0, 8.0, 5.0], Gap=7.0, Reward=21.56
2026-05-12 15:42:29,412 - INFO - FLUKA OK: abl_dql_ep30_step15.inp (38.5s)
2026-05-12 15:42:29,431 - INFO - ustsuw OK â†?/home/marina/caseI/20run_caseI/final_run_confirm_time/abl_dql_ep30_step15_out_tab.lis (5 cycles, unit 24)
2026-05-12 15:42:29,432 - INFO - Ep30 Step15: HCNO: N=45.1%  H=6.8%  C=18.9%  O=29.2%
2026-05-12 15:42:29,432 - INFO - Ep30 Step15: Reward=21.23
2026-05-12 15:42:29,432 - INFO - Ep 30 Step 15: Action=11 (IncL6), Layers=[4.0, 3.0, 3.0, 6.0, 8.0, 5.5], Gap=7.0, Reward=21.23
2026-05-12 15:43:17,648 - INFO - FLUKA OK: abl_dql_ep30_step16.inp (39.9s)
2026-05-12 15:43:17,667 - INFO - ustsuw OK â†?/home/marina/caseI/20run_caseI/final_run_confirm_time/abl_dql_ep30_step16_out_tab.lis (5 cycles, unit 24)
2026-05-12 15:43:17,669 - INFO - Ep30 Step16: HCNO: N=37.0%  H=11.9%  C=16.5%  O=34.6%
2026-05-12 15:43:17,669 - INFO - Ep30 Step16: Reward=21.91
2026-05-12 15:43:17,669 - INFO - Ep 30 Step 16: Action=8 (IncL3), Layers=[4.0, 3.0, 3.5, 6.0, 8.0, 5.5], Gap=7.0, Reward=21.91
2026-05-12 15:44:04,368 - INFO - FLUKA OK: abl_dql_ep30_step17.inp (38.0s)
2026-05-12 15:44:04,391 - INFO - ustsuw OK â†?/home/marina/caseI/20run_caseI/final_run_confirm_time/abl_dql_ep30_step17_out_tab.lis (5 cycles, unit 24)
2026-05-12 15:44:04,391 - INFO - Ep30 Step17: HCNO: N=31.3%  H=8.1%  C=21.7%  O=39.0%
2026-05-12 15:44:04,391 - INFO - Ep30 Step17: Reward=16.39
2026-05-12 15:44:04,391 - INFO - Ep 30 Step 17: Action=8 (IncL3), Layers=[4.0, 3.0, 4.0, 6.0, 8.0, 5.5], Gap=7.0, Reward=16.39
2026-05-12 15:44:49,015 - INFO - FLUKA OK: abl_dql_ep30_step18.inp (36.4s)
2026-05-12 15:44:49,034 - INFO - ustsuw OK â†?/home/marina/caseI/20run_caseI/final_run_confirm_time/abl_dql_ep30_step18_out_tab.lis (5 cycles, unit 24)
2026-05-12 15:44:49,034 - INFO - Ep30 Step18: HCNO: N=31.3%  H=8.1%  C=21.7%  O=39.0%
2026-05-12 15:44:49,034 - INFO - Ep30 Step18: Reward=16.39
2026-05-12 15:44:49,035 - INFO - Ep 30 Step 18: Action=10 (IncL5), Layers=[4.0, 3.0, 4.0, 6.0, 8.0, 5.5], Gap=7.0, Reward=16.39
2026-05-12 15:45:35,616 - INFO - FLUKA OK: abl_dql_ep30_step19.inp (37.3s)
2026-05-12 15:45:35,634 - INFO - ustsuw OK â†?/home/marina/caseI/20run_caseI/final_run_confirm_time/abl_dql_ep30_step19_out_tab.lis (5 cycles, unit 24)
2026-05-12 15:45:35,635 - INFO - Ep30 Step19: HCNO: N=32.3%  H=17.4%  C=22.9%  O=27.4%
2026-05-12 15:45:35,635 - INFO - Ep30 Step19: Reward=20.89
2026-05-12 15:45:35,635 - INFO - Ep 30 Step 19: Action=6 (IncL1), Layers=[4.5, 3.0, 4.0, 6.0, 8.0, 5.5], Gap=7.0, Reward=20.89
2026-05-12 15:46:20,308 - INFO - FLUKA OK: abl_dql_ep30_step20.inp (36.6s)
2026-05-12 15:46:20,324 - WARNING - prefix 'abl_dql_ep30_step20' unit 24: expected 5 cycle files, found 10: ['abl_dql_ep30_step20001_fort.24', 'abl_dql_ep30_step20002_fort.24', 'abl_dql_ep30_step20003_fort.24', 'abl_dql_ep30_step20004_fort.24', 'abl_dql_ep30_step20005_fort.24', 'abl_dql_ep30_step2001_fort.24', 'abl_dql_ep30_step2002_fort.24', 'abl_dql_ep30_step2003_fort.24', 'abl_dql_ep30_step2004_fort.24', 'abl_dql_ep30_step2005_fort.24']
2026-05-12 15:46:20,327 - INFO - ustsuw OK â†?/home/marina/caseI/20run_caseI/final_run_confirm_time/abl_dql_ep30_step20_out_tab.lis (10 cycles, unit 24)
2026-05-12 15:46:20,327 - INFO - Ep30 Step20: HCNO: N=36.6%  H=9.5%  C=15.4%  O=38.6%
2026-05-12 15:46:20,327 - INFO - Ep30 Step20: Reward=25.70
2026-05-12 15:46:20,327 - INFO - Ep 30 Step 20: Action=2 (DecL3), Layers=[4.5, 3.0, 3.5, 6.0, 8.0, 5.5], Gap=7.0, Reward=25.70
2026-05-12 15:46:28,544 - INFO - Target network updated at episode 30
2026-05-12 15:46:28,544 - INFO - Episode 30: Return=393.28, Best=36.79, Loss=84.3843
2026-05-12 15:47:02,512 - INFO - FLUKA OK: abl_dql_ep31_step1.inp (34.0s)
2026-05-12 15:47:02,531 - INFO - ustsuw OK â†?/home/marina/caseI/20run_caseI/final_run_confirm_time/abl_dql_ep31_step1_out_tab.lis (5 cycles, unit 24)
2026-05-12 15:47:02,532 - INFO - Ep31 Step1: HCNO: N=34.3%  H=6.9%  C=29.3%  O=29.5%
2026-05-12 15:47:02,532 - INFO - Ep31 Step1: Reward=18.08
2026-05-12 15:47:02,533 - INFO - Ep 31 Step 1: Action=5 (DecL6), Layers=[5.0, 6.5, 7.5, 6.5, 5.5, 3.0], Gap=7.0, Reward=18.08
2026-05-12 15:47:44,416 - INFO - FLUKA OK: abl_dql_ep31_step2.inp (33.7s)
2026-05-12 15:47:44,434 - INFO - ustsuw OK â†?/home/marina/caseI/20run_caseI/final_run_confirm_time/abl_dql_ep31_step2_out_tab.lis (5 cycles, unit 24)
2026-05-12 15:47:44,434 - INFO - Ep31 Step2: HCNO: N=34.4%  H=5.6%  C=33.1%  O=26.8%
2026-05-12 15:47:44,435 - INFO - Ep31 Step2: Reward=8.34
2026-05-12 15:47:44,435 - INFO - Ep 31 Step 2: Action=5 (DecL6), Layers=[5.0, 6.5, 7.5, 6.5, 5.5, 2.5], Gap=7.0, Reward=8.34
2026-05-12 15:48:26,396 - INFO - FLUKA OK: abl_dql_ep31_step3.inp (34.5s)
2026-05-12 15:48:26,415 - INFO - ustsuw OK â†?/home/marina/caseI/20run_caseI/final_run_confirm_time/abl_dql_ep31_step3_out_tab.lis (5 cycles, unit 24)
2026-05-12 15:48:26,415 - INFO - Ep31 Step3: HCNO: N=32.3%  H=7.4%  C=32.6%  O=27.7%
2026-05-12 15:48:26,415 - INFO - Ep31 Step3: Reward=7.81
2026-05-12 15:48:26,415 - INFO - Ep 31 Step 3: Action=3 (DecL4), Layers=[5.0, 6.5, 7.5, 6.0, 5.5, 2.5], Gap=7.0, Reward=7.81
2026-05-12 15:49:08,941 - INFO - FLUKA OK: abl_dql_ep31_step4.inp (34.0s)
2026-05-12 15:49:08,959 - INFO - ustsuw OK â†?/home/marina/caseI/20run_caseI/final_run_confirm_time/abl_dql_ep31_step4_out_tab.lis (5 cycles, unit 24)
2026-05-12 15:49:08,960 - INFO - Ep31 Step4: HCNO: N=43.2%  H=8.6%  C=27.6%  O=20.6%
2026-05-12 15:49:08,960 - INFO - Ep31 Step4: Reward=21.43
2026-05-12 15:49:08,960 - INFO - Ep 31 Step 4: Action=8 (IncL3), Layers=[5.0, 6.5, 8.0, 6.0, 5.5, 2.5], Gap=7.0, Reward=21.43
2026-05-12 15:49:52,652 - INFO - FLUKA OK: abl_dql_ep31_step5.inp (34.7s)
2026-05-12 15:49:52,671 - INFO - ustsuw OK â†?/home/marina/caseI/20run_caseI/final_run_confirm_time/abl_dql_ep31_step5_out_tab.lis (5 cycles, unit 24)
2026-05-12 15:49:52,672 - INFO - Ep31 Step5: HCNO: N=32.3%  H=7.4%  C=32.6%  O=27.7%
2026-05-12 15:49:52,672 - INFO - Ep31 Step5: Reward=7.81
2026-05-12 15:49:52,672 - INFO - Ep 31 Step 5: Action=2 (DecL3), Layers=[5.0, 6.5, 7.5, 6.0, 5.5, 2.5], Gap=7.0, Reward=7.81
2026-05-12 15:50:35,362 - INFO - FLUKA OK: abl_dql_ep31_step6.inp (34.2s)
2026-05-12 15:50:35,381 - INFO - ustsuw OK â†?/home/marina/caseI/20run_caseI/final_run_confirm_time/abl_dql_ep31_step6_out_tab.lis (5 cycles, unit 24)
2026-05-12 15:50:35,382 - INFO - Ep31 Step6: HCNO: N=35.5%  H=6.8%  C=30.5%  O=27.2%
2026-05-12 15:50:35,382 - INFO - Ep31 Step6: Reward=12.39
2026-05-12 15:50:35,382 - INFO - Ep 31 Step 6: Action=12 (DecGap), Layers=[5.0, 6.5, 7.5, 6.0, 5.5, 2.5], Gap=6.5, Reward=12.39
2026-05-12 15:51:20,006 - INFO - FLUKA OK: abl_dql_ep31_step7.inp (36.7s)
2026-05-12 15:51:20,025 - INFO - ustsuw OK â†?/home/marina/caseI/20run_caseI/final_run_confirm_time/abl_dql_ep31_step7_out_tab.lis (5 cycles, unit 24)
2026-05-12 15:51:20,026 - INFO - Ep31 Step7: HCNO: N=31.3%  H=9.0%  C=35.7%  O=24.0%
2026-05-12 15:51:20,026 - INFO - Ep31 Step7: Reward=6.78
2026-05-12 15:51:20,026 - INFO - Ep 31 Step 7: Action=10 (IncL5), Layers=[5.0, 6.5, 7.5, 6.0, 6.0, 2.5], Gap=6.5, Reward=6.78
2026-05-12 15:52:09,739 - INFO - FLUKA OK: abl_dql_ep31_step8.inp (38.8s)
2026-05-12 15:52:09,772 - INFO - ustsuw OK â†?/home/marina/caseI/20run_caseI/final_run_confirm_time/abl_dql_ep31_step8_out_tab.lis (5 cycles, unit 24)
2026-05-12 15:52:09,773 - INFO - Ep31 Step8: HCNO: N=26.5%  H=9.2%  C=30.7%  O=33.6%
2026-05-12 15:52:09,773 - INFO - Ep31 Step8: Reward=15.58
2026-05-12 15:52:09,773 - INFO - Ep 31 Step 8: Action=6 (IncL1), Layers=[5.5, 6.5, 7.5, 6.0, 6.0, 2.5], Gap=6.5, Reward=15.58
2026-05-12 15:52:53,562 - INFO - FLUKA OK: abl_dql_ep31_step9.inp (33.9s)
2026-05-12 15:52:53,580 - INFO - ustsuw OK â†?/home/marina/caseI/20run_caseI/final_run_confirm_time/abl_dql_ep31_step9_out_tab.lis (5 cycles, unit 24)
2026-05-12 15:52:53,581 - INFO - Ep31 Step9: HCNO: N=36.0%  H=8.0%  C=27.1%  O=29.0%
2026-05-12 15:52:53,581 - INFO - Ep31 Step9: Reward=13.06
2026-05-12 15:52:53,581 - INFO - Ep 31 Step 9: Action=8 (IncL3), Layers=[5.5, 6.5, 8.0, 6.0, 6.0, 2.5], Gap=6.5, Reward=13.06
2026-05-12 15:53:34,707 - INFO - FLUKA OK: abl_dql_ep31_step10.inp (32.8s)
2026-05-12 15:53:34,724 - WARNING - prefix 'abl_dql_ep31_step10' unit 24: expected 5 cycle files, found 10: ['abl_dql_ep31_step10001_fort.24', 'abl_dql_ep31_step10002_fort.24', 'abl_dql_ep31_step10003_fort.24', 'abl_dql_ep31_step10004_fort.24', 'abl_dql_ep31_step10005_fort.24', 'abl_dql_ep31_step1001_fort.24', 'abl_dql_ep31_step1002_fort.24', 'abl_dql_ep31_step1003_fort.24', 'abl_dql_ep31_step1004_fort.24', 'abl_dql_ep31_step1005_fort.24']
2026-05-12 15:53:34,726 - INFO - ustsuw OK â†?/home/marina/caseI/20run_caseI/final_run_confirm_time/abl_dql_ep31_step10_out_tab.lis (10 cycles, unit 24)
2026-05-12 15:53:34,727 - INFO - Ep31 Step10: HCNO: N=30.6%  H=8.0%  C=30.0%  O=31.5%
2026-05-12 15:53:34,727 - INFO - Ep31 Step10: Reward=27.43
2026-05-12 15:53:34,727 - INFO - Ep 31 Step 10: Action=2 (DecL3), Layers=[5.5, 6.5, 7.5, 6.0, 6.0, 2.5], Gap=6.5, Reward=27.43
2026-05-12 15:54:16,377 - INFO - FLUKA OK: abl_dql_ep31_step11.inp (33.4s)
2026-05-12 15:54:16,395 - INFO - ustsuw OK â†?/home/marina/caseI/20run_caseI/final_run_confirm_time/abl_dql_ep31_step11_out_tab.lis (5 cycles, unit 24)
2026-05-12 15:54:16,395 - INFO - Ep31 Step11: HCNO: N=29.9%  H=9.4%  C=24.5%  O=36.2%
2026-05-12 15:54:16,395 - INFO - Ep31 Step11: Reward=14.96
2026-05-12 15:54:16,395 - INFO - Ep 31 Step 11: Action=3 (DecL4), Layers=[5.5, 6.5, 7.5, 5.5, 6.0, 2.5], Gap=6.5, Reward=14.96
2026-05-12 15:54:58,252 - INFO - FLUKA OK: abl_dql_ep31_step12.inp (34.1s)
2026-05-12 15:54:58,272 - INFO - ustsuw OK â†?/home/marina/caseI/20run_caseI/final_run_confirm_time/abl_dql_ep31_step12_out_tab.lis (5 cycles, unit 24)
2026-05-12 15:54:58,273 - INFO - Ep31 Step12: HCNO: N=41.8%  H=13.5%  C=13.0%  O=31.8%
2026-05-12 15:54:58,273 - INFO - Ep31 Step12: Reward=18.72
2026-05-12 15:54:58,273 - INFO - Ep 31 Step 12: Action=1 (DecL2), Layers=[5.5, 6.0, 7.5, 5.5, 6.0, 2.5], Gap=6.5, Reward=18.72
2026-05-12 15:55:40,392 - INFO - FLUKA OK: abl_dql_ep31_step13.inp (34.1s)
2026-05-12 15:55:40,409 - INFO - ustsuw OK â†?/home/marina/caseI/20run_caseI/final_run_confirm_time/abl_dql_ep31_step13_out_tab.lis (5 cycles, unit 24)
2026-05-12 15:55:40,410 - INFO - Ep31 Step13: HCNO: N=40.7%  H=13.4%  C=19.1%  O=26.8%
2026-05-12 15:55:40,410 - INFO - Ep31 Step13: Reward=20.87
2026-05-12 15:55:40,410 - INFO - Ep 31 Step 13: Action=10 (IncL5), Layers=[5.5, 6.0, 7.5, 5.5, 6.5, 2.5], Gap=6.5, Reward=20.87
2026-05-12 15:56:25,704 - INFO - FLUKA OK: abl_dql_ep31_step14.inp (36.3s)
2026-05-12 15:56:25,723 - INFO - ustsuw OK â†?/home/marina/caseI/20run_caseI/final_run_confirm_time/abl_dql_ep31_step14_out_tab.lis (5 cycles, unit 24)
2026-05-12 15:56:25,723 - INFO - Ep31 Step14: HCNO: N=43.2%  H=8.8%  C=12.0%  O=36.0%
2026-05-12 15:56:25,723 - INFO - Ep31 Step14: Reward=15.10
2026-05-12 15:56:25,724 - INFO - Ep 31 Step 14: Action=5 (DecL6), Layers=[5.5, 6.0, 7.5, 5.5, 6.5, 2.0], Gap=6.5, Reward=15.10
2026-05-12 15:57:16,173 - INFO - FLUKA OK: abl_dql_ep31_step15.inp (38.4s)
2026-05-12 15:57:16,192 - INFO - ustsuw OK â†?/home/marina/caseI/20run_caseI/final_run_confirm_time/abl_dql_ep31_step15_out_tab.lis (5 cycles, unit 24)
2026-05-12 15:57:16,193 - INFO - Ep31 Step15: HCNO: N=40.7%  H=13.4%  C=19.1%  O=26.8%
2026-05-12 15:57:16,194 - INFO - Ep31 Step15: Reward=20.87
2026-05-12 15:57:16,194 - INFO - Ep 31 Step 15: Action=11 (IncL6), Layers=[5.5, 6.0, 7.5, 5.5, 6.5, 2.5], Gap=6.5, Reward=20.87
2026-05-12 15:58:01,161 - INFO - FLUKA OK: abl_dql_ep31_step16.inp (34.9s)
2026-05-12 15:58:01,179 - INFO - ustsuw OK â†?/home/marina/caseI/20run_caseI/final_run_confirm_time/abl_dql_ep31_step16_out_tab.lis (5 cycles, unit 24)
2026-05-12 15:58:01,180 - INFO - Ep31 Step16: HCNO: N=26.8%  H=10.2%  C=34.5%  O=28.5%
2026-05-12 15:58:01,180 - INFO - Ep31 Step16: Reward=16.80
2026-05-12 15:58:01,180 - INFO - Ep 31 Step 16: Action=7 (IncL2), Layers=[5.5, 6.5, 7.5, 5.5, 6.5, 2.5], Gap=6.5, Reward=16.80
2026-05-12 15:58:43,208 - INFO - FLUKA OK: abl_dql_ep31_step17.inp (34.1s)
2026-05-12 15:58:43,227 - INFO - ustsuw OK â†?/home/marina/caseI/20run_caseI/final_run_confirm_time/abl_dql_ep31_step17_out_tab.lis (5 cycles, unit 24)
2026-05-12 15:58:43,227 - INFO - Ep31 Step17: HCNO: N=29.9%  H=9.4%  C=24.5%  O=36.2%
2026-05-12 15:58:43,227 - INFO - Ep31 Step17: Reward=14.96
2026-05-12 15:58:43,227 - INFO - Ep 31 Step 17: Action=4 (DecL5), Layers=[5.5, 6.5, 7.5, 5.5, 6.0, 2.5], Gap=6.5, Reward=14.96
2026-05-12 15:59:24,023 - INFO - FLUKA OK: abl_dql_ep31_step18.inp (33.1s)
2026-05-12 15:59:24,040 - INFO - ustsuw OK â†?/home/marina/caseI/20run_caseI/final_run_confirm_time/abl_dql_ep31_step18_out_tab.lis (5 cycles, unit 24)
2026-05-12 15:59:24,041 - INFO - Ep31 Step18: HCNO: N=31.5%  H=3.8%  C=33.3%  O=31.4%
2026-05-12 15:59:24,041 - INFO - Ep31 Step18: Reward=10.34
2026-05-12 15:59:24,041 - INFO - Ep 31 Step 18: Action=4 (DecL5), Layers=[5.5, 6.5, 7.5, 5.5, 5.5, 2.5], Gap=6.5, Reward=10.34
2026-05-12 16:00:08,463 - INFO - FLUKA OK: abl_dql_ep31_step19.inp (36.1s)
2026-05-12 16:00:08,484 - INFO - ustsuw OK â†?/home/marina/caseI/20run_caseI/final_run_confirm_time/abl_dql_ep31_step19_out_tab.lis (5 cycles, unit 24)
2026-05-12 16:00:08,484 - INFO - Ep31 Step19: HCNO: N=37.6%  H=8.6%  C=28.8%  O=25.1%
2026-05-12 16:00:08,484 - INFO - Ep31 Step19: Reward=27.53
2026-05-12 16:00:08,484 - INFO - Ep 31 Step 19: Action=7 (IncL2), Layers=[5.5, 7.0, 7.5, 5.5, 5.5, 2.5], Gap=6.5, Reward=27.53
2026-05-12 16:00:52,411 - INFO - FLUKA OK: abl_dql_ep31_step20.inp (34.7s)
2026-05-12 16:00:52,429 - WARNING - prefix 'abl_dql_ep31_step20' unit 24: expected 5 cycle files, found 10: ['abl_dql_ep31_step20001_fort.24', 'abl_dql_ep31_step20002_fort.24', 'abl_dql_ep31_step20003_fort.24', 'abl_dql_ep31_step20004_fort.24', 'abl_dql_ep31_step20005_fort.24', 'abl_dql_ep31_step2001_fort.24', 'abl_dql_ep31_step2002_fort.24', 'abl_dql_ep31_step2003_fort.24', 'abl_dql_ep31_step2004_fort.24', 'abl_dql_ep31_step2005_fort.24']
2026-05-12 16:00:52,432 - INFO - ustsuw OK â†?/home/marina/caseI/20run_caseI/final_run_confirm_time/abl_dql_ep31_step20_out_tab.lis (10 cycles, unit 24)
2026-05-12 16:00:52,433 - INFO - Ep31 Step20: HCNO: N=33.0%  H=4.7%  C=33.2%  O=29.1%
2026-05-12 16:00:52,433 - INFO - Ep31 Step20: Reward=22.65
2026-05-12 16:00:52,433 - INFO - Ep 31 Step 20: Action=1 (DecL2), Layers=[5.5, 6.5, 7.5, 5.5, 5.5, 2.5], Gap=6.5, Reward=22.65
2026-05-12 16:01:02,808 - INFO - Episode 31: Return=321.53, Best=36.79, Loss=83.8150
2026-05-12 16:01:41,832 - INFO - FLUKA OK: abl_dql_ep32_step1.inp (38.9s)
2026-05-12 16:01:41,856 - INFO - ustsuw OK â†?/home/marina/caseI/20run_caseI/final_run_confirm_time/abl_dql_ep32_step1_out_tab.lis (5 cycles, unit 24)
2026-05-12 16:01:41,857 - INFO - Ep32 Step1: HCNO: N=27.4%  H=13.0%  C=24.4%  O=35.2%
2026-05-12 16:01:41,857 - INFO - Ep32 Step1: Reward=18.46
2026-05-12 16:01:41,857 - INFO - Ep 32 Step 1: Action=11 (IncL6), Layers=[2.5, 5.0, 5.5, 6.5, 6.5, 3.0], Gap=8.0, Reward=18.46
2026-05-12 16:02:30,797 - INFO - FLUKA OK: abl_dql_ep32_step2.inp (38.6s)
2026-05-12 16:02:30,821 - INFO - ustsuw OK â†?/home/marina/caseI/20run_caseI/final_run_confirm_time/abl_dql_ep32_step2_out_tab.lis (5 cycles, unit 24)
2026-05-12 16:02:30,821 - INFO - Ep32 Step2: HCNO: N=32.9%  H=16.3%  C=20.7%  O=30.0%
2026-05-12 16:02:30,821 - INFO - Ep32 Step2: Reward=17.07
2026-05-12 16:02:30,821 - INFO - Ep 32 Step 2: Action=11 (IncL6), Layers=[2.5, 5.0, 5.5, 6.5, 6.5, 3.5], Gap=8.0, Reward=17.07
2026-05-12 16:03:20,702 - INFO - FLUKA OK: abl_dql_ep32_step3.inp (39.5s)
2026-05-12 16:03:20,725 - INFO - ustsuw OK â†?/home/marina/caseI/20run_caseI/final_run_confirm_time/abl_dql_ep32_step3_out_tab.lis (5 cycles, unit 24)
2026-05-12 16:03:20,726 - INFO - Ep32 Step3: HCNO: N=25.9%  H=8.8%  C=19.0%  O=46.3%
2026-05-12 16:03:20,726 - INFO - Ep32 Step3: Reward=11.70
2026-05-12 16:03:20,727 - INFO - Ep 32 Step 3: Action=7 (IncL2), Layers=[2.5, 5.5, 5.5, 6.5, 6.5, 3.5], Gap=8.0, Reward=11.70
2026-05-12 16:04:11,531 - INFO - FLUKA OK: abl_dql_ep32_step4.inp (40.0s)
2026-05-12 16:04:11,555 - INFO - ustsuw OK â†?/home/marina/caseI/20run_caseI/final_run_confirm_time/abl_dql_ep32_step4_out_tab.lis (5 cycles, unit 24)
2026-05-12 16:04:11,556 - INFO - Ep32 Step4: HCNO: N=22.9%  H=8.9%  C=21.0%  O=47.2%
2026-05-12 16:04:11,556 - INFO - Ep32 Step4: Reward=9.64
2026-05-12 16:04:11,556 - INFO - Ep 32 Step 4: Action=13 (IncGap), Layers=[2.5, 5.5, 5.5, 6.5, 6.5, 3.5], Gap=8.5, Reward=9.64
2026-05-12 16:05:02,458 - INFO - FLUKA OK: abl_dql_ep32_step5.inp (39.6s)
2026-05-12 16:05:02,478 - INFO - ustsuw OK â†?/home/marina/caseI/20run_caseI/final_run_confirm_time/abl_dql_ep32_step5_out_tab.lis (5 cycles, unit 24)
2026-05-12 16:05:02,479 - INFO - Ep32 Step5: HCNO: N=33.1%  H=11.6%  C=17.7%  O=37.7%
2026-05-12 16:05:02,479 - INFO - Ep32 Step5: Reward=11.99
2026-05-12 16:05:02,479 - INFO - Ep 32 Step 5: Action=3 (DecL4), Layers=[2.5, 5.5, 5.5, 6.0, 6.5, 3.5], Gap=8.5, Reward=11.99
2026-05-12 16:05:51,540 - INFO - FLUKA OK: abl_dql_ep32_step6.inp (39.1s)
2026-05-12 16:05:51,559 - INFO - ustsuw OK â†?/home/marina/caseI/20run_caseI/final_run_confirm_time/abl_dql_ep32_step6_out_tab.lis (5 cycles, unit 24)
2026-05-12 16:05:51,560 - INFO - Ep32 Step6: HCNO: N=34.4%  H=13.4%  C=18.3%  O=34.0%
2026-05-12 16:05:51,560 - INFO - Ep32 Step6: Reward=9.23
2026-05-12 16:05:51,560 - INFO - Ep 32 Step 6: Action=11 (IncL6), Layers=[2.5, 5.5, 5.5, 6.0, 6.5, 4.0], Gap=8.5, Reward=9.23
2026-05-12 16:06:39,599 - INFO - FLUKA OK: abl_dql_ep32_step7.inp (38.2s)
2026-05-12 16:06:39,621 - INFO - ustsuw OK â†?/home/marina/caseI/20run_caseI/final_run_confirm_time/abl_dql_ep32_step7_out_tab.lis (5 cycles, unit 24)
2026-05-12 16:06:39,622 - INFO - Ep32 Step7: HCNO: N=36.0%  H=13.4%  C=19.7%  O=30.8%
2026-05-12 16:06:39,622 - INFO - Ep32 Step7: Reward=9.35
2026-05-12 16:06:39,622 - INFO - Ep 32 Step 7: Action=13 (IncGap), Layers=[2.5, 5.5, 5.5, 6.0, 6.5, 4.0], Gap=9.0, Reward=9.35
2026-05-12 16:07:26,527 - INFO - FLUKA OK: abl_dql_ep32_step8.inp (37.5s)
2026-05-12 16:07:26,546 - INFO - ustsuw OK â†?/home/marina/caseI/20run_caseI/final_run_confirm_time/abl_dql_ep32_step8_out_tab.lis (5 cycles, unit 24)
2026-05-12 16:07:26,547 - INFO - Ep32 Step8: HCNO: N=44.2%  H=7.3%  C=15.9%  O=32.7%
2026-05-12 16:07:26,547 - INFO - Ep32 Step8: Reward=16.69
2026-05-12 16:07:26,547 - INFO - Ep 32 Step 8: Action=0 (DecL1), Layers=[2.0, 5.5, 5.5, 6.0, 6.5, 4.0], Gap=9.0, Reward=16.69
2026-05-12 16:08:14,272 - INFO - FLUKA OK: abl_dql_ep32_step9.inp (38.8s)
2026-05-12 16:08:14,293 - INFO - ustsuw OK â†?/home/marina/caseI/20run_caseI/final_run_confirm_time/abl_dql_ep32_step9_out_tab.lis (5 cycles, unit 24)
2026-05-12 16:08:14,293 - INFO - Ep32 Step9: HCNO: N=41.7%  H=7.5%  C=13.0%  O=37.7%
2026-05-12 16:08:14,294 - INFO - Ep32 Step9: Reward=17.95
2026-05-12 16:08:14,294 - INFO - Ep 32 Step 9: Action=9 (IncL4), Layers=[2.0, 5.5, 5.5, 6.5, 6.5, 4.0], Gap=9.0, Reward=17.95
2026-05-12 16:09:03,907 - INFO - FLUKA OK: abl_dql_ep32_step10.inp (39.0s)
2026-05-12 16:09:03,926 - WARNING - prefix 'abl_dql_ep32_step10' unit 24: expected 5 cycle files, found 10: ['abl_dql_ep32_step10001_fort.24', 'abl_dql_ep32_step10002_fort.24', 'abl_dql_ep32_step10003_fort.24', 'abl_dql_ep32_step10004_fort.24', 'abl_dql_ep32_step10005_fort.24', 'abl_dql_ep32_step1001_fort.24', 'abl_dql_ep32_step1002_fort.24', 'abl_dql_ep32_step1003_fort.24', 'abl_dql_ep32_step1004_fort.24', 'abl_dql_ep32_step1005_fort.24']
2026-05-12 16:09:03,942 - INFO - ustsuw OK â†?/home/marina/caseI/20run_caseI/final_run_confirm_time/abl_dql_ep32_step10_out_tab.lis (10 cycles, unit 24)
2026-05-12 16:09:03,942 - INFO - Ep32 Step10: HCNO: N=31.6%  H=10.0%  C=20.5%  O=37.9%
2026-05-12 16:09:03,943 - INFO - Ep32 Step10: Reward=25.11
2026-05-12 16:09:03,943 - INFO - Ep 32 Step 10: Action=11 (IncL6), Layers=[2.0, 5.5, 5.5, 6.5, 6.5, 4.5], Gap=9.0, Reward=25.11
2026-05-12 16:09:50,932 - INFO - FLUKA OK: abl_dql_ep32_step11.inp (38.3s)
2026-05-12 16:09:50,952 - INFO - ustsuw OK â†?/home/marina/caseI/20run_caseI/final_run_confirm_time/abl_dql_ep32_step11_out_tab.lis (5 cycles, unit 24)
2026-05-12 16:09:50,952 - INFO - Ep32 Step11: HCNO: N=49.0%  H=3.4%  C=17.0%  O=30.6%
2026-05-12 16:09:50,952 - INFO - Ep32 Step11: Reward=12.61
2026-05-12 16:09:50,952 - INFO - Ep 32 Step 11: Action=2 (DecL3), Layers=[2.0, 5.5, 5.0, 6.5, 6.5, 4.5], Gap=9.0, Reward=12.61
2026-05-12 16:10:41,843 - INFO - FLUKA OK: abl_dql_ep32_step12.inp (40.6s)
2026-05-12 16:10:41,862 - INFO - ustsuw OK â†?/home/marina/caseI/20run_caseI/final_run_confirm_time/abl_dql_ep32_step12_out_tab.lis (5 cycles, unit 24)
2026-05-12 16:10:41,863 - INFO - Ep32 Step12: HCNO: N=49.8%  H=3.5%  C=16.4%  O=30.3%
2026-05-12 16:10:41,863 - INFO - Ep32 Step12: Reward=10.46
2026-05-12 16:10:41,863 - INFO - Ep 32 Step 12: Action=12 (DecGap), Layers=[2.0, 5.5, 5.0, 6.5, 6.5, 4.5], Gap=8.5, Reward=10.46
2026-05-12 16:11:31,564 - INFO - FLUKA OK: abl_dql_ep32_step13.inp (38.6s)
2026-05-12 16:11:31,584 - INFO - ustsuw OK â†?/home/marina/caseI/20run_caseI/final_run_confirm_time/abl_dql_ep32_step13_out_tab.lis (5 cycles, unit 24)
2026-05-12 16:11:31,585 - INFO - Ep32 Step13: HCNO: N=34.6%  H=10.3%  C=20.3%  O=34.8%
2026-05-12 16:11:31,585 - INFO - Ep32 Step13: Reward=14.53
2026-05-12 16:11:31,585 - INFO - Ep 32 Step 13: Action=10 (IncL5), Layers=[2.0, 5.5, 5.0, 6.5, 7.0, 4.5], Gap=8.5, Reward=14.53
2026-05-12 16:12:22,677 - INFO - FLUKA OK: abl_dql_ep32_step14.inp (39.4s)
2026-05-12 16:12:22,700 - INFO - ustsuw OK â†?/home/marina/caseI/20run_caseI/final_run_confirm_time/abl_dql_ep32_step14_out_tab.lis (5 cycles, unit 24)
2026-05-12 16:12:22,701 - INFO - Ep32 Step14: HCNO: N=41.5%  H=8.1%  C=18.1%  O=32.3%
2026-05-12 16:12:22,701 - INFO - Ep32 Step14: Reward=22.96
2026-05-12 16:12:22,701 - INFO - Ep 32 Step 14: Action=10 (IncL5), Layers=[2.0, 5.5, 5.0, 6.5, 7.5, 4.5], Gap=8.5, Reward=22.96
2026-05-12 16:13:13,166 - INFO - FLUKA OK: abl_dql_ep32_step15.inp (40.1s)
2026-05-12 16:13:13,186 - INFO - ustsuw OK â†?/home/marina/caseI/20run_caseI/final_run_confirm_time/abl_dql_ep32_step15_out_tab.lis (5 cycles, unit 24)
2026-05-12 16:13:13,187 - INFO - Ep32 Step15: HCNO: N=32.0%  H=6.2%  C=31.5%  O=30.3%
2026-05-12 16:13:13,187 - INFO - Ep32 Step15: Reward=9.64
2026-05-12 16:13:13,187 - INFO - Ep 32 Step 15: Action=3 (DecL4), Layers=[2.0, 5.5, 5.0, 6.0, 7.5, 4.5], Gap=8.5, Reward=9.64
2026-05-12 16:14:00,414 - INFO - FLUKA OK: abl_dql_ep32_step16.inp (38.5s)
2026-05-12 16:14:00,432 - INFO - ustsuw OK â†?/home/marina/caseI/20run_caseI/final_run_confirm_time/abl_dql_ep32_step16_out_tab.lis (5 cycles, unit 24)
2026-05-12 16:14:00,433 - INFO - Ep32 Step16: HCNO: N=40.1%  H=10.7%  C=21.9%  O=27.3%
2026-05-12 16:14:00,433 - INFO - Ep32 Step16: Reward=9.70
2026-05-12 16:14:00,433 - INFO - Ep 32 Step 16: Action=10 (IncL5), Layers=[2.0, 5.5, 5.0, 6.0, 8.0, 4.5], Gap=8.5, Reward=9.70
2026-05-12 16:14:46,330 - INFO - FLUKA OK: abl_dql_ep32_step17.inp (37.3s)
2026-05-12 16:14:46,350 - INFO - ustsuw OK â†?/home/marina/caseI/20run_caseI/final_run_confirm_time/abl_dql_ep32_step17_out_tab.lis (5 cycles, unit 24)
2026-05-12 16:14:46,351 - INFO - Ep32 Step17: HCNO: N=42.7%  H=13.9%  C=17.9%  O=25.6%
2026-05-12 16:14:46,351 - INFO - Ep32 Step17: Reward=27.05
2026-05-12 16:14:46,351 - INFO - Ep 32 Step 17: Action=2 (DecL3), Layers=[2.0, 5.5, 4.5, 6.0, 8.0, 4.5], Gap=8.5, Reward=27.05
2026-05-12 16:15:31,873 - INFO - FLUKA OK: abl_dql_ep32_step18.inp (37.0s)
2026-05-12 16:15:31,890 - INFO - ustsuw OK â†?/home/marina/caseI/20run_caseI/final_run_confirm_time/abl_dql_ep32_step18_out_tab.lis (5 cycles, unit 24)
2026-05-12 16:15:31,891 - INFO - Ep32 Step18: HCNO: N=42.7%  H=13.9%  C=17.9%  O=25.6%
2026-05-12 16:15:31,891 - INFO - Ep32 Step18: Reward=27.05
2026-05-12 16:15:31,891 - INFO - Ep 32 Step 18: Action=0 (DecL1), Layers=[2.0, 5.5, 4.5, 6.0, 8.0, 4.5], Gap=8.5, Reward=27.05
2026-05-12 16:16:17,257 - INFO - FLUKA OK: abl_dql_ep32_step19.inp (37.9s)
2026-05-12 16:16:17,280 - INFO - ustsuw OK â†?/home/marina/caseI/20run_caseI/final_run_confirm_time/abl_dql_ep32_step19_out_tab.lis (5 cycles, unit 24)
2026-05-12 16:16:17,280 - INFO - Ep32 Step19: HCNO: N=42.7%  H=13.9%  C=17.9%  O=25.6%
2026-05-12 16:16:17,280 - INFO - Ep32 Step19: Reward=27.05
2026-05-12 16:16:17,280 - INFO - Ep 32 Step 19: Action=10 (IncL5), Layers=[2.0, 5.5, 4.5, 6.0, 8.0, 4.5], Gap=8.5, Reward=27.05
2026-05-12 16:17:01,732 - INFO - FLUKA OK: abl_dql_ep32_step20.inp (35.9s)
2026-05-12 16:17:01,747 - WARNING - prefix 'abl_dql_ep32_step20' unit 24: expected 5 cycle files, found 10: ['abl_dql_ep32_step20001_fort.24', 'abl_dql_ep32_step20002_fort.24', 'abl_dql_ep32_step20003_fort.24', 'abl_dql_ep32_step20004_fort.24', 'abl_dql_ep32_step20005_fort.24', 'abl_dql_ep32_step2001_fort.24', 'abl_dql_ep32_step2002_fort.24', 'abl_dql_ep32_step2003_fort.24', 'abl_dql_ep32_step2004_fort.24', 'abl_dql_ep32_step2005_fort.24']
2026-05-12 16:17:01,767 - INFO - ustsuw OK â†?/home/marina/caseI/20run_caseI/final_run_confirm_time/abl_dql_ep32_step20_out_tab.lis (10 cycles, unit 24)
2026-05-12 16:17:01,768 - INFO - Ep32 Step20: HCNO: N=38.4%  H=13.0%  C=17.2%  O=31.5%
2026-05-12 16:17:01,768 - INFO - Ep32 Step20: Reward=26.92
2026-05-12 16:17:01,768 - INFO - Ep 32 Step 20: Action=6 (IncL1), Layers=[2.5, 5.5, 4.5, 6.0, 8.0, 4.5], Gap=8.5, Reward=26.92
2026-05-12 16:17:10,137 - INFO - Episode 32: Return=335.14, Best=36.79, Loss=83.2847
2026-05-12 16:17:44,354 - INFO - FLUKA OK: abl_dql_ep33_step1.inp (34.2s)
2026-05-12 16:17:44,372 - INFO - ustsuw OK â†?/home/marina/caseI/20run_caseI/final_run_confirm_time/abl_dql_ep33_step1_out_tab.lis (5 cycles, unit 24)
2026-05-12 16:17:44,373 - INFO - Ep33 Step1: HCNO: N=35.1%  H=14.7%  C=22.8%  O=27.4%
2026-05-12 16:17:44,373 - INFO - Ep33 Step1: Reward=22.57
2026-05-12 16:17:44,373 - INFO - Ep 33 Step 1: Action=3 (DecL4), Layers=[5.5, 6.5, 3.5, 5.5, 7.5, 3.0], Gap=1.0, Reward=22.57
2026-05-12 16:18:26,353 - INFO - FLUKA OK: abl_dql_ep33_step2.inp (33.9s)
2026-05-12 16:18:26,370 - INFO - ustsuw OK â†?/home/marina/caseI/20run_caseI/final_run_confirm_time/abl_dql_ep33_step2_out_tab.lis (5 cycles, unit 24)
2026-05-12 16:18:26,371 - INFO - Ep33 Step2: HCNO: N=38.0%  H=11.9%  C=20.0%  O=30.1%
2026-05-12 16:18:26,371 - INFO - Ep33 Step2: Reward=17.21
2026-05-12 16:18:26,371 - INFO - Ep 33 Step 2: Action=8 (IncL3), Layers=[5.5, 6.5, 4.0, 5.5, 7.5, 3.0], Gap=1.0, Reward=17.21
2026-05-12 16:19:09,065 - INFO - FLUKA OK: abl_dql_ep33_step3.inp (34.9s)
2026-05-12 16:19:09,082 - INFO - ustsuw OK â†?/home/marina/caseI/20run_caseI/final_run_confirm_time/abl_dql_ep33_step3_out_tab.lis (5 cycles, unit 24)
2026-05-12 16:19:09,082 - INFO - Ep33 Step3: HCNO: N=34.1%  H=9.2%  C=24.4%  O=32.2%
2026-05-12 16:19:09,082 - INFO - Ep33 Step3: Reward=19.08
2026-05-12 16:19:09,082 - INFO - Ep 33 Step 3: Action=3 (DecL4), Layers=[5.5, 6.5, 4.0, 5.0, 7.5, 3.0], Gap=1.0, Reward=19.08
2026-05-12 16:19:51,574 - INFO - FLUKA OK: abl_dql_ep33_step4.inp (34.1s)
2026-05-12 16:19:51,593 - INFO - ustsuw OK â†?/home/marina/caseI/20run_caseI/final_run_confirm_time/abl_dql_ep33_step4_out_tab.lis (5 cycles, unit 24)
2026-05-12 16:19:51,593 - INFO - Ep33 Step4: HCNO: N=43.3%  H=13.2%  C=21.8%  O=21.7%
2026-05-12 16:19:51,594 - INFO - Ep33 Step4: Reward=15.23
2026-05-12 16:19:51,594 - INFO - Ep 33 Step 4: Action=10 (IncL5), Layers=[5.5, 6.5, 4.0, 5.0, 8.0, 3.0], Gap=1.0, Reward=15.23
2026-05-12 16:20:31,713 - INFO - FLUKA OK: abl_dql_ep33_step5.inp (32.5s)
2026-05-12 16:20:31,731 - INFO - ustsuw OK â†?/home/marina/caseI/20run_caseI/final_run_confirm_time/abl_dql_ep33_step5_out_tab.lis (5 cycles, unit 24)
2026-05-12 16:20:31,732 - INFO - Ep33 Step5: HCNO: N=37.1%  H=13.5%  C=23.1%  O=26.3%
2026-05-12 16:20:31,732 - INFO - Ep33 Step5: Reward=14.61
2026-05-12 16:20:31,732 - INFO - Ep 33 Step 5: Action=6 (IncL1), Layers=[6.0, 6.5, 4.0, 5.0, 8.0, 3.0], Gap=1.0, Reward=14.61
2026-05-12 16:21:14,243 - INFO - FLUKA OK: abl_dql_ep33_step6.inp (34.3s)
2026-05-12 16:21:14,261 - INFO - ustsuw OK â†?/home/marina/caseI/20run_caseI/final_run_confirm_time/abl_dql_ep33_step6_out_tab.lis (5 cycles, unit 24)
2026-05-12 16:21:14,262 - INFO - Ep33 Step6: HCNO: N=38.7%  H=8.0%  C=23.3%  O=30.0%
2026-05-12 16:21:14,262 - INFO - Ep33 Step6: Reward=22.32
2026-05-12 16:21:14,262 - INFO - Ep 33 Step 6: Action=9 (IncL4), Layers=[6.0, 6.5, 4.0, 5.5, 8.0, 3.0], Gap=1.0, Reward=22.32
2026-05-12 16:21:59,288 - INFO - FLUKA OK: abl_dql_ep33_step7.inp (36.2s)
2026-05-12 16:21:59,307 - INFO - ustsuw OK â†?/home/marina/caseI/20run_caseI/final_run_confirm_time/abl_dql_ep33_step7_out_tab.lis (5 cycles, unit 24)
2026-05-12 16:21:59,307 - INFO - Ep33 Step7: HCNO: N=42.3%  H=6.1%  C=21.5%  O=30.1%
2026-05-12 16:21:59,307 - INFO - Ep33 Step7: Reward=22.40
2026-05-12 16:21:59,308 - INFO - Ep 33 Step 7: Action=13 (IncGap), Layers=[6.0, 6.5, 4.0, 5.5, 8.0, 3.0], Gap=1.5, Reward=22.40
2026-05-12 16:22:44,857 - INFO - FLUKA OK: abl_dql_ep33_step8.inp (36.3s)
2026-05-12 16:22:44,878 - INFO - ustsuw OK â†?/home/marina/caseI/20run_caseI/final_run_confirm_time/abl_dql_ep33_step8_out_tab.lis (5 cycles, unit 24)
2026-05-12 16:22:44,878 - INFO - Ep33 Step8: HCNO: N=42.4%  H=8.0%  C=21.6%  O=28.0%
2026-05-12 16:22:44,878 - INFO - Ep33 Step8: Reward=22.09
2026-05-12 16:22:44,878 - INFO - Ep 33 Step 8: Action=13 (IncGap), Layers=[6.0, 6.5, 4.0, 5.5, 8.0, 3.0], Gap=2.0, Reward=22.09
2026-05-12 16:23:28,696 - INFO - FLUKA OK: abl_dql_ep33_step9.inp (34.5s)
2026-05-12 16:23:28,714 - INFO - ustsuw OK â†?/home/marina/caseI/20run_caseI/final_run_confirm_time/abl_dql_ep33_step9_out_tab.lis (5 cycles, unit 24)
2026-05-12 16:23:28,714 - INFO - Ep33 Step9: HCNO: N=37.8%  H=4.1%  C=24.5%  O=33.7%
2026-05-12 16:23:28,714 - INFO - Ep33 Step9: Reward=25.39
2026-05-12 16:23:28,715 - INFO - Ep 33 Step 9: Action=1 (DecL2), Layers=[6.0, 6.0, 4.0, 5.5, 8.0, 3.0], Gap=2.0, Reward=25.39
2026-05-12 16:24:12,160 - INFO - FLUKA OK: abl_dql_ep33_step10.inp (35.7s)
2026-05-12 16:24:12,177 - WARNING - prefix 'abl_dql_ep33_step10' unit 24: expected 5 cycle files, found 10: ['abl_dql_ep33_step10001_fort.24', 'abl_dql_ep33_step10002_fort.24', 'abl_dql_ep33_step10003_fort.24', 'abl_dql_ep33_step10004_fort.24', 'abl_dql_ep33_step10005_fort.24', 'abl_dql_ep33_step1001_fort.24', 'abl_dql_ep33_step1002_fort.24', 'abl_dql_ep33_step1003_fort.24', 'abl_dql_ep33_step1004_fort.24', 'abl_dql_ep33_step1005_fort.24']
2026-05-12 16:24:12,179 - INFO - ustsuw OK â†?/home/marina/caseI/20run_caseI/final_run_confirm_time/abl_dql_ep33_step10_out_tab.lis (10 cycles, unit 24)
2026-05-12 16:24:12,180 - INFO - Ep33 Step10: HCNO: N=32.9%  H=9.7%  C=24.2%  O=33.2%
2026-05-12 16:24:12,180 - INFO - Ep33 Step10: Reward=26.16
2026-05-12 16:24:12,180 - INFO - Ep 33 Step 10: Action=13 (IncGap), Layers=[6.0, 6.0, 4.0, 5.5, 8.0, 3.0], Gap=2.5, Reward=26.16
2026-05-12 16:24:53,779 - INFO - FLUKA OK: abl_dql_ep33_step11.inp (33.4s)
2026-05-12 16:24:53,797 - INFO - ustsuw OK â†?/home/marina/caseI/20run_caseI/final_run_confirm_time/abl_dql_ep33_step11_out_tab.lis (5 cycles, unit 24)
2026-05-12 16:24:53,798 - INFO - Ep33 Step11: HCNO: N=34.9%  H=15.5%  C=20.4%  O=29.2%
2026-05-12 16:24:53,798 - INFO - Ep33 Step11: Reward=21.58
2026-05-12 16:24:53,798 - INFO - Ep 33 Step 11: Action=3 (DecL4), Layers=[6.0, 6.0, 4.0, 5.0, 8.0, 3.0], Gap=2.5, Reward=21.58
2026-05-12 16:25:35,252 - INFO - FLUKA OK: abl_dql_ep33_step12.inp (34.1s)
2026-05-12 16:25:35,269 - INFO - ustsuw OK â†?/home/marina/caseI/20run_caseI/final_run_confirm_time/abl_dql_ep33_step12_out_tab.lis (5 cycles, unit 24)
2026-05-12 16:25:35,270 - INFO - Ep33 Step12: HCNO: N=35.4%  H=14.7%  C=24.6%  O=25.4%
2026-05-12 16:25:35,270 - INFO - Ep33 Step12: Reward=16.90
2026-05-12 16:25:35,270 - INFO - Ep 33 Step 12: Action=12 (DecGap), Layers=[6.0, 6.0, 4.0, 5.0, 8.0, 3.0], Gap=2.0, Reward=16.90
2026-05-12 16:26:17,703 - INFO - FLUKA OK: abl_dql_ep33_step13.inp (34.4s)
2026-05-12 16:26:17,723 - INFO - ustsuw OK â†?/home/marina/caseI/20run_caseI/final_run_confirm_time/abl_dql_ep33_step13_out_tab.lis (5 cycles, unit 24)
2026-05-12 16:26:17,723 - INFO - Ep33 Step13: HCNO: N=38.2%  H=14.8%  C=23.3%  O=23.7%
2026-05-12 16:26:17,724 - INFO - Ep33 Step13: Reward=17.56
2026-05-12 16:26:17,724 - INFO - Ep 33 Step 13: Action=12 (DecGap), Layers=[6.0, 6.0, 4.0, 5.0, 8.0, 3.0], Gap=1.5, Reward=17.56
2026-05-12 16:27:00,177 - INFO - FLUKA OK: abl_dql_ep33_step14.inp (34.8s)
2026-05-12 16:27:00,201 - INFO - ustsuw OK â†?/home/marina/caseI/20run_caseI/final_run_confirm_time/abl_dql_ep33_step14_out_tab.lis (5 cycles, unit 24)
2026-05-12 16:27:00,201 - INFO - Ep33 Step14: HCNO: N=35.4%  H=14.7%  C=24.6%  O=25.4%
2026-05-12 16:27:00,201 - INFO - Ep33 Step14: Reward=16.90
2026-05-12 16:27:00,201 - INFO - Ep 33 Step 14: Action=13 (IncGap), Layers=[6.0, 6.0, 4.0, 5.0, 8.0, 3.0], Gap=2.0, Reward=16.90
2026-05-12 16:27:42,793 - INFO - FLUKA OK: abl_dql_ep33_step15.inp (33.9s)
2026-05-12 16:27:42,814 - INFO - ustsuw OK â†?/home/marina/caseI/20run_caseI/final_run_confirm_time/abl_dql_ep33_step15_out_tab.lis (5 cycles, unit 24)
2026-05-12 16:27:42,815 - INFO - Ep33 Step15: HCNO: N=29.0%  H=15.0%  C=19.3%  O=36.7%
2026-05-12 16:27:42,815 - INFO - Ep33 Step15: Reward=11.09
2026-05-12 16:27:42,815 - INFO - Ep 33 Step 15: Action=6 (IncL1), Layers=[6.5, 6.0, 4.0, 5.0, 8.0, 3.0], Gap=2.0, Reward=11.09
2026-05-12 16:28:24,127 - INFO - FLUKA OK: abl_dql_ep33_step16.inp (33.1s)
2026-05-12 16:28:24,147 - INFO - ustsuw OK â†?/home/marina/caseI/20run_caseI/final_run_confirm_time/abl_dql_ep33_step16_out_tab.lis (5 cycles, unit 24)
2026-05-12 16:28:24,147 - INFO - Ep33 Step16: HCNO: N=32.8%  H=9.7%  C=21.5%  O=36.0%
2026-05-12 16:28:24,147 - INFO - Ep33 Step16: Reward=15.98
2026-05-12 16:28:24,147 - INFO - Ep 33 Step 16: Action=6 (IncL1), Layers=[7.0, 6.0, 4.0, 5.0, 8.0, 3.0], Gap=2.0, Reward=15.98
2026-05-12 16:29:06,373 - INFO - FLUKA OK: abl_dql_ep33_step17.inp (33.8s)
2026-05-12 16:29:06,391 - INFO - ustsuw OK â†?/home/marina/caseI/20run_caseI/final_run_confirm_time/abl_dql_ep33_step17_out_tab.lis (5 cycles, unit 24)
2026-05-12 16:29:06,392 - INFO - Ep33 Step17: HCNO: N=32.6%  H=8.9%  C=28.7%  O=29.8%
2026-05-12 16:29:06,392 - INFO - Ep33 Step17: Reward=21.50
2026-05-12 16:29:06,392 - INFO - Ep 33 Step 17: Action=7 (IncL2), Layers=[7.0, 6.5, 4.0, 5.0, 8.0, 3.0], Gap=2.0, Reward=21.50
2026-05-12 16:29:48,192 - INFO - FLUKA OK: abl_dql_ep33_step18.inp (34.4s)
2026-05-12 16:29:48,211 - INFO - ustsuw OK â†?/home/marina/caseI/20run_caseI/final_run_confirm_time/abl_dql_ep33_step18_out_tab.lis (5 cycles, unit 24)
2026-05-12 16:29:48,212 - INFO - Ep33 Step18: HCNO: N=32.2%  H=5.8%  C=30.2%  O=31.8%
2026-05-12 16:29:48,212 - INFO - Ep33 Step18: Reward=18.39
2026-05-12 16:29:48,212 - INFO - Ep 33 Step 18: Action=6 (IncL1), Layers=[7.5, 6.5, 4.0, 5.0, 8.0, 3.0], Gap=2.0, Reward=18.39
2026-05-12 16:30:29,383 - INFO - FLUKA OK: abl_dql_ep33_step19.inp (33.4s)
2026-05-12 16:30:29,402 - INFO - ustsuw OK â†?/home/marina/caseI/20run_caseI/final_run_confirm_time/abl_dql_ep33_step19_out_tab.lis (5 cycles, unit 24)
2026-05-12 16:30:29,403 - INFO - Ep33 Step19: HCNO: N=39.0%  H=4.6%  C=22.9%  O=33.4%
2026-05-12 16:30:29,403 - INFO - Ep33 Step19: Reward=15.11
2026-05-12 16:30:29,403 - INFO - Ep 33 Step 19: Action=1 (DecL2), Layers=[7.5, 6.0, 4.0, 5.0, 8.0, 3.0], Gap=2.0, Reward=15.11
2026-05-12 16:31:12,842 - INFO - FLUKA OK: abl_dql_ep33_step20.inp (35.4s)
2026-05-12 16:31:12,861 - WARNING - prefix 'abl_dql_ep33_step20' unit 24: expected 5 cycle files, found 10: ['abl_dql_ep33_step20001_fort.24', 'abl_dql_ep33_step20002_fort.24', 'abl_dql_ep33_step20003_fort.24', 'abl_dql_ep33_step20004_fort.24', 'abl_dql_ep33_step20005_fort.24', 'abl_dql_ep33_step2001_fort.24', 'abl_dql_ep33_step2002_fort.24', 'abl_dql_ep33_step2003_fort.24', 'abl_dql_ep33_step2004_fort.24', 'abl_dql_ep33_step2005_fort.24']
2026-05-12 16:31:12,865 - INFO - ustsuw OK â†?/home/marina/caseI/20run_caseI/final_run_confirm_time/abl_dql_ep33_step20_out_tab.lis (10 cycles, unit 24)
2026-05-12 16:31:12,866 - INFO - Ep33 Step20: HCNO: N=38.8%  H=8.4%  C=21.1%  O=31.7%
2026-05-12 16:31:12,866 - INFO - Ep33 Step20: Reward=28.08
2026-05-12 16:31:12,866 - INFO - Ep 33 Step 20: Action=12 (DecGap), Layers=[7.5, 6.0, 4.0, 5.0, 8.0, 3.0], Gap=1.5, Reward=28.08
2026-05-12 16:31:20,967 - INFO - Episode 33: Return=390.13, Best=36.79, Loss=82.4611
2026-05-12 16:31:56,701 - INFO - FLUKA OK: abl_dql_ep34_step1.inp (35.7s)
2026-05-12 16:31:56,720 - INFO - ustsuw OK â†?/home/marina/caseI/20run_caseI/final_run_confirm_time/abl_dql_ep34_step1_out_tab.lis (5 cycles, unit 24)
2026-05-12 16:31:56,721 - INFO - Ep34 Step1: HCNO: N=44.8%  H=7.7%  C=23.7%  O=23.8%
2026-05-12 16:31:56,721 - INFO - Ep34 Step1: Reward=25.54
2026-05-12 16:31:56,721 - INFO - Ep 34 Step 1: Action=13 (IncGap), Layers=[3.0, 6.5, 6.5, 5.0, 4.5, 7.0], Gap=6.0, Reward=25.54
2026-05-12 16:32:39,160 - INFO - FLUKA OK: abl_dql_ep34_step2.inp (34.8s)
2026-05-12 16:32:39,179 - INFO - ustsuw OK â†?/home/marina/caseI/20run_caseI/final_run_confirm_time/abl_dql_ep34_step2_out_tab.lis (5 cycles, unit 24)
2026-05-12 16:32:39,180 - INFO - Ep34 Step2: HCNO: N=36.8%  H=9.2%  C=20.9%  O=33.1%
2026-05-12 16:32:39,180 - INFO - Ep34 Step2: Reward=15.62
2026-05-12 16:32:39,180 - INFO - Ep 34 Step 2: Action=3 (DecL4), Layers=[3.0, 6.5, 6.5, 4.5, 4.5, 7.0], Gap=6.0, Reward=15.62
2026-05-12 16:33:22,806 - INFO - FLUKA OK: abl_dql_ep34_step3.inp (35.9s)
2026-05-12 16:33:22,824 - INFO - ustsuw OK â†?/home/marina/caseI/20run_caseI/final_run_confirm_time/abl_dql_ep34_step3_out_tab.lis (5 cycles, unit 24)
2026-05-12 16:33:22,825 - INFO - Ep34 Step3: HCNO: N=36.3%  H=10.0%  C=14.1%  O=39.6%
2026-05-12 16:33:22,825 - INFO - Ep34 Step3: Reward=16.21
2026-05-12 16:33:22,825 - INFO - Ep 34 Step 3: Action=4 (DecL5), Layers=[3.0, 6.5, 6.5, 4.5, 4.0, 7.0], Gap=6.0, Reward=16.21
2026-05-12 16:34:06,056 - INFO - FLUKA OK: abl_dql_ep34_step4.inp (34.5s)
2026-05-12 16:34:06,075 - INFO - ustsuw OK â†?/home/marina/caseI/20run_caseI/final_run_confirm_time/abl_dql_ep34_step4_out_tab.lis (5 cycles, unit 24)
2026-05-12 16:34:06,075 - INFO - Ep34 Step4: HCNO: N=42.7%  H=4.2%  C=31.4%  O=21.7%
2026-05-12 16:34:06,075 - INFO - Ep34 Step4: Reward=7.74
2026-05-12 16:34:06,075 - INFO - Ep 34 Step 4: Action=8 (IncL3), Layers=[3.0, 6.5, 7.0, 4.5, 4.0, 7.0], Gap=6.0, Reward=7.74
2026-05-12 16:34:49,329 - INFO - FLUKA OK: abl_dql_ep34_step5.inp (35.8s)
2026-05-12 16:34:49,351 - INFO - ustsuw OK â†?/home/marina/caseI/20run_caseI/final_run_confirm_time/abl_dql_ep34_step5_out_tab.lis (5 cycles, unit 24)
2026-05-12 16:34:49,352 - INFO - Ep34 Step5: HCNO: N=39.3%  H=11.8%  C=21.3%  O=27.7%
2026-05-12 16:34:49,352 - INFO - Ep34 Step5: Reward=23.28
2026-05-12 16:34:49,352 - INFO - Ep 34 Step 5: Action=1 (DecL2), Layers=[3.0, 6.0, 7.0, 4.5, 4.0, 7.0], Gap=6.0, Reward=23.28
2026-05-12 16:35:35,711 - INFO - FLUKA OK: abl_dql_ep34_step6.inp (36.8s)
2026-05-12 16:35:35,732 - INFO - ustsuw OK â†?/home/marina/caseI/20run_caseI/final_run_confirm_time/abl_dql_ep34_step6_out_tab.lis (5 cycles, unit 24)
2026-05-12 16:35:35,732 - INFO - Ep34 Step6: HCNO: N=40.0%  H=13.2%  C=20.8%  O=25.9%
2026-05-12 16:35:35,732 - INFO - Ep34 Step6: Reward=22.05
2026-05-12 16:35:35,732 - INFO - Ep 34 Step 6: Action=9 (IncL4), Layers=[3.0, 6.0, 7.0, 5.0, 4.0, 7.0], Gap=6.0, Reward=22.05
2026-05-12 16:36:19,610 - INFO - FLUKA OK: abl_dql_ep34_step7.inp (35.3s)
2026-05-12 16:36:19,630 - INFO - ustsuw OK â†?/home/marina/caseI/20run_caseI/final_run_confirm_time/abl_dql_ep34_step7_out_tab.lis (5 cycles, unit 24)
2026-05-12 16:36:19,631 - INFO - Ep34 Step7: HCNO: N=39.3%  H=11.8%  C=21.3%  O=27.7%
2026-05-12 16:36:19,631 - INFO - Ep34 Step7: Reward=23.28
2026-05-12 16:36:19,631 - INFO - Ep 34 Step 7: Action=3 (DecL4), Layers=[3.0, 6.0, 7.0, 4.5, 4.0, 7.0], Gap=6.0, Reward=23.28
2026-05-12 16:37:02,338 - INFO - FLUKA OK: abl_dql_ep34_step8.inp (34.0s)
2026-05-12 16:37:02,357 - INFO - ustsuw OK â†?/home/marina/caseI/20run_caseI/final_run_confirm_time/abl_dql_ep34_step8_out_tab.lis (5 cycles, unit 24)
2026-05-12 16:37:02,357 - INFO - Ep34 Step8: HCNO: N=29.4%  H=16.2%  C=29.8%  O=24.6%
2026-05-12 16:37:02,357 - INFO - Ep34 Step8: Reward=27.48
2026-05-12 16:37:02,358 - INFO - Ep 34 Step 8: Action=11 (IncL6), Layers=[3.0, 6.0, 7.0, 4.5, 4.0, 7.5], Gap=6.0, Reward=27.48
2026-05-12 16:37:46,244 - INFO - FLUKA OK: abl_dql_ep34_step9.inp (35.2s)
2026-05-12 16:37:46,264 - INFO - ustsuw OK â†?/home/marina/caseI/20run_caseI/final_run_confirm_time/abl_dql_ep34_step9_out_tab.lis (5 cycles, unit 24)
2026-05-12 16:37:46,265 - INFO - Ep34 Step9: HCNO: N=44.7%  H=5.8%  C=27.9%  O=21.6%
2026-05-12 16:37:46,265 - INFO - Ep34 Step9: Reward=16.16
2026-05-12 16:37:46,265 - INFO - Ep 34 Step 9: Action=7 (IncL2), Layers=[3.0, 6.5, 7.0, 4.5, 4.0, 7.5], Gap=6.0, Reward=16.16
2026-05-12 16:38:28,453 - INFO - FLUKA OK: abl_dql_ep34_step10.inp (34.3s)
2026-05-12 16:38:28,469 - WARNING - prefix 'abl_dql_ep34_step10' unit 24: expected 5 cycle files, found 10: ['abl_dql_ep34_step10001_fort.24', 'abl_dql_ep34_step10002_fort.24', 'abl_dql_ep34_step10003_fort.24', 'abl_dql_ep34_step10004_fort.24', 'abl_dql_ep34_step10005_fort.24', 'abl_dql_ep34_step1001_fort.24', 'abl_dql_ep34_step1002_fort.24', 'abl_dql_ep34_step1003_fort.24', 'abl_dql_ep34_step1004_fort.24', 'abl_dql_ep34_step1005_fort.24']
2026-05-12 16:38:28,472 - INFO - ustsuw OK â†?/home/marina/caseI/20run_caseI/final_run_confirm_time/abl_dql_ep34_step10_out_tab.lis (10 cycles, unit 24)
2026-05-12 16:38:28,472 - INFO - Ep34 Step10: HCNO: N=43.9%  H=6.1%  C=27.1%  O=22.9%
2026-05-12 16:38:28,472 - INFO - Ep34 Step10: Reward=25.05
2026-05-12 16:38:28,472 - INFO - Ep 34 Step 10: Action=5 (DecL6), Layers=[3.0, 6.5, 7.0, 4.5, 4.0, 7.0], Gap=6.0, Reward=25.05
2026-05-12 16:39:10,943 - INFO - FLUKA OK: abl_dql_ep34_step11.inp (34.9s)
2026-05-12 16:39:10,961 - INFO - ustsuw OK â†?/home/marina/caseI/20run_caseI/final_run_confirm_time/abl_dql_ep34_step11_out_tab.lis (5 cycles, unit 24)
2026-05-12 16:39:10,962 - INFO - Ep34 Step11: HCNO: N=44.7%  H=5.8%  C=27.9%  O=21.6%
2026-05-12 16:39:10,962 - INFO - Ep34 Step11: Reward=16.16
2026-05-12 16:39:10,962 - INFO - Ep 34 Step 11: Action=11 (IncL6), Layers=[3.0, 6.5, 7.0, 4.5, 4.0, 7.5], Gap=6.0, Reward=16.16
2026-05-12 16:39:53,287 - INFO - FLUKA OK: abl_dql_ep34_step12.inp (34.7s)
2026-05-12 16:39:53,305 - INFO - ustsuw OK â†?/home/marina/caseI/20run_caseI/final_run_confirm_time/abl_dql_ep34_step12_out_tab.lis (5 cycles, unit 24)
2026-05-12 16:39:53,306 - INFO - Ep34 Step12: HCNO: N=35.9%  H=7.0%  C=30.8%  O=26.2%
2026-05-12 16:39:53,306 - INFO - Ep34 Step12: Reward=17.10
2026-05-12 16:39:53,306 - INFO - Ep 34 Step 12: Action=9 (IncL4), Layers=[3.0, 6.5, 7.0, 5.0, 4.0, 7.5], Gap=6.0, Reward=17.10
2026-05-12 16:40:35,940 - INFO - FLUKA OK: abl_dql_ep34_step13.inp (34.9s)
2026-05-12 16:40:35,958 - INFO - ustsuw OK â†?/home/marina/caseI/20run_caseI/final_run_confirm_time/abl_dql_ep34_step13_out_tab.lis (5 cycles, unit 24)
2026-05-12 16:40:35,958 - INFO - Ep34 Step13: HCNO: N=38.1%  H=7.1%  C=23.0%  O=31.8%
2026-05-12 16:40:35,958 - INFO - Ep34 Step13: Reward=24.61
2026-05-12 16:40:35,958 - INFO - Ep 34 Step 13: Action=5 (DecL6), Layers=[3.0, 6.5, 7.0, 5.0, 4.0, 7.0], Gap=6.0, Reward=24.61
2026-05-12 16:41:17,921 - INFO - FLUKA OK: abl_dql_ep34_step14.inp (34.5s)
2026-05-12 16:41:17,940 - INFO - ustsuw OK â†?/home/marina/caseI/20run_caseI/final_run_confirm_time/abl_dql_ep34_step14_out_tab.lis (5 cycles, unit 24)
2026-05-12 16:41:17,941 - INFO - Ep34 Step14: HCNO: N=46.6%  H=9.5%  C=21.9%  O=22.0%
2026-05-12 16:41:17,941 - INFO - Ep34 Step14: Reward=13.72
2026-05-12 16:41:17,941 - INFO - Ep 34 Step 14: Action=7 (IncL2), Layers=[3.0, 7.0, 7.0, 5.0, 4.0, 7.0], Gap=6.0, Reward=13.72
2026-05-12 16:42:00,297 - INFO - FLUKA OK: abl_dql_ep34_step15.inp (34.4s)
2026-05-12 16:42:00,317 - INFO - ustsuw OK â†?/home/marina/caseI/20run_caseI/final_run_confirm_time/abl_dql_ep34_step15_out_tab.lis (5 cycles, unit 24)
2026-05-12 16:42:00,318 - INFO - Ep34 Step15: HCNO: N=34.2%  H=12.9%  C=17.3%  O=35.6%
2026-05-12 16:42:00,318 - INFO - Ep34 Step15: Reward=21.81
2026-05-12 16:42:00,318 - INFO - Ep 34 Step 15: Action=9 (IncL4), Layers=[3.0, 7.0, 7.0, 5.5, 4.0, 7.0], Gap=6.0, Reward=21.81
2026-05-12 16:42:42,256 - INFO - FLUKA OK: abl_dql_ep34_step16.inp (34.3s)
2026-05-12 16:42:42,276 - INFO - ustsuw OK â†?/home/marina/caseI/20run_caseI/final_run_confirm_time/abl_dql_ep34_step16_out_tab.lis (5 cycles, unit 24)
2026-05-12 16:42:42,277 - INFO - Ep34 Step16: HCNO: N=42.9%  H=12.6%  C=20.5%  O=24.0%
2026-05-12 16:42:42,277 - INFO - Ep34 Step16: Reward=11.52
2026-05-12 16:42:42,277 - INFO - Ep 34 Step 16: Action=11 (IncL6), Layers=[3.0, 7.0, 7.0, 5.5, 4.0, 7.5], Gap=6.0, Reward=11.52
2026-05-12 16:43:24,021 - INFO - FLUKA OK: abl_dql_ep34_step17.inp (33.9s)
2026-05-12 16:43:24,042 - INFO - ustsuw OK â†?/home/marina/caseI/20run_caseI/final_run_confirm_time/abl_dql_ep34_step17_out_tab.lis (5 cycles, unit 24)
2026-05-12 16:43:24,043 - INFO - Ep34 Step17: HCNO: N=32.2%  H=5.9%  C=32.7%  O=29.2%
2026-05-12 16:43:24,043 - INFO - Ep34 Step17: Reward=12.55
2026-05-12 16:43:24,043 - INFO - Ep 34 Step 17: Action=6 (IncL1), Layers=[3.5, 7.0, 7.0, 5.5, 4.0, 7.5], Gap=6.0, Reward=12.55
2026-05-12 16:44:06,111 - INFO - FLUKA OK: abl_dql_ep34_step18.inp (34.2s)
2026-05-12 16:44:06,133 - INFO - ustsuw OK â†?/home/marina/caseI/20run_caseI/final_run_confirm_time/abl_dql_ep34_step18_out_tab.lis (5 cycles, unit 24)
2026-05-12 16:44:06,133 - INFO - Ep34 Step18: HCNO: N=26.9%  H=10.0%  C=18.6%  O=44.5%
2026-05-12 16:44:06,133 - INFO - Ep34 Step18: Reward=14.20
2026-05-12 16:44:06,133 - INFO - Ep 34 Step 18: Action=1 (DecL2), Layers=[3.5, 6.5, 7.0, 5.5, 4.0, 7.5], Gap=6.0, Reward=14.20
2026-05-12 16:44:50,170 - INFO - FLUKA OK: abl_dql_ep34_step19.inp (35.9s)
2026-05-12 16:44:50,191 - INFO - ustsuw OK â†?/home/marina/caseI/20run_caseI/final_run_confirm_time/abl_dql_ep34_step19_out_tab.lis (5 cycles, unit 24)
2026-05-12 16:44:50,192 - INFO - Ep34 Step19: HCNO: N=31.5%  H=7.0%  C=16.8%  O=44.7%
2026-05-12 16:44:50,192 - INFO - Ep34 Step19: Reward=6.91
2026-05-12 16:44:50,192 - INFO - Ep 34 Step 19: Action=10 (IncL5), Layers=[3.5, 6.5, 7.0, 5.5, 4.5, 7.5], Gap=6.0, Reward=6.91
2026-05-12 16:45:33,649 - INFO - FLUKA OK: abl_dql_ep34_step20.inp (35.5s)
2026-05-12 16:45:33,667 - WARNING - prefix 'abl_dql_ep34_step20' unit 24: expected 5 cycle files, found 10: ['abl_dql_ep34_step20001_fort.24', 'abl_dql_ep34_step20002_fort.24', 'abl_dql_ep34_step20003_fort.24', 'abl_dql_ep34_step20004_fort.24', 'abl_dql_ep34_step20005_fort.24', 'abl_dql_ep34_step2001_fort.24', 'abl_dql_ep34_step2002_fort.24', 'abl_dql_ep34_step2003_fort.24', 'abl_dql_ep34_step2004_fort.24', 'abl_dql_ep34_step2005_fort.24']
2026-05-12 16:45:33,669 - INFO - ustsuw OK â†?/home/marina/caseI/20run_caseI/final_run_confirm_time/abl_dql_ep34_step20_out_tab.lis (10 cycles, unit 24)
2026-05-12 16:45:33,670 - INFO - Ep34 Step20: HCNO: N=38.1%  H=8.9%  C=21.2%  O=31.8%
2026-05-12 16:45:33,670 - INFO - Ep34 Step20: Reward=21.41
2026-05-12 16:45:33,670 - INFO - Ep 34 Step 20: Action=11 (IncL6), Layers=[3.5, 6.5, 7.0, 5.5, 4.5, 8.0], Gap=6.0, Reward=21.41
2026-05-12 16:45:41,724 - INFO - Episode 34: Return=362.38, Best=36.79, Loss=81.5982
2026-05-12 16:46:16,145 - INFO - FLUKA OK: abl_dql_ep35_step1.inp (34.4s)
2026-05-12 16:46:16,166 - INFO - ustsuw OK â†?/home/marina/caseI/20run_caseI/final_run_confirm_time/abl_dql_ep35_step1_out_tab.lis (5 cycles, unit 24)
2026-05-12 16:46:16,167 - INFO - Ep35 Step1: HCNO: N=34.3%  H=10.4%  C=21.5%  O=33.8%
2026-05-12 16:46:16,167 - INFO - Ep35 Step1: Reward=16.19
2026-05-12 16:46:16,167 - INFO - Ep 35 Step 1: Action=10 (IncL5), Layers=[5.0, 5.0, 6.5, 6.0, 5.5, 3.0], Gap=5.0, Reward=16.19
2026-05-12 16:46:58,134 - INFO - FLUKA OK: abl_dql_ep35_step2.inp (33.6s)
2026-05-12 16:46:58,155 - INFO - ustsuw OK â†?/home/marina/caseI/20run_caseI/final_run_confirm_time/abl_dql_ep35_step2_out_tab.lis (5 cycles, unit 24)
2026-05-12 16:46:58,155 - INFO - Ep35 Step2: HCNO: N=35.8%  H=12.2%  C=24.7%  O=27.3%
2026-05-12 16:46:58,155 - INFO - Ep35 Step2: Reward=16.43
2026-05-12 16:46:58,156 - INFO - Ep 35 Step 2: Action=0 (DecL1), Layers=[4.5, 5.0, 6.5, 6.0, 5.5, 3.0], Gap=5.0, Reward=16.43
2026-05-12 16:47:40,400 - INFO - FLUKA OK: abl_dql_ep35_step3.inp (34.5s)
2026-05-12 16:47:40,421 - INFO - ustsuw OK â†?/home/marina/caseI/20run_caseI/final_run_confirm_time/abl_dql_ep35_step3_out_tab.lis (5 cycles, unit 24)
2026-05-12 16:47:40,422 - INFO - Ep35 Step3: HCNO: N=37.4%  H=9.3%  C=30.0%  O=23.4%
2026-05-12 16:47:40,422 - INFO - Ep35 Step3: Reward=23.05
2026-05-12 16:47:40,422 - INFO - Ep 35 Step 3: Action=8 (IncL3), Layers=[4.5, 5.0, 7.0, 6.0, 5.5, 3.0], Gap=5.0, Reward=23.05
2026-05-12 16:48:22,257 - INFO - FLUKA OK: abl_dql_ep35_step4.inp (33.7s)
2026-05-12 16:48:22,275 - INFO - ustsuw OK â†?/home/marina/caseI/20run_caseI/final_run_confirm_time/abl_dql_ep35_step4_out_tab.lis (5 cycles, unit 24)
2026-05-12 16:48:22,276 - INFO - Ep35 Step4: HCNO: N=36.8%  H=8.3%  C=27.8%  O=27.1%
2026-05-12 16:48:22,276 - INFO - Ep35 Step4: Reward=15.93
2026-05-12 16:48:22,276 - INFO - Ep 35 Step 4: Action=6 (IncL1), Layers=[5.0, 5.0, 7.0, 6.0, 5.5, 3.0], Gap=5.0, Reward=15.93
2026-05-12 16:49:04,016 - INFO - FLUKA OK: abl_dql_ep35_step5.inp (34.4s)
2026-05-12 16:49:04,040 - INFO - ustsuw OK â†?/home/marina/caseI/20run_caseI/final_run_confirm_time/abl_dql_ep35_step5_out_tab.lis (5 cycles, unit 24)
2026-05-12 16:49:04,041 - INFO - Ep35 Step5: HCNO: N=32.3%  H=14.8%  C=26.4%  O=26.5%
2026-05-12 16:49:04,041 - INFO - Ep35 Step5: Reward=16.17
2026-05-12 16:49:04,041 - INFO - Ep 35 Step 5: Action=9 (IncL4), Layers=[5.0, 5.0, 7.0, 6.5, 5.5, 3.0], Gap=5.0, Reward=16.17
2026-05-12 16:49:45,951 - INFO - FLUKA OK: abl_dql_ep35_step6.inp (34.0s)
2026-05-12 16:49:45,972 - INFO - ustsuw OK â†?/home/marina/caseI/20run_caseI/final_run_confirm_time/abl_dql_ep35_step6_out_tab.lis (5 cycles, unit 24)
2026-05-12 16:49:45,972 - INFO - Ep35 Step6: HCNO: N=38.9%  H=9.1%  C=27.4%  O=24.6%
2026-05-12 16:49:45,972 - INFO - Ep35 Step6: Reward=21.62
2026-05-12 16:49:45,972 - INFO - Ep 35 Step 6: Action=9 (IncL4), Layers=[5.0, 5.0, 7.0, 7.0, 5.5, 3.0], Gap=5.0, Reward=21.62
2026-05-12 16:50:28,807 - INFO - FLUKA OK: abl_dql_ep35_step7.inp (34.5s)
2026-05-12 16:50:28,828 - INFO - ustsuw OK â†?/home/marina/caseI/20run_caseI/final_run_confirm_time/abl_dql_ep35_step7_out_tab.lis (5 cycles, unit 24)
2026-05-12 16:50:28,829 - INFO - Ep35 Step7: HCNO: N=29.1%  H=14.1%  C=28.8%  O=28.0%
2026-05-12 16:50:28,829 - INFO - Ep35 Step7: Reward=10.81
2026-05-12 16:50:28,829 - INFO - Ep 35 Step 7: Action=4 (DecL5), Layers=[5.0, 5.0, 7.0, 7.0, 5.0, 3.0], Gap=5.0, Reward=10.81
2026-05-12 16:51:10,800 - INFO - FLUKA OK: abl_dql_ep35_step8.inp (34.4s)
2026-05-12 16:51:10,821 - INFO - ustsuw OK â†?/home/marina/caseI/20run_caseI/final_run_confirm_time/abl_dql_ep35_step8_out_tab.lis (5 cycles, unit 24)
2026-05-12 16:51:10,822 - INFO - Ep35 Step8: HCNO: N=27.7%  H=13.9%  C=25.7%  O=32.8%
2026-05-12 16:51:10,822 - INFO - Ep35 Step8: Reward=16.13
2026-05-12 16:51:10,822 - INFO - Ep 35 Step 8: Action=4 (DecL5), Layers=[5.0, 5.0, 7.0, 7.0, 4.5, 3.0], Gap=5.0, Reward=16.13
2026-05-12 16:51:54,681 - INFO - FLUKA OK: abl_dql_ep35_step9.inp (34.7s)
2026-05-12 16:51:54,701 - INFO - ustsuw OK â†?/home/marina/caseI/20run_caseI/final_run_confirm_time/abl_dql_ep35_step9_out_tab.lis (5 cycles, unit 24)
2026-05-12 16:51:54,702 - INFO - Ep35 Step9: HCNO: N=34.5%  H=7.9%  C=22.2%  O=35.4%
2026-05-12 16:51:54,702 - INFO - Ep35 Step9: Reward=14.50
2026-05-12 16:51:54,702 - INFO - Ep 35 Step 9: Action=6 (IncL1), Layers=[5.5, 5.0, 7.0, 7.0, 4.5, 3.0], Gap=5.0, Reward=14.50
2026-05-12 16:52:38,126 - INFO - FLUKA OK: abl_dql_ep35_step10.inp (35.2s)
2026-05-12 16:52:38,145 - WARNING - prefix 'abl_dql_ep35_step10' unit 24: expected 5 cycle files, found 10: ['abl_dql_ep35_step10001_fort.24', 'abl_dql_ep35_step10002_fort.24', 'abl_dql_ep35_step10003_fort.24', 'abl_dql_ep35_step10004_fort.24', 'abl_dql_ep35_step10005_fort.24', 'abl_dql_ep35_step1001_fort.24', 'abl_dql_ep35_step1002_fort.24', 'abl_dql_ep35_step1003_fort.24', 'abl_dql_ep35_step1004_fort.24', 'abl_dql_ep35_step1005_fort.24']
2026-05-12 16:52:38,147 - INFO - ustsuw OK â†?/home/marina/caseI/20run_caseI/final_run_confirm_time/abl_dql_ep35_step10_out_tab.lis (10 cycles, unit 24)
2026-05-12 16:52:38,148 - INFO - Ep35 Step10: HCNO: N=28.6%  H=13.6%  C=26.4%  O=31.4%
2026-05-12 16:52:38,148 - INFO - Ep35 Step10: Reward=27.56
2026-05-12 16:52:38,148 - INFO - Ep 35 Step 10: Action=2 (DecL3), Layers=[5.5, 5.0, 6.5, 7.0, 4.5, 3.0], Gap=5.0, Reward=27.56
2026-05-12 16:53:22,439 - INFO - FLUKA OK: abl_dql_ep35_step11.inp (34.9s)
2026-05-12 16:53:22,458 - INFO - ustsuw OK â†?/home/marina/caseI/20run_caseI/final_run_confirm_time/abl_dql_ep35_step11_out_tab.lis (5 cycles, unit 24)
2026-05-12 16:53:22,458 - INFO - Ep35 Step11: HCNO: N=35.4%  H=18.0%  C=20.0%  O=26.7%
2026-05-12 16:53:22,458 - INFO - Ep35 Step11: Reward=13.95
2026-05-12 16:53:22,458 - INFO - Ep 35 Step 11: Action=4 (DecL5), Layers=[5.5, 5.0, 6.5, 7.0, 4.0, 3.0], Gap=5.0, Reward=13.95
2026-05-12 16:54:04,435 - INFO - FLUKA OK: abl_dql_ep35_step12.inp (34.1s)
2026-05-12 16:54:04,457 - INFO - ustsuw OK â†?/home/marina/caseI/20run_caseI/final_run_confirm_time/abl_dql_ep35_step12_out_tab.lis (5 cycles, unit 24)
2026-05-12 16:54:04,458 - INFO - Ep35 Step12: HCNO: N=34.0%  H=12.2%  C=23.5%  O=30.3%
2026-05-12 16:54:04,458 - INFO - Ep35 Step12: Reward=16.47
2026-05-12 16:54:04,458 - INFO - Ep 35 Step 12: Action=3 (DecL4), Layers=[5.5, 5.0, 6.5, 6.5, 4.0, 3.0], Gap=5.0, Reward=16.47
2026-05-12 16:54:47,037 - INFO - FLUKA OK: abl_dql_ep35_step13.inp (34.4s)
2026-05-12 16:54:47,058 - INFO - ustsuw OK â†?/home/marina/caseI/20run_caseI/final_run_confirm_time/abl_dql_ep35_step13_out_tab.lis (5 cycles, unit 24)
2026-05-12 16:54:47,058 - INFO - Ep35 Step13: HCNO: N=43.6%  H=8.3%  C=25.1%  O=23.0%
2026-05-12 16:54:47,058 - INFO - Ep35 Step13: Reward=17.14
2026-05-12 16:54:47,058 - INFO - Ep 35 Step 13: Action=2 (DecL3), Layers=[5.5, 5.0, 6.0, 6.5, 4.0, 3.0], Gap=5.0, Reward=17.14
2026-05-12 16:55:28,942 - INFO - FLUKA OK: abl_dql_ep35_step14.inp (33.6s)
2026-05-12 16:55:28,963 - INFO - ustsuw OK â†?/home/marina/caseI/20run_caseI/final_run_confirm_time/abl_dql_ep35_step14_out_tab.lis (5 cycles, unit 24)
2026-05-12 16:55:28,964 - INFO - Ep35 Step14: HCNO: N=32.1%  H=11.3%  C=22.0%  O=34.7%
2026-05-12 16:55:28,964 - INFO - Ep35 Step14: Reward=16.57
2026-05-12 16:55:28,964 - INFO - Ep 35 Step 14: Action=10 (IncL5), Layers=[5.5, 5.0, 6.0, 6.5, 4.5, 3.0], Gap=5.0, Reward=16.57
2026-05-12 16:56:11,123 - INFO - FLUKA OK: abl_dql_ep35_step15.inp (34.1s)
2026-05-12 16:56:11,142 - INFO - ustsuw OK â†?/home/marina/caseI/20run_caseI/final_run_confirm_time/abl_dql_ep35_step15_out_tab.lis (5 cycles, unit 24)
2026-05-12 16:56:11,142 - INFO - Ep35 Step15: HCNO: N=41.9%  H=9.8%  C=22.2%  O=26.0%
2026-05-12 16:56:11,143 - INFO - Ep35 Step15: Reward=16.84
2026-05-12 16:56:11,143 - INFO - Ep 35 Step 15: Action=5 (DecL6), Layers=[5.5, 5.0, 6.0, 6.5, 4.5, 2.5], Gap=5.0, Reward=16.84
2026-05-12 16:56:52,823 - INFO - FLUKA OK: abl_dql_ep35_step16.inp (33.9s)
2026-05-12 16:56:52,841 - INFO - ustsuw OK â†?/home/marina/caseI/20run_caseI/final_run_confirm_time/abl_dql_ep35_step16_out_tab.lis (5 cycles, unit 24)
2026-05-12 16:56:52,842 - INFO - Ep35 Step16: HCNO: N=37.7%  H=12.9%  C=24.6%  O=24.8%
2026-05-12 16:56:52,842 - INFO - Ep35 Step16: Reward=18.90
2026-05-12 16:56:52,842 - INFO - Ep 35 Step 16: Action=8 (IncL3), Layers=[5.5, 5.0, 6.5, 6.5, 4.5, 2.5], Gap=5.0, Reward=18.90
2026-05-12 16:57:36,484 - INFO - FLUKA OK: abl_dql_ep35_step17.inp (35.1s)
2026-05-12 16:57:36,503 - INFO - ustsuw OK â†?/home/marina/caseI/20run_caseI/final_run_confirm_time/abl_dql_ep35_step17_out_tab.lis (5 cycles, unit 24)
2026-05-12 16:57:36,504 - INFO - Ep35 Step17: HCNO: N=38.1%  H=10.7%  C=19.5%  O=31.7%
2026-05-12 16:57:36,504 - INFO - Ep35 Step17: Reward=10.66
2026-05-12 16:57:36,504 - INFO - Ep 35 Step 17: Action=10 (IncL5), Layers=[5.5, 5.0, 6.5, 6.5, 5.0, 2.5], Gap=5.0, Reward=10.66
2026-05-12 16:58:18,513 - INFO - FLUKA OK: abl_dql_ep35_step18.inp (34.2s)
2026-05-12 16:58:18,532 - INFO - ustsuw OK â†?/home/marina/caseI/20run_caseI/final_run_confirm_time/abl_dql_ep35_step18_out_tab.lis (5 cycles, unit 24)
2026-05-12 16:58:18,533 - INFO - Ep35 Step18: HCNO: N=22.0%  H=16.7%  C=33.1%  O=28.3%
2026-05-12 16:58:18,533 - INFO - Ep35 Step18: Reward=13.00
2026-05-12 16:58:18,533 - INFO - Ep 35 Step 18: Action=9 (IncL4), Layers=[5.5, 5.0, 6.5, 7.0, 5.0, 2.5], Gap=5.0, Reward=13.00
2026-05-12 16:58:59,964 - INFO - FLUKA OK: abl_dql_ep35_step19.inp (33.2s)
2026-05-12 16:58:59,983 - INFO - ustsuw OK â†?/home/marina/caseI/20run_caseI/final_run_confirm_time/abl_dql_ep35_step19_out_tab.lis (5 cycles, unit 24)
2026-05-12 16:58:59,984 - INFO - Ep35 Step19: HCNO: N=34.3%  H=7.1%  C=26.9%  O=31.6%
2026-05-12 16:58:59,984 - INFO - Ep35 Step19: Reward=15.27
2026-05-12 16:58:59,984 - INFO - Ep 35 Step 19: Action=6 (IncL1), Layers=[6.0, 5.0, 6.5, 7.0, 5.0, 2.5], Gap=5.0, Reward=15.27
2026-05-12 16:59:40,877 - INFO - FLUKA OK: abl_dql_ep35_step20.inp (33.4s)
2026-05-12 16:59:40,897 - WARNING - prefix 'abl_dql_ep35_step20' unit 24: expected 5 cycle files, found 10: ['abl_dql_ep35_step20001_fort.24', 'abl_dql_ep35_step20002_fort.24', 'abl_dql_ep35_step20003_fort.24', 'abl_dql_ep35_step20004_fort.24', 'abl_dql_ep35_step20005_fort.24', 'abl_dql_ep35_step2001_fort.24', 'abl_dql_ep35_step2002_fort.24', 'abl_dql_ep35_step2003_fort.24', 'abl_dql_ep35_step2004_fort.24', 'abl_dql_ep35_step2005_fort.24']
2026-05-12 16:59:40,899 - INFO - ustsuw OK â†?/home/marina/caseI/20run_caseI/final_run_confirm_time/abl_dql_ep35_step20_out_tab.lis (10 cycles, unit 24)
2026-05-12 16:59:40,900 - INFO - Ep35 Step20: HCNO: N=38.0%  H=10.9%  C=24.0%  O=27.1%
2026-05-12 16:59:40,900 - INFO - Ep35 Step20: Reward=28.84
2026-05-12 16:59:40,900 - INFO - Ep 35 Step 20: Action=6 (IncL1), Layers=[6.5, 5.0, 6.5, 7.0, 5.0, 2.5], Gap=5.0, Reward=28.84
2026-05-12 16:59:48,637 - INFO - Target network updated at episode 35
2026-05-12 16:59:48,637 - INFO - Episode 35: Return=346.02, Best=36.79, Loss=80.7420
2026-05-12 17:00:24,208 - INFO - FLUKA OK: abl_dql_ep36_step1.inp (35.5s)
2026-05-12 17:00:24,233 - INFO - ustsuw OK â†?/home/marina/caseI/20run_caseI/final_run_confirm_time/abl_dql_ep36_step1_out_tab.lis (5 cycles, unit 24)
2026-05-12 17:00:24,234 - INFO - Ep36 Step1: HCNO: N=33.2%  H=11.5%  C=23.7%  O=31.6%
2026-05-12 17:00:24,234 - INFO - Ep36 Step1: Reward=10.19
2026-05-12 17:00:24,234 - INFO - Ep 36 Step 1: Action=10 (IncL5), Layers=[4.5, 4.0, 7.0, 7.0, 2.5, 6.0], Gap=4.5, Reward=10.19
2026-05-12 17:01:14,864 - INFO - FLUKA OK: abl_dql_ep36_step2.inp (39.5s)
2026-05-12 17:01:14,891 - INFO - ustsuw OK â†?/home/marina/caseI/20run_caseI/final_run_confirm_time/abl_dql_ep36_step2_out_tab.lis (5 cycles, unit 24)
2026-05-12 17:01:14,892 - INFO - Ep36 Step2: HCNO: N=35.7%  H=3.9%  C=26.7%  O=33.7%
2026-05-12 17:01:14,892 - INFO - Ep36 Step2: Reward=11.43
2026-05-12 17:01:14,892 - INFO - Ep 36 Step 2: Action=9 (IncL4), Layers=[4.5, 4.0, 7.0, 7.5, 2.5, 6.0], Gap=4.5, Reward=11.43
2026-05-12 17:02:07,692 - INFO - FLUKA OK: abl_dql_ep36_step3.inp (41.0s)
2026-05-12 17:02:07,722 - INFO - ustsuw OK â†?/home/marina/caseI/20run_caseI/final_run_confirm_time/abl_dql_ep36_step3_out_tab.lis (5 cycles, unit 24)
2026-05-12 17:02:07,724 - INFO - Ep36 Step3: HCNO: N=43.7%  H=5.8%  C=19.1%  O=31.4%
2026-05-12 17:02:07,724 - INFO - Ep36 Step3: Reward=27.99
2026-05-12 17:02:07,724 - INFO - Ep 36 Step 3: Action=2 (DecL3), Layers=[4.5, 4.0, 6.5, 7.5, 2.5, 6.0], Gap=4.5, Reward=27.99
2026-05-12 17:02:56,652 - INFO - FLUKA OK: abl_dql_ep36_step4.inp (38.3s)
2026-05-12 17:02:56,678 - INFO - ustsuw OK â†?/home/marina/caseI/20run_caseI/final_run_confirm_time/abl_dql_ep36_step4_out_tab.lis (5 cycles, unit 24)
2026-05-12 17:02:56,679 - INFO - Ep36 Step4: HCNO: N=34.1%  H=16.4%  C=11.5%  O=38.1%
2026-05-12 17:02:56,679 - INFO - Ep36 Step4: Reward=28.32
2026-05-12 17:02:56,679 - INFO - Ep 36 Step 4: Action=2 (DecL3), Layers=[4.5, 4.0, 6.0, 7.5, 2.5, 6.0], Gap=4.5, Reward=28.32
2026-05-12 17:03:44,938 - INFO - FLUKA OK: abl_dql_ep36_step5.inp (38.1s)
2026-05-12 17:03:44,960 - INFO - ustsuw OK â†?/home/marina/caseI/20run_caseI/final_run_confirm_time/abl_dql_ep36_step5_out_tab.lis (5 cycles, unit 24)
2026-05-12 17:03:44,961 - INFO - Ep36 Step5: HCNO: N=33.6%  H=10.1%  C=24.4%  O=32.0%
2026-05-12 17:03:44,961 - INFO - Ep36 Step5: Reward=16.46
2026-05-12 17:03:44,961 - INFO - Ep 36 Step 5: Action=1 (DecL2), Layers=[4.5, 3.5, 6.0, 7.5, 2.5, 6.0], Gap=4.5, Reward=16.46
2026-05-12 17:04:32,598 - INFO - FLUKA OK: abl_dql_ep36_step6.inp (37.3s)
2026-05-12 17:04:32,623 - INFO - ustsuw OK â†?/home/marina/caseI/20run_caseI/final_run_confirm_time/abl_dql_ep36_step6_out_tab.lis (5 cycles, unit 24)
2026-05-12 17:04:32,625 - INFO - Ep36 Step6: HCNO: N=36.4%  H=10.1%  C=25.0%  O=28.4%
2026-05-12 17:04:32,626 - INFO - Ep36 Step6: Reward=13.58
2026-05-12 17:04:32,626 - INFO - Ep 36 Step 6: Action=3 (DecL4), Layers=[4.5, 3.5, 6.0, 7.0, 2.5, 6.0], Gap=4.5, Reward=13.58
2026-05-12 17:05:20,769 - INFO - FLUKA OK: abl_dql_ep36_step7.inp (38.3s)
2026-05-12 17:05:20,794 - INFO - ustsuw OK â†?/home/marina/caseI/20run_caseI/final_run_confirm_time/abl_dql_ep36_step7_out_tab.lis (5 cycles, unit 24)
2026-05-12 17:05:20,796 - INFO - Ep36 Step7: HCNO: N=31.8%  H=12.3%  C=28.1%  O=27.9%
2026-05-12 17:05:20,796 - INFO - Ep36 Step7: Reward=16.57
2026-05-12 17:05:20,796 - INFO - Ep 36 Step 7: Action=10 (IncL5), Layers=[4.5, 3.5, 6.0, 7.0, 3.0, 6.0], Gap=4.5, Reward=16.57
2026-05-12 17:06:10,334 - INFO - FLUKA OK: abl_dql_ep36_step8.inp (39.1s)
2026-05-12 17:06:10,356 - INFO - ustsuw OK â†?/home/marina/caseI/20run_caseI/final_run_confirm_time/abl_dql_ep36_step8_out_tab.lis (5 cycles, unit 24)
2026-05-12 17:06:10,357 - INFO - Ep36 Step8: HCNO: N=32.0%  H=13.6%  C=30.3%  O=24.0%
2026-05-12 17:06:10,357 - INFO - Ep36 Step8: Reward=16.27
2026-05-12 17:06:10,357 - INFO - Ep 36 Step 8: Action=10 (IncL5), Layers=[4.5, 3.5, 6.0, 7.0, 3.5, 6.0], Gap=4.5, Reward=16.27
2026-05-12 17:06:58,124 - INFO - FLUKA OK: abl_dql_ep36_step9.inp (38.3s)
2026-05-12 17:06:58,146 - INFO - ustsuw OK â†?/home/marina/caseI/20run_caseI/final_run_confirm_time/abl_dql_ep36_step9_out_tab.lis (5 cycles, unit 24)
2026-05-12 17:06:58,147 - INFO - Ep36 Step9: HCNO: N=31.8%  H=12.3%  C=28.1%  O=27.9%
2026-05-12 17:06:58,147 - INFO - Ep36 Step9: Reward=16.57
2026-05-12 17:06:58,147 - INFO - Ep 36 Step 9: Action=4 (DecL5), Layers=[4.5, 3.5, 6.0, 7.0, 3.0, 6.0], Gap=4.5, Reward=16.57
2026-05-12 17:07:45,357 - INFO - FLUKA OK: abl_dql_ep36_step10.inp (37.8s)
2026-05-12 17:07:45,379 - WARNING - prefix 'abl_dql_ep36_step10' unit 24: expected 5 cycle files, found 10: ['abl_dql_ep36_step10001_fort.24', 'abl_dql_ep36_step10002_fort.24', 'abl_dql_ep36_step10003_fort.24', 'abl_dql_ep36_step10004_fort.24', 'abl_dql_ep36_step10005_fort.24', 'abl_dql_ep36_step1001_fort.24', 'abl_dql_ep36_step1002_fort.24', 'abl_dql_ep36_step1003_fort.24', 'abl_dql_ep36_step1004_fort.24', 'abl_dql_ep36_step1005_fort.24']
2026-05-12 17:07:45,381 - INFO - ustsuw OK â†?/home/marina/caseI/20run_caseI/final_run_confirm_time/abl_dql_ep36_step10_out_tab.lis (10 cycles, unit 24)
2026-05-12 17:07:45,382 - INFO - Ep36 Step10: HCNO: N=33.3%  H=9.7%  C=22.2%  O=34.8%
2026-05-12 17:07:45,382 - INFO - Ep36 Step10: Reward=21.23
2026-05-12 17:07:45,382 - INFO - Ep 36 Step 10: Action=7 (IncL2), Layers=[4.5, 4.0, 6.0, 7.0, 3.0, 6.0], Gap=4.5, Reward=21.23
2026-05-12 17:08:31,850 - INFO - FLUKA OK: abl_dql_ep36_step11.inp (37.6s)
2026-05-12 17:08:31,871 - INFO - ustsuw OK â†?/home/marina/caseI/20run_caseI/final_run_confirm_time/abl_dql_ep36_step11_out_tab.lis (5 cycles, unit 24)
2026-05-12 17:08:31,872 - INFO - Ep36 Step11: HCNO: N=36.9%  H=10.0%  C=23.3%  O=29.8%
2026-05-12 17:08:31,872 - INFO - Ep36 Step11: Reward=22.65
2026-05-12 17:08:31,872 - INFO - Ep 36 Step 11: Action=0 (DecL1), Layers=[4.0, 4.0, 6.0, 7.0, 3.0, 6.0], Gap=4.5, Reward=22.65
2026-05-12 17:09:18,109 - INFO - FLUKA OK: abl_dql_ep36_step12.inp (37.1s)
2026-05-12 17:09:18,136 - INFO - ustsuw OK â†?/home/marina/caseI/20run_caseI/final_run_confirm_time/abl_dql_ep36_step12_out_tab.lis (5 cycles, unit 24)
2026-05-12 17:09:18,136 - INFO - Ep36 Step12: HCNO: N=40.1%  H=8.3%  C=18.4%  O=33.3%
2026-05-12 17:09:18,137 - INFO - Ep36 Step12: Reward=25.26
2026-05-12 17:09:18,137 - INFO - Ep 36 Step 12: Action=13 (IncGap), Layers=[4.0, 4.0, 6.0, 7.0, 3.0, 6.0], Gap=5.0, Reward=25.26
2026-05-12 17:10:06,752 - INFO - FLUKA OK: abl_dql_ep36_step13.inp (38.0s)
2026-05-12 17:10:06,775 - INFO - ustsuw OK â†?/home/marina/caseI/20run_caseI/final_run_confirm_time/abl_dql_ep36_step13_out_tab.lis (5 cycles, unit 24)
2026-05-12 17:10:06,775 - INFO - Ep36 Step13: HCNO: N=41.7%  H=8.1%  C=22.7%  O=27.4%
2026-05-12 17:10:06,775 - INFO - Ep36 Step13: Reward=25.35
2026-05-12 17:10:06,775 - INFO - Ep 36 Step 13: Action=10 (IncL5), Layers=[4.0, 4.0, 6.0, 7.0, 3.5, 6.0], Gap=5.0, Reward=25.35
2026-05-12 17:10:53,024 - INFO - FLUKA OK: abl_dql_ep36_step14.inp (36.0s)
2026-05-12 17:10:53,043 - INFO - ustsuw OK â†?/home/marina/caseI/20run_caseI/final_run_confirm_time/abl_dql_ep36_step14_out_tab.lis (5 cycles, unit 24)
2026-05-12 17:10:53,044 - INFO - Ep36 Step14: HCNO: N=39.1%  H=8.1%  C=23.1%  O=29.7%
2026-05-12 17:10:53,044 - INFO - Ep36 Step14: Reward=17.18
2026-05-12 17:10:53,044 - INFO - Ep 36 Step 14: Action=12 (DecGap), Layers=[4.0, 4.0, 6.0, 7.0, 3.5, 6.0], Gap=4.5, Reward=17.18
2026-05-12 17:11:36,185 - INFO - FLUKA OK: abl_dql_ep36_step15.inp (35.5s)
2026-05-12 17:11:36,208 - INFO - ustsuw OK â†?/home/marina/caseI/20run_caseI/final_run_confirm_time/abl_dql_ep36_step15_out_tab.lis (5 cycles, unit 24)
2026-05-12 17:11:36,209 - INFO - Ep36 Step15: HCNO: N=41.7%  H=8.1%  C=22.7%  O=27.4%
2026-05-12 17:11:36,209 - INFO - Ep36 Step15: Reward=25.35
2026-05-12 17:11:36,209 - INFO - Ep 36 Step 15: Action=13 (IncGap), Layers=[4.0, 4.0, 6.0, 7.0, 3.5, 6.0], Gap=5.0, Reward=25.35
2026-05-12 17:12:19,427 - INFO - FLUKA OK: abl_dql_ep36_step16.inp (35.3s)
2026-05-12 17:12:19,449 - INFO - ustsuw OK â†?/home/marina/caseI/20run_caseI/final_run_confirm_time/abl_dql_ep36_step16_out_tab.lis (5 cycles, unit 24)
2026-05-12 17:12:19,450 - INFO - Ep36 Step16: HCNO: N=35.0%  H=12.5%  C=18.1%  O=34.4%
2026-05-12 17:12:19,450 - INFO - Ep36 Step16: Reward=18.96
2026-05-12 17:12:19,450 - INFO - Ep 36 Step 16: Action=3 (DecL4), Layers=[4.0, 4.0, 6.0, 6.5, 3.5, 6.0], Gap=5.0, Reward=18.96
2026-05-12 17:13:02,541 - INFO - FLUKA OK: abl_dql_ep36_step17.inp (35.1s)
2026-05-12 17:13:02,560 - INFO - ustsuw OK â†?/home/marina/caseI/20run_caseI/final_run_confirm_time/abl_dql_ep36_step17_out_tab.lis (5 cycles, unit 24)
2026-05-12 17:13:02,561 - INFO - Ep36 Step17: HCNO: N=33.5%  H=14.2%  C=18.1%  O=34.2%
2026-05-12 17:13:02,561 - INFO - Ep36 Step17: Reward=32.91
2026-05-12 17:13:02,561 - INFO - Ep 36 Step 17: Action=1 (DecL2), Layers=[4.0, 3.5, 6.0, 6.5, 3.5, 6.0], Gap=5.0, Reward=32.91
2026-05-12 17:13:44,688 - INFO - FLUKA OK: abl_dql_ep36_step18.inp (34.7s)
2026-05-12 17:13:44,714 - INFO - ustsuw OK â†?/home/marina/caseI/20run_caseI/final_run_confirm_time/abl_dql_ep36_step18_out_tab.lis (5 cycles, unit 24)
2026-05-12 17:13:44,715 - INFO - Ep36 Step18: HCNO: N=35.0%  H=12.5%  C=18.1%  O=34.4%
2026-05-12 17:13:44,715 - INFO - Ep36 Step18: Reward=18.96
2026-05-12 17:13:44,715 - INFO - Ep 36 Step 18: Action=7 (IncL2), Layers=[4.0, 4.0, 6.0, 6.5, 3.5, 6.0], Gap=5.0, Reward=18.96
2026-05-12 17:14:29,540 - INFO - FLUKA OK: abl_dql_ep36_step19.inp (36.4s)
2026-05-12 17:14:29,559 - INFO - ustsuw OK â†?/home/marina/caseI/20run_caseI/final_run_confirm_time/abl_dql_ep36_step19_out_tab.lis (5 cycles, unit 24)
2026-05-12 17:14:29,559 - INFO - Ep36 Step19: HCNO: N=33.8%  H=9.5%  C=17.2%  O=39.5%
2026-05-12 17:14:29,559 - INFO - Ep36 Step19: Reward=22.23
2026-05-12 17:14:29,560 - INFO - Ep 36 Step 19: Action=4 (DecL5), Layers=[4.0, 4.0, 6.0, 6.5, 3.0, 6.0], Gap=5.0, Reward=22.23
2026-05-12 17:15:13,205 - INFO - FLUKA OK: abl_dql_ep36_step20.inp (35.4s)
2026-05-12 17:15:13,225 - WARNING - prefix 'abl_dql_ep36_step20' unit 24: expected 5 cycle files, found 10: ['abl_dql_ep36_step20001_fort.24', 'abl_dql_ep36_step20002_fort.24', 'abl_dql_ep36_step20003_fort.24', 'abl_dql_ep36_step20004_fort.24', 'abl_dql_ep36_step20005_fort.24', 'abl_dql_ep36_step2001_fort.24', 'abl_dql_ep36_step2002_fort.24', 'abl_dql_ep36_step2003_fort.24', 'abl_dql_ep36_step2004_fort.24', 'abl_dql_ep36_step2005_fort.24']
2026-05-12 17:15:13,227 - INFO - ustsuw OK â†?/home/marina/caseI/20run_caseI/final_run_confirm_time/abl_dql_ep36_step20_out_tab.lis (10 cycles, unit 24)
2026-05-12 17:15:13,228 - INFO - Ep36 Step20: HCNO: N=34.5%  H=9.4%  C=21.5%  O=34.6%
2026-05-12 17:15:13,228 - INFO - Ep36 Step20: Reward=22.47
2026-05-12 17:15:13,228 - INFO - Ep 36 Step 20: Action=2 (DecL3), Layers=[4.0, 4.0, 5.5, 6.5, 3.0, 6.0], Gap=5.0, Reward=22.47
2026-05-12 17:15:21,052 - INFO - Episode 36: Return=409.94, Best=36.79, Loss=80.1909
2026-05-12 17:15:54,664 - INFO - FLUKA OK: abl_dql_ep37_step1.inp (33.6s)
2026-05-12 17:15:54,683 - INFO - ustsuw OK â†?/home/marina/caseI/20run_caseI/final_run_confirm_time/abl_dql_ep37_step1_out_tab.lis (5 cycles, unit 24)
2026-05-12 17:15:54,683 - INFO - Ep37 Step1: HCNO: N=31.3%  H=3.4%  C=29.4%  O=35.9%
2026-05-12 17:15:54,683 - INFO - Ep37 Step1: Reward=13.32
2026-05-12 17:15:54,683 - INFO - Ep 37 Step 1: Action=7 (IncL2), Layers=[8.0, 4.0, 3.5, 2.5, 8.0, 3.0], Gap=9.0, Reward=13.32
2026-05-12 17:16:36,466 - INFO - FLUKA OK: abl_dql_ep37_step2.inp (33.9s)
2026-05-12 17:16:36,486 - INFO - ustsuw OK â†?/home/marina/caseI/20run_caseI/final_run_confirm_time/abl_dql_ep37_step2_out_tab.lis (5 cycles, unit 24)
2026-05-12 17:16:36,487 - INFO - Ep37 Step2: HCNO: N=30.4%  H=3.6%  C=27.6%  O=38.4%
2026-05-12 17:16:36,487 - INFO - Ep37 Step2: Reward=10.84
2026-05-12 17:16:36,487 - INFO - Ep 37 Step 2: Action=13 (IncGap), Layers=[8.0, 4.0, 3.5, 2.5, 8.0, 3.0], Gap=9.5, Reward=10.84
2026-05-12 17:17:19,020 - INFO - FLUKA OK: abl_dql_ep37_step3.inp (34.6s)
2026-05-12 17:17:19,045 - INFO - ustsuw OK â†?/home/marina/caseI/20run_caseI/final_run_confirm_time/abl_dql_ep37_step3_out_tab.lis (5 cycles, unit 24)
2026-05-12 17:17:19,046 - INFO - Ep37 Step3: HCNO: N=52.2%  H=5.8%  C=21.0%  O=21.0%
2026-05-12 17:17:19,046 - INFO - Ep37 Step3: Reward=24.73
2026-05-12 17:17:19,046 - INFO - Ep 37 Step 3: Action=7 (IncL2), Layers=[8.0, 4.5, 3.5, 2.5, 8.0, 3.0], Gap=9.5, Reward=24.73
2026-05-12 17:18:03,015 - INFO - FLUKA OK: abl_dql_ep37_step4.inp (35.0s)
2026-05-12 17:18:03,038 - INFO - ustsuw OK â†?/home/marina/caseI/20run_caseI/final_run_confirm_time/abl_dql_ep37_step4_out_tab.lis (5 cycles, unit 24)
2026-05-12 17:18:03,038 - INFO - Ep37 Step4: HCNO: N=32.9%  H=10.3%  C=17.1%  O=39.7%
2026-05-12 17:18:03,038 - INFO - Ep37 Step4: Reward=12.23
2026-05-12 17:18:03,038 - INFO - Ep 37 Step 4: Action=7 (IncL2), Layers=[8.0, 5.0, 3.5, 2.5, 8.0, 3.0], Gap=9.5, Reward=12.23
2026-05-12 17:18:49,447 - INFO - FLUKA OK: abl_dql_ep37_step5.inp (35.6s)
2026-05-12 17:18:49,468 - INFO - ustsuw OK â†?/home/marina/caseI/20run_caseI/final_run_confirm_time/abl_dql_ep37_step5_out_tab.lis (5 cycles, unit 24)
2026-05-12 17:18:49,468 - INFO - Ep37 Step5: HCNO: N=33.4%  H=5.3%  C=19.9%  O=41.4%
2026-05-12 17:18:49,468 - INFO - Ep37 Step5: Reward=10.16
2026-05-12 17:18:49,468 - INFO - Ep 37 Step 5: Action=3 (DecL4), Layers=[8.0, 5.0, 3.5, 2.0, 8.0, 3.0], Gap=9.5, Reward=10.16
2026-05-12 17:19:30,997 - INFO - FLUKA OK: abl_dql_ep37_step6.inp (33.6s)
2026-05-12 17:19:31,016 - INFO - ustsuw OK â†?/home/marina/caseI/20run_caseI/final_run_confirm_time/abl_dql_ep37_step6_out_tab.lis (5 cycles, unit 24)
2026-05-12 17:19:31,017 - INFO - Ep37 Step6: HCNO: N=39.3%  H=9.8%  C=21.3%  O=29.7%
2026-05-12 17:19:31,017 - INFO - Ep37 Step6: Reward=25.28
2026-05-12 17:19:31,017 - INFO - Ep 37 Step 6: Action=1 (DecL2), Layers=[8.0, 4.5, 3.5, 2.0, 8.0, 3.0], Gap=9.5, Reward=25.28
2026-05-12 17:20:12,249 - INFO - FLUKA OK: abl_dql_ep37_step7.inp (33.1s)
2026-05-12 17:20:12,273 - INFO - ustsuw OK â†?/home/marina/caseI/20run_caseI/final_run_confirm_time/abl_dql_ep37_step7_out_tab.lis (5 cycles, unit 24)
2026-05-12 17:20:12,273 - INFO - Ep37 Step7: HCNO: N=33.4%  H=5.3%  C=19.9%  O=41.4%
2026-05-12 17:20:12,273 - INFO - Ep37 Step7: Reward=10.16
2026-05-12 17:20:12,273 - INFO - Ep 37 Step 7: Action=7 (IncL2), Layers=[8.0, 5.0, 3.5, 2.0, 8.0, 3.0], Gap=9.5, Reward=10.16
2026-05-12 17:20:54,027 - INFO - FLUKA OK: abl_dql_ep37_step8.inp (33.8s)
2026-05-12 17:20:54,053 - INFO - ustsuw OK â†?/home/marina/caseI/20run_caseI/final_run_confirm_time/abl_dql_ep37_step8_out_tab.lis (5 cycles, unit 24)
2026-05-12 17:20:54,054 - INFO - Ep37 Step8: HCNO: N=35.2%  H=6.9%  C=19.1%  O=38.9%
2026-05-12 17:20:54,054 - INFO - Ep37 Step8: Reward=11.09
2026-05-12 17:20:54,055 - INFO - Ep 37 Step 8: Action=12 (DecGap), Layers=[8.0, 5.0, 3.5, 2.0, 8.0, 3.0], Gap=9.0, Reward=11.09
2026-05-12 17:21:42,155 - INFO - FLUKA OK: abl_dql_ep37_step9.inp (37.2s)
2026-05-12 17:21:42,180 - INFO - ustsuw OK â†?/home/marina/caseI/20run_caseI/final_run_confirm_time/abl_dql_ep37_step9_out_tab.lis (5 cycles, unit 24)
2026-05-12 17:21:42,181 - INFO - Ep37 Step9: HCNO: N=35.5%  H=10.3%  C=15.4%  O=38.7%
2026-05-12 17:21:42,181 - INFO - Ep37 Step9: Reward=14.52
2026-05-12 17:21:42,181 - INFO - Ep 37 Step 9: Action=9 (IncL4), Layers=[8.0, 5.0, 3.5, 2.5, 8.0, 3.0], Gap=9.0, Reward=14.52
2026-05-12 17:22:31,174 - INFO - FLUKA OK: abl_dql_ep37_step10.inp (39.0s)
2026-05-12 17:22:31,211 - WARNING - prefix 'abl_dql_ep37_step10' unit 24: expected 5 cycle files, found 10: ['abl_dql_ep37_step10001_fort.24', 'abl_dql_ep37_step10002_fort.24', 'abl_dql_ep37_step10003_fort.24', 'abl_dql_ep37_step10004_fort.24', 'abl_dql_ep37_step10005_fort.24', 'abl_dql_ep37_step1001_fort.24', 'abl_dql_ep37_step1002_fort.24', 'abl_dql_ep37_step1003_fort.24', 'abl_dql_ep37_step1004_fort.24', 'abl_dql_ep37_step1005_fort.24']
2026-05-12 17:22:31,250 - INFO - ustsuw OK â†?/home/marina/caseI/20run_caseI/final_run_confirm_time/abl_dql_ep37_step10_out_tab.lis (10 cycles, unit 24)
2026-05-12 17:22:31,251 - INFO - Ep37 Step10: HCNO: N=28.1%  H=5.2%  C=28.1%  O=38.5%
2026-05-12 17:22:31,251 - INFO - Ep37 Step10: Reward=21.24
2026-05-12 17:22:31,251 - INFO - Ep 37 Step 10: Action=5 (DecL6), Layers=[8.0, 5.0, 3.5, 2.5, 8.0, 2.5], Gap=9.0, Reward=21.24
2026-05-12 17:23:20,591 - INFO - FLUKA OK: abl_dql_ep37_step11.inp (38.0s)
2026-05-12 17:23:20,626 - INFO - ustsuw OK â†?/home/marina/caseI/20run_caseI/final_run_confirm_time/abl_dql_ep37_step11_out_tab.lis (5 cycles, unit 24)
2026-05-12 17:23:20,627 - INFO - Ep37 Step11: HCNO: N=24.9%  H=7.0%  C=26.9%  O=41.1%
2026-05-12 17:23:20,627 - INFO - Ep37 Step11: Reward=8.99
2026-05-12 17:23:20,627 - INFO - Ep 37 Step 11: Action=10 (IncL5), Layers=[8.0, 5.0, 3.5, 2.5, 8.0, 2.5], Gap=9.0, Reward=8.99
2026-05-12 17:24:02,979 - INFO - FLUKA OK: abl_dql_ep37_step12.inp (34.8s)
2026-05-12 17:24:02,999 - INFO - ustsuw OK â†?/home/marina/caseI/20run_caseI/final_run_confirm_time/abl_dql_ep37_step12_out_tab.lis (5 cycles, unit 24)
2026-05-12 17:24:03,000 - INFO - Ep37 Step12: HCNO: N=41.5%  H=10.1%  C=24.0%  O=24.4%
2026-05-12 17:24:03,000 - INFO - Ep37 Step12: Reward=18.44
2026-05-12 17:24:03,000 - INFO - Ep 37 Step 12: Action=1 (DecL2), Layers=[8.0, 4.5, 3.5, 2.5, 8.0, 2.5], Gap=9.0, Reward=18.44
2026-05-12 17:24:47,860 - INFO - FLUKA OK: abl_dql_ep37_step13.inp (36.6s)
2026-05-12 17:24:47,882 - INFO - ustsuw OK â†?/home/marina/caseI/20run_caseI/final_run_confirm_time/abl_dql_ep37_step13_out_tab.lis (5 cycles, unit 24)
2026-05-12 17:24:47,883 - INFO - Ep37 Step13: HCNO: N=40.7%  H=11.0%  C=25.3%  O=23.0%
2026-05-12 17:24:47,883 - INFO - Ep37 Step13: Reward=24.53
2026-05-12 17:24:47,883 - INFO - Ep 37 Step 13: Action=5 (DecL6), Layers=[8.0, 4.5, 3.5, 2.5, 8.0, 2.0], Gap=9.0, Reward=24.53
2026-05-12 17:25:30,221 - INFO - FLUKA OK: abl_dql_ep37_step14.inp (34.0s)
2026-05-12 17:25:30,244 - INFO - ustsuw OK â†?/home/marina/caseI/20run_caseI/final_run_confirm_time/abl_dql_ep37_step14_out_tab.lis (5 cycles, unit 24)
2026-05-12 17:25:30,245 - INFO - Ep37 Step14: HCNO: N=41.5%  H=10.1%  C=24.0%  O=24.4%
2026-05-12 17:25:30,245 - INFO - Ep37 Step14: Reward=18.44
2026-05-12 17:25:30,245 - INFO - Ep 37 Step 14: Action=11 (IncL6), Layers=[8.0, 4.5, 3.5, 2.5, 8.0, 2.5], Gap=9.0, Reward=18.44
2026-05-12 17:26:09,914 - INFO - FLUKA OK: abl_dql_ep37_step15.inp (32.6s)
2026-05-12 17:26:09,933 - INFO - ustsuw OK â†?/home/marina/caseI/20run_caseI/final_run_confirm_time/abl_dql_ep37_step15_out_tab.lis (5 cycles, unit 24)
2026-05-12 17:26:09,934 - INFO - Ep37 Step15: HCNO: N=41.9%  H=10.3%  C=20.5%  O=27.3%
2026-05-12 17:26:09,934 - INFO - Ep37 Step15: Reward=20.95
2026-05-12 17:26:09,934 - INFO - Ep 37 Step 15: Action=12 (DecGap), Layers=[8.0, 4.5, 3.5, 2.5, 8.0, 2.5], Gap=8.5, Reward=20.95
2026-05-12 17:26:53,419 - INFO - FLUKA OK: abl_dql_ep37_step16.inp (35.7s)
2026-05-12 17:26:53,444 - INFO - ustsuw OK â†?/home/marina/caseI/20run_caseI/final_run_confirm_time/abl_dql_ep37_step16_out_tab.lis (5 cycles, unit 24)
2026-05-12 17:26:53,445 - INFO - Ep37 Step16: HCNO: N=38.0%  H=11.8%  C=20.3%  O=29.9%
2026-05-12 17:26:53,446 - INFO - Ep37 Step16: Reward=17.84
2026-05-12 17:26:53,446 - INFO - Ep 37 Step 16: Action=4 (DecL5), Layers=[8.0, 4.5, 3.5, 2.5, 7.5, 2.5], Gap=8.5, Reward=17.84
2026-05-12 17:27:36,626 - INFO - FLUKA OK: abl_dql_ep37_step17.inp (35.3s)
2026-05-12 17:27:36,650 - INFO - ustsuw OK â†?/home/marina/caseI/20run_caseI/final_run_confirm_time/abl_dql_ep37_step17_out_tab.lis (5 cycles, unit 24)
2026-05-12 17:27:36,651 - INFO - Ep37 Step17: HCNO: N=42.0%  H=11.3%  C=22.3%  O=24.4%
2026-05-12 17:27:36,651 - INFO - Ep37 Step17: Reward=24.97
2026-05-12 17:27:36,651 - INFO - Ep 37 Step 17: Action=9 (IncL4), Layers=[8.0, 4.5, 3.5, 3.0, 7.5, 2.5], Gap=8.5, Reward=24.97
2026-05-12 17:28:22,329 - INFO - FLUKA OK: abl_dql_ep37_step18.inp (35.9s)
2026-05-12 17:28:22,353 - INFO - ustsuw OK â†?/home/marina/caseI/20run_caseI/final_run_confirm_time/abl_dql_ep37_step18_out_tab.lis (5 cycles, unit 24)
2026-05-12 17:28:22,354 - INFO - Ep37 Step18: HCNO: N=25.5%  H=14.7%  C=27.7%  O=32.1%
2026-05-12 17:28:22,354 - INFO - Ep37 Step18: Reward=15.23
2026-05-12 17:28:22,354 - INFO - Ep 37 Step 18: Action=7 (IncL2), Layers=[8.0, 5.0, 3.5, 3.0, 7.5, 2.5], Gap=8.5, Reward=15.23
2026-05-12 17:29:07,645 - INFO - FLUKA OK: abl_dql_ep37_step19.inp (36.9s)
2026-05-12 17:29:07,667 - INFO - ustsuw OK â†?/home/marina/caseI/20run_caseI/final_run_confirm_time/abl_dql_ep37_step19_out_tab.lis (5 cycles, unit 24)
2026-05-12 17:29:07,667 - INFO - Ep37 Step19: HCNO: N=24.8%  H=16.4%  C=25.8%  O=33.0%
2026-05-12 17:29:07,667 - INFO - Ep37 Step19: Reward=19.00
2026-05-12 17:29:07,667 - INFO - Ep 37 Step 19: Action=2 (DecL3), Layers=[8.0, 5.0, 3.0, 3.0, 7.5, 2.5], Gap=8.5, Reward=19.00
2026-05-12 17:29:48,536 - INFO - FLUKA OK: abl_dql_ep37_step20.inp (33.1s)
2026-05-12 17:29:48,555 - WARNING - prefix 'abl_dql_ep37_step20' unit 24: expected 5 cycle files, found 10: ['abl_dql_ep37_step20001_fort.24', 'abl_dql_ep37_step20002_fort.24', 'abl_dql_ep37_step20003_fort.24', 'abl_dql_ep37_step20004_fort.24', 'abl_dql_ep37_step20005_fort.24', 'abl_dql_ep37_step2001_fort.24', 'abl_dql_ep37_step2002_fort.24', 'abl_dql_ep37_step2003_fort.24', 'abl_dql_ep37_step2004_fort.24', 'abl_dql_ep37_step2005_fort.24']
2026-05-12 17:29:48,577 - INFO - ustsuw OK â†?/home/marina/caseI/20run_caseI/final_run_confirm_time/abl_dql_ep37_step20_out_tab.lis (10 cycles, unit 24)
2026-05-12 17:29:48,578 - INFO - Ep37 Step20: HCNO: N=28.4%  H=9.9%  C=27.6%  O=34.1%
2026-05-12 17:29:48,578 - INFO - Ep37 Step20: Reward=22.31
2026-05-12 17:29:48,578 - INFO - Ep 37 Step 20: Action=13 (IncGap), Layers=[8.0, 5.0, 3.0, 3.0, 7.5, 2.5], Gap=9.0, Reward=22.31
2026-05-12 17:29:56,173 - INFO - Episode 37: Return=344.27, Best=36.79, Loss=79.7255
2026-05-12 17:30:30,941 - INFO - FLUKA OK: abl_dql_ep38_step1.inp (34.8s)
2026-05-12 17:30:30,963 - INFO - ustsuw OK â†?/home/marina/caseI/20run_caseI/final_run_confirm_time/abl_dql_ep38_step1_out_tab.lis (5 cycles, unit 24)
2026-05-12 17:30:30,964 - INFO - Ep38 Step1: HCNO: N=33.7%  H=6.1%  C=24.5%  O=35.7%
2026-05-12 17:30:30,964 - INFO - Ep38 Step1: Reward=20.58
2026-05-12 17:30:30,964 - INFO - Ep 38 Step 1: Action=0 (DecL1), Layers=[5.5, 4.5, 4.0, 8.0, 5.0, 3.0], Gap=4.5, Reward=20.58
2026-05-12 17:31:14,066 - INFO - FLUKA OK: abl_dql_ep38_step2.inp (34.9s)
2026-05-12 17:31:14,086 - INFO - ustsuw OK â†?/home/marina/caseI/20run_caseI/final_run_confirm_time/abl_dql_ep38_step2_out_tab.lis (5 cycles, unit 24)
2026-05-12 17:31:14,087 - INFO - Ep38 Step2: HCNO: N=33.7%  H=6.1%  C=24.5%  O=35.7%
2026-05-12 17:31:14,087 - INFO - Ep38 Step2: Reward=20.58
2026-05-12 17:31:14,087 - INFO - Ep 38 Step 2: Action=9 (IncL4), Layers=[5.5, 4.5, 4.0, 8.0, 5.0, 3.0], Gap=4.5, Reward=20.58
2026-05-12 17:31:56,263 - INFO - FLUKA OK: abl_dql_ep38_step3.inp (34.4s)
2026-05-12 17:31:56,284 - INFO - ustsuw OK â†?/home/marina/caseI/20run_caseI/final_run_confirm_time/abl_dql_ep38_step3_out_tab.lis (5 cycles, unit 24)
2026-05-12 17:31:56,284 - INFO - Ep38 Step3: HCNO: N=30.9%  H=12.6%  C=25.3%  O=31.2%
2026-05-12 17:31:56,284 - INFO - Ep38 Step3: Reward=23.80
2026-05-12 17:31:56,284 - INFO - Ep 38 Step 3: Action=10 (IncL5), Layers=[5.5, 4.5, 4.0, 8.0, 5.5, 3.0], Gap=4.5, Reward=23.80
2026-05-12 17:32:37,747 - INFO - FLUKA OK: abl_dql_ep38_step4.inp (33.9s)
2026-05-12 17:32:37,770 - INFO - ustsuw OK â†?/home/marina/caseI/20run_caseI/final_run_confirm_time/abl_dql_ep38_step4_out_tab.lis (5 cycles, unit 24)
2026-05-12 17:32:37,770 - INFO - Ep38 Step4: HCNO: N=37.6%  H=8.1%  C=28.2%  O=26.1%
2026-05-12 17:32:37,770 - INFO - Ep38 Step4: Reward=19.47
2026-05-12 17:32:37,770 - INFO - Ep 38 Step 4: Action=6 (IncL1), Layers=[6.0, 4.5, 4.0, 8.0, 5.5, 3.0], Gap=4.5, Reward=19.47
2026-05-12 17:33:19,191 - INFO - FLUKA OK: abl_dql_ep38_step5.inp (33.8s)
2026-05-12 17:33:19,212 - INFO - ustsuw OK â†?/home/marina/caseI/20run_caseI/final_run_confirm_time/abl_dql_ep38_step5_out_tab.lis (5 cycles, unit 24)
2026-05-12 17:33:19,212 - INFO - Ep38 Step5: HCNO: N=39.9%  H=8.6%  C=23.5%  O=28.0%
2026-05-12 17:33:19,213 - INFO - Ep38 Step5: Reward=9.02
2026-05-12 17:33:19,213 - INFO - Ep 38 Step 5: Action=5 (DecL6), Layers=[6.0, 4.5, 4.0, 8.0, 5.5, 2.5], Gap=4.5, Reward=9.02
2026-05-12 17:34:00,574 - INFO - FLUKA OK: abl_dql_ep38_step6.inp (34.3s)
2026-05-12 17:34:00,596 - INFO - ustsuw OK â†?/home/marina/caseI/20run_caseI/final_run_confirm_time/abl_dql_ep38_step6_out_tab.lis (5 cycles, unit 24)
2026-05-12 17:34:00,596 - INFO - Ep38 Step6: HCNO: N=39.9%  H=8.0%  C=27.8%  O=24.3%
2026-05-12 17:34:00,596 - INFO - Ep38 Step6: Reward=19.00
2026-05-12 17:34:00,597 - INFO - Ep 38 Step 6: Action=10 (IncL5), Layers=[6.0, 4.5, 4.0, 8.0, 6.0, 2.5], Gap=4.5, Reward=19.00
2026-05-12 17:34:43,388 - INFO - FLUKA OK: abl_dql_ep38_step7.inp (35.0s)
2026-05-12 17:34:43,408 - INFO - ustsuw OK â†?/home/marina/caseI/20run_caseI/final_run_confirm_time/abl_dql_ep38_step7_out_tab.lis (5 cycles, unit 24)
2026-05-12 17:34:43,409 - INFO - Ep38 Step7: HCNO: N=39.9%  H=8.6%  C=23.5%  O=28.0%
2026-05-12 17:34:43,409 - INFO - Ep38 Step7: Reward=9.02
2026-05-12 17:34:43,409 - INFO - Ep 38 Step 7: Action=4 (DecL5), Layers=[6.0, 4.5, 4.0, 8.0, 5.5, 2.5], Gap=4.5, Reward=9.02
2026-05-12 17:35:26,320 - INFO - FLUKA OK: abl_dql_ep38_step8.inp (34.6s)
2026-05-12 17:35:26,341 - INFO - ustsuw OK â†?/home/marina/caseI/20run_caseI/final_run_confirm_time/abl_dql_ep38_step8_out_tab.lis (5 cycles, unit 24)
2026-05-12 17:35:26,342 - INFO - Ep38 Step8: HCNO: N=39.4%  H=8.4%  C=22.9%  O=29.3%
2026-05-12 17:35:26,342 - INFO - Ep38 Step8: Reward=8.76
2026-05-12 17:35:26,342 - INFO - Ep 38 Step 8: Action=13 (IncGap), Layers=[6.0, 4.5, 4.0, 8.0, 5.5, 2.5], Gap=5.0, Reward=8.76
2026-05-12 17:36:08,722 - INFO - FLUKA OK: abl_dql_ep38_step9.inp (34.5s)
2026-05-12 17:36:08,744 - INFO - ustsuw OK â†?/home/marina/caseI/20run_caseI/final_run_confirm_time/abl_dql_ep38_step9_out_tab.lis (5 cycles, unit 24)
2026-05-12 17:36:08,745 - INFO - Ep38 Step9: HCNO: N=33.7%  H=10.2%  C=26.5%  O=29.6%
2026-05-12 17:36:08,745 - INFO - Ep38 Step9: Reward=9.44
2026-05-12 17:36:08,745 - INFO - Ep 38 Step 9: Action=7 (IncL2), Layers=[6.0, 5.0, 4.0, 8.0, 5.5, 2.5], Gap=5.0, Reward=9.44
2026-05-12 17:36:52,492 - INFO - FLUKA OK: abl_dql_ep38_step10.inp (35.1s)
2026-05-12 17:36:52,511 - WARNING - prefix 'abl_dql_ep38_step10' unit 24: expected 5 cycle files, found 10: ['abl_dql_ep38_step10001_fort.24', 'abl_dql_ep38_step10002_fort.24', 'abl_dql_ep38_step10003_fort.24', 'abl_dql_ep38_step10004_fort.24', 'abl_dql_ep38_step10005_fort.24', 'abl_dql_ep38_step1001_fort.24', 'abl_dql_ep38_step1002_fort.24', 'abl_dql_ep38_step1003_fort.24', 'abl_dql_ep38_step1004_fort.24', 'abl_dql_ep38_step1005_fort.24']
2026-05-12 17:36:52,513 - INFO - ustsuw OK â†?/home/marina/caseI/20run_caseI/final_run_confirm_time/abl_dql_ep38_step10_out_tab.lis (10 cycles, unit 24)
2026-05-12 17:36:52,514 - INFO - Ep38 Step10: HCNO: N=30.8%  H=9.5%  C=28.3%  O=31.4%
2026-05-12 17:36:52,514 - INFO - Ep38 Step10: Reward=24.73
2026-05-12 17:36:52,514 - INFO - Ep 38 Step 10: Action=6 (IncL1), Layers=[6.5, 5.0, 4.0, 8.0, 5.5, 2.5], Gap=5.0, Reward=24.73
2026-05-12 17:37:35,408 - INFO - FLUKA OK: abl_dql_ep38_step11.inp (34.7s)
2026-05-12 17:37:35,431 - INFO - ustsuw OK â†?/home/marina/caseI/20run_caseI/final_run_confirm_time/abl_dql_ep38_step11_out_tab.lis (5 cycles, unit 24)
2026-05-12 17:37:35,432 - INFO - Ep38 Step11: HCNO: N=30.1%  H=11.7%  C=28.9%  O=29.3%
2026-05-12 17:37:35,432 - INFO - Ep38 Step11: Reward=16.02
2026-05-12 17:37:35,432 - INFO - Ep 38 Step 11: Action=11 (IncL6), Layers=[6.5, 5.0, 4.0, 8.0, 5.5, 3.0], Gap=5.0, Reward=16.02
2026-05-12 17:38:16,978 - INFO - FLUKA OK: abl_dql_ep38_step12.inp (33.6s)
2026-05-12 17:38:17,001 - INFO - ustsuw OK â†?/home/marina/caseI/20run_caseI/final_run_confirm_time/abl_dql_ep38_step12_out_tab.lis (5 cycles, unit 24)
2026-05-12 17:38:17,001 - INFO - Ep38 Step12: HCNO: N=35.4%  H=15.3%  C=23.6%  O=25.7%
2026-05-12 17:38:17,001 - INFO - Ep38 Step12: Reward=11.00
2026-05-12 17:38:17,001 - INFO - Ep 38 Step 12: Action=2 (DecL3), Layers=[6.5, 5.0, 3.5, 8.0, 5.5, 3.0], Gap=5.0, Reward=11.00
2026-05-12 17:38:58,390 - INFO - FLUKA OK: abl_dql_ep38_step13.inp (33.8s)
2026-05-12 17:38:58,411 - INFO - ustsuw OK â†?/home/marina/caseI/20run_caseI/final_run_confirm_time/abl_dql_ep38_step13_out_tab.lis (5 cycles, unit 24)
2026-05-12 17:38:58,412 - INFO - Ep38 Step13: HCNO: N=37.2%  H=5.1%  C=27.8%  O=29.9%
2026-05-12 17:38:58,412 - INFO - Ep38 Step13: Reward=20.48
2026-05-12 17:38:58,412 - INFO - Ep 38 Step 13: Action=0 (DecL1), Layers=[6.0, 5.0, 3.5, 8.0, 5.5, 3.0], Gap=5.0, Reward=20.48
2026-05-12 17:39:39,223 - INFO - FLUKA OK: abl_dql_ep38_step14.inp (33.2s)
2026-05-12 17:39:39,243 - INFO - ustsuw OK â†?/home/marina/caseI/20run_caseI/final_run_confirm_time/abl_dql_ep38_step14_out_tab.lis (5 cycles, unit 24)
2026-05-12 17:39:39,243 - INFO - Ep38 Step14: HCNO: N=36.8%  H=10.2%  C=29.6%  O=23.3%
2026-05-12 17:39:39,243 - INFO - Ep38 Step14: Reward=17.31
2026-05-12 17:39:39,244 - INFO - Ep 38 Step 14: Action=8 (IncL3), Layers=[6.0, 5.0, 4.0, 8.0, 5.5, 3.0], Gap=5.0, Reward=17.31
2026-05-12 17:40:19,889 - INFO - FLUKA OK: abl_dql_ep38_step15.inp (33.2s)
2026-05-12 17:40:19,910 - INFO - ustsuw OK â†?/home/marina/caseI/20run_caseI/final_run_confirm_time/abl_dql_ep38_step15_out_tab.lis (5 cycles, unit 24)
2026-05-12 17:40:19,910 - INFO - Ep38 Step15: HCNO: N=33.8%  H=9.4%  C=31.5%  O=25.3%
2026-05-12 17:40:19,910 - INFO - Ep38 Step15: Reward=21.61
2026-05-12 17:40:19,911 - INFO - Ep 38 Step 15: Action=13 (IncGap), Layers=[6.0, 5.0, 4.0, 8.0, 5.5, 3.0], Gap=5.5, Reward=21.61
2026-05-12 17:41:00,371 - INFO - FLUKA OK: abl_dql_ep38_step16.inp (33.1s)
2026-05-12 17:41:00,391 - INFO - ustsuw OK â†?/home/marina/caseI/20run_caseI/final_run_confirm_time/abl_dql_ep38_step16_out_tab.lis (5 cycles, unit 24)
2026-05-12 17:41:00,392 - INFO - Ep38 Step16: HCNO: N=39.6%  H=8.4%  C=28.3%  O=23.7%
2026-05-12 17:41:00,392 - INFO - Ep38 Step16: Reward=19.19
2026-05-12 17:41:00,392 - INFO - Ep 38 Step 16: Action=13 (IncGap), Layers=[6.0, 5.0, 4.0, 8.0, 5.5, 3.0], Gap=6.0, Reward=19.19
2026-05-12 17:41:40,962 - INFO - FLUKA OK: abl_dql_ep38_step17.inp (33.3s)
2026-05-12 17:41:40,982 - INFO - ustsuw OK â†?/home/marina/caseI/20run_caseI/final_run_confirm_time/abl_dql_ep38_step17_out_tab.lis (5 cycles, unit 24)
2026-05-12 17:41:40,983 - INFO - Ep38 Step17: HCNO: N=39.6%  H=8.4%  C=28.3%  O=23.7%
2026-05-12 17:41:40,983 - INFO - Ep38 Step17: Reward=19.19
2026-05-12 17:41:40,983 - INFO - Ep 38 Step 17: Action=9 (IncL4), Layers=[6.0, 5.0, 4.0, 8.0, 5.5, 3.0], Gap=6.0, Reward=19.19
2026-05-12 17:42:21,851 - INFO - FLUKA OK: abl_dql_ep38_step18.inp (33.7s)
2026-05-12 17:42:21,871 - INFO - ustsuw OK â†?/home/marina/caseI/20run_caseI/final_run_confirm_time/abl_dql_ep38_step18_out_tab.lis (5 cycles, unit 24)
2026-05-12 17:42:21,871 - INFO - Ep38 Step18: HCNO: N=31.9%  H=15.1%  C=28.6%  O=24.3%
2026-05-12 17:42:21,872 - INFO - Ep38 Step18: Reward=22.30
2026-05-12 17:42:21,872 - INFO - Ep 38 Step 18: Action=8 (IncL3), Layers=[6.0, 5.0, 4.5, 8.0, 5.5, 3.0], Gap=6.0, Reward=22.30
2026-05-12 17:43:02,320 - INFO - FLUKA OK: abl_dql_ep38_step19.inp (33.4s)
2026-05-12 17:43:02,340 - INFO - ustsuw OK â†?/home/marina/caseI/20run_caseI/final_run_confirm_time/abl_dql_ep38_step19_out_tab.lis (5 cycles, unit 24)
2026-05-12 17:43:02,341 - INFO - Ep38 Step19: HCNO: N=27.6%  H=13.9%  C=30.8%  O=27.7%
2026-05-12 17:43:02,341 - INFO - Ep38 Step19: Reward=15.03
2026-05-12 17:43:02,341 - INFO - Ep 38 Step 19: Action=3 (DecL4), Layers=[6.0, 5.0, 4.5, 7.5, 5.5, 3.0], Gap=6.0, Reward=15.03
2026-05-12 17:43:44,075 - INFO - FLUKA OK: abl_dql_ep38_step20.inp (33.8s)
2026-05-12 17:43:44,094 - WARNING - prefix 'abl_dql_ep38_step20' unit 24: expected 5 cycle files, found 10: ['abl_dql_ep38_step20001_fort.24', 'abl_dql_ep38_step20002_fort.24', 'abl_dql_ep38_step20003_fort.24', 'abl_dql_ep38_step20004_fort.24', 'abl_dql_ep38_step20005_fort.24', 'abl_dql_ep38_step2001_fort.24', 'abl_dql_ep38_step2002_fort.24', 'abl_dql_ep38_step2003_fort.24', 'abl_dql_ep38_step2004_fort.24', 'abl_dql_ep38_step2005_fort.24']
2026-05-12 17:43:44,096 - INFO - ustsuw OK â†?/home/marina/caseI/20run_caseI/final_run_confirm_time/abl_dql_ep38_step20_out_tab.lis (10 cycles, unit 24)
2026-05-12 17:43:44,097 - INFO - Ep38 Step20: HCNO: N=35.6%  H=7.8%  C=27.8%  O=28.9%
2026-05-12 17:43:44,097 - INFO - Ep38 Step20: Reward=25.94
2026-05-12 17:43:44,097 - INFO - Ep 38 Step 20: Action=7 (IncL2), Layers=[6.0, 5.5, 4.5, 7.5, 5.5, 3.0], Gap=6.0, Reward=25.94
2026-05-12 17:43:51,635 - INFO - Episode 38: Return=352.49, Best=36.79, Loss=79.1640
2026-05-12 17:44:25,507 - INFO - FLUKA OK: abl_dql_ep39_step1.inp (33.9s)
2026-05-12 17:44:25,529 - INFO - ustsuw OK â†?/home/marina/caseI/20run_caseI/final_run_confirm_time/abl_dql_ep39_step1_out_tab.lis (5 cycles, unit 24)
2026-05-12 17:44:25,529 - INFO - Ep39 Step1: HCNO: N=49.5%  H=9.7%  C=16.3%  O=24.5%
2026-05-12 17:44:25,529 - INFO - Ep39 Step1: Reward=13.29
2026-05-12 17:44:25,530 - INFO - Ep 39 Step 1: Action=7 (IncL2), Layers=[6.0, 3.5, 6.0, 2.5, 4.0, 7.5], Gap=5.0, Reward=13.29
2026-05-12 17:45:06,895 - INFO - FLUKA OK: abl_dql_ep39_step2.inp (33.5s)
2026-05-12 17:45:06,918 - INFO - ustsuw OK â†?/home/marina/caseI/20run_caseI/final_run_confirm_time/abl_dql_ep39_step2_out_tab.lis (5 cycles, unit 24)
2026-05-12 17:45:06,919 - INFO - Ep39 Step2: HCNO: N=31.3%  H=14.3%  C=19.9%  O=34.4%
2026-05-12 17:45:06,919 - INFO - Ep39 Step2: Reward=19.86
2026-05-12 17:45:06,919 - INFO - Ep 39 Step 2: Action=4 (DecL5), Layers=[6.0, 3.5, 6.0, 2.5, 3.5, 7.5], Gap=5.0, Reward=19.86
2026-05-12 17:45:51,009 - INFO - FLUKA OK: abl_dql_ep39_step3.inp (35.4s)
2026-05-12 17:45:51,030 - INFO - ustsuw OK â†?/home/marina/caseI/20run_caseI/final_run_confirm_time/abl_dql_ep39_step3_out_tab.lis (5 cycles, unit 24)
2026-05-12 17:45:51,031 - INFO - Ep39 Step3: HCNO: N=38.9%  H=7.0%  C=21.2%  O=32.9%
2026-05-12 17:45:51,031 - INFO - Ep39 Step3: Reward=22.89
2026-05-12 17:45:51,031 - INFO - Ep 39 Step 3: Action=2 (DecL3), Layers=[6.0, 3.5, 5.5, 2.5, 3.5, 7.5], Gap=5.0, Reward=22.89
2026-05-12 17:46:32,992 - INFO - FLUKA OK: abl_dql_ep39_step4.inp (33.9s)
2026-05-12 17:46:33,016 - INFO - ustsuw OK â†?/home/marina/caseI/20run_caseI/final_run_confirm_time/abl_dql_ep39_step4_out_tab.lis (5 cycles, unit 24)
2026-05-12 17:46:33,017 - INFO - Ep39 Step4: HCNO: N=42.8%  H=6.2%  C=16.2%  O=34.8%
2026-05-12 17:46:33,017 - INFO - Ep39 Step4: Reward=19.31
2026-05-12 17:46:33,017 - INFO - Ep 39 Step 4: Action=11 (IncL6), Layers=[6.0, 3.5, 5.5, 2.5, 3.5, 8.0], Gap=5.0, Reward=19.31
2026-05-12 17:47:14,262 - INFO - FLUKA OK: abl_dql_ep39_step5.inp (33.8s)
2026-05-12 17:47:14,283 - INFO - ustsuw OK â†?/home/marina/caseI/20run_caseI/final_run_confirm_time/abl_dql_ep39_step5_out_tab.lis (5 cycles, unit 24)
2026-05-12 17:47:14,283 - INFO - Ep39 Step5: HCNO: N=43.3%  H=13.1%  C=18.9%  O=24.6%
2026-05-12 17:47:14,283 - INFO - Ep39 Step5: Reward=29.85
2026-05-12 17:47:14,284 - INFO - Ep 39 Step 5: Action=0 (DecL1), Layers=[5.5, 3.5, 5.5, 2.5, 3.5, 8.0], Gap=5.0, Reward=29.85
2026-05-12 17:47:55,846 - INFO - FLUKA OK: abl_dql_ep39_step6.inp (33.8s)
2026-05-12 17:47:55,866 - INFO - ustsuw OK â†?/home/marina/caseI/20run_caseI/final_run_confirm_time/abl_dql_ep39_step6_out_tab.lis (5 cycles, unit 24)
2026-05-12 17:47:55,869 - INFO - Ep39 Step6: HCNO: N=53.7%  H=6.0%  C=16.3%  O=24.0%
2026-05-12 17:47:55,870 - INFO - Ep39 Step6: Reward=23.49
2026-05-12 17:47:55,870 - INFO - Ep 39 Step 6: Action=10 (IncL5), Layers=[5.5, 3.5, 5.5, 2.5, 4.0, 8.0], Gap=5.0, Reward=23.49
2026-05-12 17:48:36,573 - INFO - FLUKA OK: abl_dql_ep39_step7.inp (33.3s)
2026-05-12 17:48:36,595 - INFO - ustsuw OK â†?/home/marina/caseI/20run_caseI/final_run_confirm_time/abl_dql_ep39_step7_out_tab.lis (5 cycles, unit 24)
2026-05-12 17:48:36,596 - INFO - Ep39 Step7: HCNO: N=41.5%  H=11.7%  C=25.4%  O=21.5%
2026-05-12 17:48:36,596 - INFO - Ep39 Step7: Reward=22.05
2026-05-12 17:48:36,596 - INFO - Ep 39 Step 7: Action=7 (IncL2), Layers=[5.5, 4.0, 5.5, 2.5, 4.0, 8.0], Gap=5.0, Reward=22.05
2026-05-12 17:49:17,868 - INFO - FLUKA OK: abl_dql_ep39_step8.inp (33.8s)
2026-05-12 17:49:17,890 - INFO - ustsuw OK â†?/home/marina/caseI/20run_caseI/final_run_confirm_time/abl_dql_ep39_step8_out_tab.lis (5 cycles, unit 24)
2026-05-12 17:49:17,890 - INFO - Ep39 Step8: HCNO: N=41.5%  H=11.7%  C=25.4%  O=21.5%
2026-05-12 17:49:17,891 - INFO - Ep39 Step8: Reward=22.05
2026-05-12 17:49:17,891 - INFO - Ep 39 Step 8: Action=11 (IncL6), Layers=[5.5, 4.0, 5.5, 2.5, 4.0, 8.0], Gap=5.0, Reward=22.05
2026-05-12 17:49:58,503 - INFO - FLUKA OK: abl_dql_ep39_step9.inp (33.2s)
2026-05-12 17:49:58,524 - INFO - ustsuw OK â†?/home/marina/caseI/20run_caseI/final_run_confirm_time/abl_dql_ep39_step9_out_tab.lis (5 cycles, unit 24)
2026-05-12 17:49:58,525 - INFO - Ep39 Step9: HCNO: N=45.2%  H=4.4%  C=22.1%  O=28.2%
2026-05-12 17:49:58,525 - INFO - Ep39 Step9: Reward=19.85
2026-05-12 17:49:58,525 - INFO - Ep 39 Step 9: Action=2 (DecL3), Layers=[5.5, 4.0, 5.0, 2.5, 4.0, 8.0], Gap=5.0, Reward=19.85
2026-05-12 17:50:39,336 - INFO - FLUKA OK: abl_dql_ep39_step10.inp (33.5s)
2026-05-12 17:50:39,355 - WARNING - prefix 'abl_dql_ep39_step10' unit 24: expected 5 cycle files, found 10: ['abl_dql_ep39_step10001_fort.24', 'abl_dql_ep39_step10002_fort.24', 'abl_dql_ep39_step10003_fort.24', 'abl_dql_ep39_step10004_fort.24', 'abl_dql_ep39_step10005_fort.24', 'abl_dql_ep39_step1001_fort.24', 'abl_dql_ep39_step1002_fort.24', 'abl_dql_ep39_step1003_fort.24', 'abl_dql_ep39_step1004_fort.24', 'abl_dql_ep39_step1005_fort.24']
2026-05-12 17:50:39,357 - INFO - ustsuw OK â†?/home/marina/caseI/20run_caseI/final_run_confirm_time/abl_dql_ep39_step10_out_tab.lis (10 cycles, unit 24)
2026-05-12 17:50:39,358 - INFO - Ep39 Step10: HCNO: N=44.2%  H=8.6%  C=18.9%  O=28.2%
2026-05-12 17:50:39,358 - INFO - Ep39 Step10: Reward=24.69
2026-05-12 17:50:39,358 - INFO - Ep 39 Step 10: Action=6 (IncL1), Layers=[6.0, 4.0, 5.0, 2.5, 4.0, 8.0], Gap=5.0, Reward=24.69
2026-05-12 17:51:20,598 - INFO - FLUKA OK: abl_dql_ep39_step11.inp (33.6s)
2026-05-12 17:51:20,620 - INFO - ustsuw OK â†?/home/marina/caseI/20run_caseI/final_run_confirm_time/abl_dql_ep39_step11_out_tab.lis (5 cycles, unit 24)
2026-05-12 17:51:20,621 - INFO - Ep39 Step11: HCNO: N=47.7%  H=5.2%  C=27.0%  O=20.0%
2026-05-12 17:51:20,621 - INFO - Ep39 Step11: Reward=11.24
2026-05-12 17:51:20,621 - INFO - Ep 39 Step 11: Action=5 (DecL6), Layers=[6.0, 4.0, 5.0, 2.5, 4.0, 7.5], Gap=5.0, Reward=11.24
2026-05-12 17:52:02,244 - INFO - FLUKA OK: abl_dql_ep39_step12.inp (33.9s)
2026-05-12 17:52:02,265 - INFO - ustsuw OK â†?/home/marina/caseI/20run_caseI/final_run_confirm_time/abl_dql_ep39_step12_out_tab.lis (5 cycles, unit 24)
2026-05-12 17:52:02,265 - INFO - Ep39 Step12: HCNO: N=39.4%  H=6.4%  C=24.5%  O=29.8%
2026-05-12 17:52:02,265 - INFO - Ep39 Step12: Reward=22.96
2026-05-12 17:52:02,265 - INFO - Ep 39 Step 12: Action=7 (IncL2), Layers=[6.0, 4.5, 5.0, 2.5, 4.0, 7.5], Gap=5.0, Reward=22.96
2026-05-12 17:52:43,438 - INFO - FLUKA OK: abl_dql_ep39_step13.inp (33.4s)
2026-05-12 17:52:43,460 - INFO - ustsuw OK â†?/home/marina/caseI/20run_caseI/final_run_confirm_time/abl_dql_ep39_step13_out_tab.lis (5 cycles, unit 24)
2026-05-12 17:52:43,461 - INFO - Ep39 Step13: HCNO: N=41.0%  H=8.5%  C=20.4%  O=30.1%
2026-05-12 17:52:43,461 - INFO - Ep39 Step13: Reward=17.09
2026-05-12 17:52:43,461 - INFO - Ep 39 Step 13: Action=11 (IncL6), Layers=[6.0, 4.5, 5.0, 2.5, 4.0, 8.0], Gap=5.0, Reward=17.09
2026-05-12 17:53:24,637 - INFO - FLUKA OK: abl_dql_ep39_step14.inp (33.2s)
2026-05-12 17:53:24,658 - INFO - ustsuw OK â†?/home/marina/caseI/20run_caseI/final_run_confirm_time/abl_dql_ep39_step14_out_tab.lis (5 cycles, unit 24)
2026-05-12 17:53:24,659 - INFO - Ep39 Step14: HCNO: N=40.5%  H=8.5%  C=16.4%  O=34.6%
2026-05-12 17:53:24,659 - INFO - Ep39 Step14: Reward=18.38
2026-05-12 17:53:24,659 - INFO - Ep 39 Step 14: Action=0 (DecL1), Layers=[5.5, 4.5, 5.0, 2.5, 4.0, 8.0], Gap=5.0, Reward=18.38
2026-05-12 17:54:06,008 - INFO - FLUKA OK: abl_dql_ep39_step15.inp (33.9s)
2026-05-12 17:54:06,030 - INFO - ustsuw OK â†?/home/marina/caseI/20run_caseI/final_run_confirm_time/abl_dql_ep39_step15_out_tab.lis (5 cycles, unit 24)
2026-05-12 17:54:06,031 - INFO - Ep39 Step15: HCNO: N=45.2%  H=4.4%  C=22.1%  O=28.2%
2026-05-12 17:54:06,031 - INFO - Ep39 Step15: Reward=19.85
2026-05-12 17:54:06,031 - INFO - Ep 39 Step 15: Action=1 (DecL2), Layers=[5.5, 4.0, 5.0, 2.5, 4.0, 8.0], Gap=5.0, Reward=19.85
2026-05-12 17:54:48,274 - INFO - FLUKA OK: abl_dql_ep39_step16.inp (34.7s)
2026-05-12 17:54:48,299 - INFO - ustsuw OK â†?/home/marina/caseI/20run_caseI/final_run_confirm_time/abl_dql_ep39_step16_out_tab.lis (5 cycles, unit 24)
2026-05-12 17:54:48,299 - INFO - Ep39 Step16: HCNO: N=39.7%  H=9.0%  C=24.2%  O=27.1%
2026-05-12 17:54:48,300 - INFO - Ep39 Step16: Reward=16.33
2026-05-12 17:54:48,300 - INFO - Ep 39 Step 16: Action=0 (DecL1), Layers=[5.0, 4.0, 5.0, 2.5, 4.0, 8.0], Gap=5.0, Reward=16.33
2026-05-12 17:55:35,157 - INFO - FLUKA OK: abl_dql_ep39_step17.inp (35.7s)
2026-05-12 17:55:35,182 - INFO - ustsuw OK â†?/home/marina/caseI/20run_caseI/final_run_confirm_time/abl_dql_ep39_step17_out_tab.lis (5 cycles, unit 24)
2026-05-12 17:55:35,183 - INFO - Ep39 Step17: HCNO: N=38.4%  H=5.2%  C=22.8%  O=33.5%
2026-05-12 17:55:35,183 - INFO - Ep39 Step17: Reward=21.94
2026-05-12 17:55:35,183 - INFO - Ep 39 Step 17: Action=1 (DecL2), Layers=[5.0, 3.5, 5.0, 2.5, 4.0, 8.0], Gap=5.0, Reward=21.94
2026-05-12 17:56:19,777 - INFO - FLUKA OK: abl_dql_ep39_step18.inp (35.5s)
2026-05-12 17:56:19,798 - INFO - ustsuw OK â†?/home/marina/caseI/20run_caseI/final_run_confirm_time/abl_dql_ep39_step18_out_tab.lis (5 cycles, unit 24)
2026-05-12 17:56:19,799 - INFO - Ep39 Step18: HCNO: N=48.4%  H=6.5%  C=17.1%  O=28.0%
2026-05-12 17:56:19,799 - INFO - Ep39 Step18: Reward=21.38
2026-05-12 17:56:19,799 - INFO - Ep 39 Step 18: Action=4 (DecL5), Layers=[5.0, 3.5, 5.0, 2.5, 3.5, 8.0], Gap=5.0, Reward=21.38
2026-05-12 17:57:00,860 - INFO - FLUKA OK: abl_dql_ep39_step19.inp (33.8s)
2026-05-12 17:57:00,880 - INFO - ustsuw OK â†?/home/marina/caseI/20run_caseI/final_run_confirm_time/abl_dql_ep39_step19_out_tab.lis (5 cycles, unit 24)
2026-05-12 17:57:00,880 - INFO - Ep39 Step19: HCNO: N=39.3%  H=10.9%  C=21.4%  O=28.3%
2026-05-12 17:57:00,880 - INFO - Ep39 Step19: Reward=22.30
2026-05-12 17:57:00,881 - INFO - Ep 39 Step 19: Action=5 (DecL6), Layers=[5.0, 3.5, 5.0, 2.5, 3.5, 7.5], Gap=5.0, Reward=22.30
2026-05-12 17:57:42,444 - INFO - FLUKA OK: abl_dql_ep39_step20.inp (34.2s)
2026-05-12 17:57:42,462 - WARNING - prefix 'abl_dql_ep39_step20' unit 24: expected 5 cycle files, found 10: ['abl_dql_ep39_step20001_fort.24', 'abl_dql_ep39_step20002_fort.24', 'abl_dql_ep39_step20003_fort.24', 'abl_dql_ep39_step20004_fort.24', 'abl_dql_ep39_step20005_fort.24', 'abl_dql_ep39_step2001_fort.24', 'abl_dql_ep39_step2002_fort.24', 'abl_dql_ep39_step2003_fort.24', 'abl_dql_ep39_step2004_fort.24', 'abl_dql_ep39_step2005_fort.24']
2026-05-12 17:57:42,464 - INFO - ustsuw OK â†?/home/marina/caseI/20run_caseI/final_run_confirm_time/abl_dql_ep39_step20_out_tab.lis (10 cycles, unit 24)
2026-05-12 17:57:42,465 - INFO - Ep39 Step20: HCNO: N=35.2%  H=13.6%  C=19.9%  O=31.3%
2026-05-12 17:57:42,465 - INFO - Ep39 Step20: Reward=31.89
2026-05-12 17:57:42,465 - INFO - Ep 39 Step 20: Action=12 (DecGap), Layers=[5.0, 3.5, 5.0, 2.5, 3.5, 7.5], Gap=4.5, Reward=31.89
2026-05-12 17:57:49,946 - INFO - Episode 39: Return=420.69, Best=36.79, Loss=78.5593
2026-05-12 17:58:27,850 - INFO - FLUKA OK: abl_dql_ep40_step1.inp (37.9s)
2026-05-12 17:58:27,873 - INFO - ustsuw OK â†?/home/marina/caseI/20run_caseI/final_run_confirm_time/abl_dql_ep40_step1_out_tab.lis (5 cycles, unit 24)
2026-05-12 17:58:27,874 - INFO - Ep40 Step1: HCNO: N=29.9%  H=11.2%  C=30.2%  O=28.7%
2026-05-12 17:58:27,874 - INFO - Ep40 Step1: Reward=17.37
2026-05-12 17:58:27,874 - INFO - Ep 40 Step 1: Action=7 (IncL2), Layers=[4.0, 3.5, 5.0, 6.5, 7.0, 3.0], Gap=5.0, Reward=17.37
2026-05-12 17:59:11,729 - INFO - FLUKA OK: abl_dql_ep40_step2.inp (35.8s)
2026-05-12 17:59:11,751 - INFO - ustsuw OK â†?/home/marina/caseI/20run_caseI/final_run_confirm_time/abl_dql_ep40_step2_out_tab.lis (5 cycles, unit 24)
2026-05-12 17:59:11,751 - INFO - Ep40 Step2: HCNO: N=28.3%  H=12.3%  C=34.0%  O=25.4%
2026-05-12 17:59:11,751 - INFO - Ep40 Step2: Reward=19.28
2026-05-12 17:59:11,752 - INFO - Ep 40 Step 2: Action=12 (DecGap), Layers=[4.0, 3.5, 5.0, 6.5, 7.0, 3.0], Gap=4.5, Reward=19.28
2026-05-12 17:59:56,118 - INFO - FLUKA OK: abl_dql_ep40_step3.inp (36.1s)
2026-05-12 17:59:56,141 - INFO - ustsuw OK â†?/home/marina/caseI/20run_caseI/final_run_confirm_time/abl_dql_ep40_step3_out_tab.lis (5 cycles, unit 24)
2026-05-12 17:59:56,141 - INFO - Ep40 Step3: HCNO: N=34.1%  H=10.9%  C=23.3%  O=31.7%
2026-05-12 17:59:56,142 - INFO - Ep40 Step3: Reward=29.38
2026-05-12 17:59:56,142 - INFO - Ep 40 Step 3: Action=1 (DecL2), Layers=[4.0, 3.0, 5.0, 6.5, 7.0, 3.0], Gap=4.5, Reward=29.38
2026-05-12 18:00:41,754 - INFO - FLUKA OK: abl_dql_ep40_step4.inp (37.9s)
2026-05-12 18:00:41,775 - INFO - ustsuw OK â†?/home/marina/caseI/20run_caseI/final_run_confirm_time/abl_dql_ep40_step4_out_tab.lis (5 cycles, unit 24)
2026-05-12 18:00:41,776 - INFO - Ep40 Step4: HCNO: N=45.0%  H=11.1%  C=11.3%  O=32.7%
2026-05-12 18:00:41,776 - INFO - Ep40 Step4: Reward=17.62
2026-05-12 18:00:41,776 - INFO - Ep 40 Step 4: Action=0 (DecL1), Layers=[3.5, 3.0, 5.0, 6.5, 7.0, 3.0], Gap=4.5, Reward=17.62
2026-05-12 18:01:29,817 - INFO - FLUKA OK: abl_dql_ep40_step5.inp (38.3s)
2026-05-12 18:01:29,843 - INFO - ustsuw OK â†?/home/marina/caseI/20run_caseI/final_run_confirm_time/abl_dql_ep40_step5_out_tab.lis (5 cycles, unit 24)
2026-05-12 18:01:29,843 - INFO - Ep40 Step5: HCNO: N=38.3%  H=16.3%  C=10.8%  O=34.5%
2026-05-12 18:01:29,843 - INFO - Ep40 Step5: Reward=23.95
2026-05-12 18:01:29,843 - INFO - Ep 40 Step 5: Action=10 (IncL5), Layers=[3.5, 3.0, 5.0, 6.5, 7.5, 3.0], Gap=4.5, Reward=23.95
2026-05-12 18:02:17,497 - INFO - FLUKA OK: abl_dql_ep40_step6.inp (38.2s)
2026-05-12 18:02:17,522 - INFO - ustsuw OK â†?/home/marina/caseI/20run_caseI/final_run_confirm_time/abl_dql_ep40_step6_out_tab.lis (5 cycles, unit 24)
2026-05-12 18:02:17,523 - INFO - Ep40 Step6: HCNO: N=40.8%  H=11.7%  C=22.4%  O=25.2%
2026-05-12 18:02:17,523 - INFO - Ep40 Step6: Reward=17.02
2026-05-12 18:02:17,523 - INFO - Ep 40 Step 6: Action=6 (IncL1), Layers=[4.0, 3.0, 5.0, 6.5, 7.5, 3.0], Gap=4.5, Reward=17.02
2026-05-12 18:03:02,354 - INFO - FLUKA OK: abl_dql_ep40_step7.inp (37.5s)
2026-05-12 18:03:02,377 - INFO - ustsuw OK â†?/home/marina/caseI/20run_caseI/final_run_confirm_time/abl_dql_ep40_step7_out_tab.lis (5 cycles, unit 24)
2026-05-12 18:03:02,378 - INFO - Ep40 Step7: HCNO: N=35.5%  H=11.1%  C=16.6%  O=36.8%
2026-05-12 18:03:02,378 - INFO - Ep40 Step7: Reward=25.88
2026-05-12 18:03:02,378 - INFO - Ep 40 Step 7: Action=3 (DecL4), Layers=[4.0, 3.0, 5.0, 6.0, 7.5, 3.0], Gap=4.5, Reward=25.88
2026-05-12 18:03:47,121 - INFO - FLUKA OK: abl_dql_ep40_step8.inp (36.1s)
2026-05-12 18:03:47,154 - INFO - ustsuw OK â†?/home/marina/caseI/20run_caseI/final_run_confirm_time/abl_dql_ep40_step8_out_tab.lis (5 cycles, unit 24)
2026-05-12 18:03:47,155 - INFO - Ep40 Step8: HCNO: N=36.5%  H=10.6%  C=19.3%  O=33.6%
2026-05-12 18:03:47,155 - INFO - Ep40 Step8: Reward=26.66
2026-05-12 18:03:47,155 - INFO - Ep 40 Step 8: Action=12 (DecGap), Layers=[4.0, 3.0, 5.0, 6.0, 7.5, 3.0], Gap=4.0, Reward=26.66
2026-05-12 18:04:32,872 - INFO - FLUKA OK: abl_dql_ep40_step9.inp (37.5s)
2026-05-12 18:04:32,895 - INFO - ustsuw OK â†?/home/marina/caseI/20run_caseI/final_run_confirm_time/abl_dql_ep40_step9_out_tab.lis (5 cycles, unit 24)
2026-05-12 18:04:32,895 - INFO - Ep40 Step9: HCNO: N=39.3%  H=9.3%  C=24.5%  O=27.0%
2026-05-12 18:04:32,895 - INFO - Ep40 Step9: Reward=20.41
2026-05-12 18:04:32,895 - INFO - Ep 40 Step 9: Action=9 (IncL4), Layers=[4.0, 3.0, 5.0, 6.5, 7.5, 3.0], Gap=4.0, Reward=20.41
2026-05-12 18:05:18,286 - INFO - FLUKA OK: abl_dql_ep40_step10.inp (37.0s)
2026-05-12 18:05:18,305 - WARNING - prefix 'abl_dql_ep40_step10' unit 24: expected 5 cycle files, found 10: ['abl_dql_ep40_step10001_fort.24', 'abl_dql_ep40_step10002_fort.24', 'abl_dql_ep40_step10003_fort.24', 'abl_dql_ep40_step10004_fort.24', 'abl_dql_ep40_step10005_fort.24', 'abl_dql_ep40_step1001_fort.24', 'abl_dql_ep40_step1002_fort.24', 'abl_dql_ep40_step1003_fort.24', 'abl_dql_ep40_step1004_fort.24', 'abl_dql_ep40_step1005_fort.24']
2026-05-12 18:05:18,307 - INFO - ustsuw OK â†?/home/marina/caseI/20run_caseI/final_run_confirm_time/abl_dql_ep40_step10_out_tab.lis (10 cycles, unit 24)
2026-05-12 18:05:18,308 - INFO - Ep40 Step10: HCNO: N=35.6%  H=11.4%  C=26.1%  O=26.8%
2026-05-12 18:05:18,308 - INFO - Ep40 Step10: Reward=26.35
2026-05-12 18:05:18,308 - INFO - Ep 40 Step 10: Action=13 (IncGap), Layers=[4.0, 3.0, 5.0, 6.5, 7.5, 3.0], Gap=4.5, Reward=26.35
2026-05-12 18:06:00,913 - INFO - FLUKA OK: abl_dql_ep40_step11.inp (34.8s)
2026-05-12 18:06:00,937 - INFO - ustsuw OK â†?/home/marina/caseI/20run_caseI/final_run_confirm_time/abl_dql_ep40_step11_out_tab.lis (5 cycles, unit 24)
2026-05-12 18:06:00,938 - INFO - Ep40 Step11: HCNO: N=32.9%  H=12.2%  C=32.9%  O=21.9%
2026-05-12 18:06:00,938 - INFO - Ep40 Step11: Reward=14.72
2026-05-12 18:06:00,939 - INFO - Ep 40 Step 11: Action=6 (IncL1), Layers=[4.5, 3.0, 5.0, 6.5, 7.5, 3.0], Gap=4.5, Reward=14.72
2026-05-12 18:06:45,948 - INFO - FLUKA OK: abl_dql_ep40_step12.inp (36.3s)
2026-05-12 18:06:45,970 - INFO - ustsuw OK â†?/home/marina/caseI/20run_caseI/final_run_confirm_time/abl_dql_ep40_step12_out_tab.lis (5 cycles, unit 24)
2026-05-12 18:06:45,971 - INFO - Ep40 Step12: HCNO: N=40.8%  H=11.7%  C=22.4%  O=25.2%
2026-05-12 18:06:45,971 - INFO - Ep40 Step12: Reward=17.02
2026-05-12 18:06:45,971 - INFO - Ep 40 Step 12: Action=0 (DecL1), Layers=[4.0, 3.0, 5.0, 6.5, 7.5, 3.0], Gap=4.5, Reward=17.02
2026-05-12 18:07:29,761 - INFO - FLUKA OK: abl_dql_ep40_step13.inp (36.1s)
2026-05-12 18:07:29,784 - INFO - ustsuw OK â†?/home/marina/caseI/20run_caseI/final_run_confirm_time/abl_dql_ep40_step13_out_tab.lis (5 cycles, unit 24)
2026-05-12 18:07:29,785 - INFO - Ep40 Step13: HCNO: N=35.5%  H=11.1%  C=16.6%  O=36.8%
2026-05-12 18:07:29,785 - INFO - Ep40 Step13: Reward=25.88
2026-05-12 18:07:29,785 - INFO - Ep 40 Step 13: Action=3 (DecL4), Layers=[4.0, 3.0, 5.0, 6.0, 7.5, 3.0], Gap=4.5, Reward=25.88
2026-05-12 18:08:15,377 - INFO - FLUKA OK: abl_dql_ep40_step14.inp (37.2s)
2026-05-12 18:08:15,402 - INFO - ustsuw OK â†?/home/marina/caseI/20run_caseI/final_run_confirm_time/abl_dql_ep40_step14_out_tab.lis (5 cycles, unit 24)
2026-05-12 18:08:15,403 - INFO - Ep40 Step14: HCNO: N=47.1%  H=11.1%  C=20.9%  O=20.8%
2026-05-12 18:08:15,403 - INFO - Ep40 Step14: Reward=11.55
2026-05-12 18:08:15,403 - INFO - Ep 40 Step 14: Action=2 (DecL3), Layers=[4.0, 3.0, 4.5, 6.0, 7.5, 3.0], Gap=4.5, Reward=11.55
2026-05-12 18:09:00,972 - INFO - FLUKA OK: abl_dql_ep40_step15.inp (36.3s)
2026-05-12 18:09:00,995 - INFO - ustsuw OK â†?/home/marina/caseI/20run_caseI/final_run_confirm_time/abl_dql_ep40_step15_out_tab.lis (5 cycles, unit 24)
2026-05-12 18:09:00,996 - INFO - Ep40 Step15: HCNO: N=41.0%  H=8.1%  C=23.4%  O=27.5%
2026-05-12 18:09:00,996 - INFO - Ep40 Step15: Reward=22.74
2026-05-12 18:09:00,996 - INFO - Ep 40 Step 15: Action=1 (DecL2), Layers=[4.0, 2.5, 4.5, 6.0, 7.5, 3.0], Gap=4.5, Reward=22.74
2026-05-12 18:09:45,240 - INFO - FLUKA OK: abl_dql_ep40_step16.inp (36.1s)
2026-05-12 18:09:45,261 - INFO - ustsuw OK â†?/home/marina/caseI/20run_caseI/final_run_confirm_time/abl_dql_ep40_step16_out_tab.lis (5 cycles, unit 24)
2026-05-12 18:09:45,262 - INFO - Ep40 Step16: HCNO: N=37.0%  H=10.2%  C=24.3%  O=28.5%
2026-05-12 18:09:45,262 - INFO - Ep40 Step16: Reward=18.90
2026-05-12 18:09:45,262 - INFO - Ep 40 Step 16: Action=13 (IncGap), Layers=[4.0, 2.5, 4.5, 6.0, 7.5, 3.0], Gap=5.0, Reward=18.90
2026-05-12 18:10:29,229 - INFO - FLUKA OK: abl_dql_ep40_step17.inp (36.2s)
2026-05-12 18:10:29,252 - INFO - ustsuw OK â†?/home/marina/caseI/20run_caseI/final_run_confirm_time/abl_dql_ep40_step17_out_tab.lis (5 cycles, unit 24)
2026-05-12 18:10:29,252 - INFO - Ep40 Step17: HCNO: N=42.1%  H=7.1%  C=18.9%  O=31.9%
2026-05-12 18:10:29,253 - INFO - Ep40 Step17: Reward=21.84
2026-05-12 18:10:29,253 - INFO - Ep 40 Step 17: Action=0 (DecL1), Layers=[3.5, 2.5, 4.5, 6.0, 7.5, 3.0], Gap=5.0, Reward=21.84
2026-05-12 18:11:14,868 - INFO - FLUKA OK: abl_dql_ep40_step18.inp (37.3s)
2026-05-12 18:11:14,891 - INFO - ustsuw OK â†?/home/marina/caseI/20run_caseI/final_run_confirm_time/abl_dql_ep40_step18_out_tab.lis (5 cycles, unit 24)
2026-05-12 18:11:14,892 - INFO - Ep40 Step18: HCNO: N=37.0%  H=10.2%  C=24.3%  O=28.5%
2026-05-12 18:11:14,892 - INFO - Ep40 Step18: Reward=18.90
2026-05-12 18:11:14,892 - INFO - Ep 40 Step 18: Action=6 (IncL1), Layers=[4.0, 2.5, 4.5, 6.0, 7.5, 3.0], Gap=5.0, Reward=18.90
2026-05-12 18:12:00,462 - INFO - FLUKA OK: abl_dql_ep40_step19.inp (36.5s)
2026-05-12 18:12:00,485 - INFO - ustsuw OK â†?/home/marina/caseI/20run_caseI/final_run_confirm_time/abl_dql_ep40_step19_out_tab.lis (5 cycles, unit 24)
2026-05-12 18:12:00,486 - INFO - Ep40 Step19: HCNO: N=42.1%  H=7.1%  C=18.9%  O=31.9%
2026-05-12 18:12:00,486 - INFO - Ep40 Step19: Reward=21.84
2026-05-12 18:12:00,486 - INFO - Ep 40 Step 19: Action=0 (DecL1), Layers=[3.5, 2.5, 4.5, 6.0, 7.5, 3.0], Gap=5.0, Reward=21.84
2026-05-12 18:12:46,612 - INFO - FLUKA OK: abl_dql_ep40_step20.inp (37.7s)
2026-05-12 18:12:46,633 - WARNING - prefix 'abl_dql_ep40_step20' unit 24: expected 5 cycle files, found 10: ['abl_dql_ep40_step20001_fort.24', 'abl_dql_ep40_step20002_fort.24', 'abl_dql_ep40_step20003_fort.24', 'abl_dql_ep40_step20004_fort.24', 'abl_dql_ep40_step20005_fort.24', 'abl_dql_ep40_step2001_fort.24', 'abl_dql_ep40_step2002_fort.24', 'abl_dql_ep40_step2003_fort.24', 'abl_dql_ep40_step2004_fort.24', 'abl_dql_ep40_step2005_fort.24']
2026-05-12 18:12:46,636 - INFO - ustsuw OK â†?/home/marina/caseI/20run_caseI/final_run_confirm_time/abl_dql_ep40_step20_out_tab.lis (10 cycles, unit 24)
2026-05-12 18:12:46,637 - INFO - Ep40 Step20: HCNO: N=32.6%  H=12.7%  C=27.8%  O=26.8%
2026-05-12 18:12:46,637 - INFO - Ep40 Step20: Reward=29.23
2026-05-12 18:12:46,637 - INFO - Ep 40 Step 20: Action=9 (IncL4), Layers=[3.5, 2.5, 4.5, 6.5, 7.5, 3.0], Gap=5.0, Reward=29.23
2026-05-12 18:12:54,722 - INFO - Target network updated at episode 40
2026-05-12 18:12:54,722 - INFO - Episode 40: Return=426.54, Best=36.79, Loss=77.8667
2026-05-12 18:13:28,141 - INFO - FLUKA OK: abl_dql_ep41_step1.inp (33.4s)
2026-05-12 18:13:28,163 - INFO - ustsuw OK â†?/home/marina/caseI/20run_caseI/final_run_confirm_time/abl_dql_ep41_step1_out_tab.lis (5 cycles, unit 24)
2026-05-12 18:13:28,164 - INFO - Ep41 Step1: HCNO: N=26.9%  H=2.6%  C=34.8%  O=35.7%
2026-05-12 18:13:28,164 - INFO - Ep41 Step1: Reward=14.09
2026-05-12 18:13:28,164 - INFO - Ep 41 Step 1: Action=12 (DecGap), Layers=[6.0, 7.5, 5.5, 3.0, 6.0, 3.0], Gap=8.0, Reward=14.09
2026-05-12 18:14:11,172 - INFO - FLUKA OK: abl_dql_ep41_step2.inp (35.0s)
2026-05-12 18:14:11,199 - INFO - ustsuw OK â†?/home/marina/caseI/20run_caseI/final_run_confirm_time/abl_dql_ep41_step2_out_tab.lis (5 cycles, unit 24)
2026-05-12 18:14:11,200 - INFO - Ep41 Step2: HCNO: N=34.4%  H=2.7%  C=31.7%  O=31.2%
2026-05-12 18:14:11,200 - INFO - Ep41 Step2: Reward=14.06
2026-05-12 18:14:11,200 - INFO - Ep 41 Step 2: Action=3 (DecL4), Layers=[6.0, 7.5, 5.5, 2.5, 6.0, 3.0], Gap=8.0, Reward=14.06
2026-05-12 18:14:55,475 - INFO - FLUKA OK: abl_dql_ep41_step3.inp (35.8s)
2026-05-12 18:14:55,497 - INFO - ustsuw OK â†?/home/marina/caseI/20run_caseI/final_run_confirm_time/abl_dql_ep41_step3_out_tab.lis (5 cycles, unit 24)
2026-05-12 18:14:55,498 - INFO - Ep41 Step3: HCNO: N=39.1%  H=2.4%  C=22.4%  O=36.0%
2026-05-12 18:14:55,498 - INFO - Ep41 Step3: Reward=11.61
2026-05-12 18:14:55,498 - INFO - Ep 41 Step 3: Action=11 (IncL6), Layers=[6.0, 7.5, 5.5, 2.5, 6.0, 3.5], Gap=8.0, Reward=11.61
2026-05-12 18:15:41,589 - INFO - FLUKA OK: abl_dql_ep41_step4.inp (36.7s)
2026-05-12 18:15:41,613 - INFO - ustsuw OK â†?/home/marina/caseI/20run_caseI/final_run_confirm_time/abl_dql_ep41_step4_out_tab.lis (5 cycles, unit 24)
2026-05-12 18:15:41,613 - INFO - Ep41 Step4: HCNO: N=34.2%  H=3.6%  C=38.9%  O=23.2%
2026-05-12 18:15:41,613 - INFO - Ep41 Step4: Reward=11.57
2026-05-12 18:15:41,613 - INFO - Ep 41 Step 4: Action=11 (IncL6), Layers=[6.0, 7.5, 5.5, 2.5, 6.0, 4.0], Gap=8.0, Reward=11.57
2026-05-12 18:16:25,619 - INFO - FLUKA OK: abl_dql_ep41_step5.inp (34.9s)
2026-05-12 18:16:25,644 - INFO - ustsuw OK â†?/home/marina/caseI/20run_caseI/final_run_confirm_time/abl_dql_ep41_step5_out_tab.lis (5 cycles, unit 24)
2026-05-12 18:16:25,645 - INFO - Ep41 Step5: HCNO: N=31.0%  H=2.4%  C=35.8%  O=30.8%
2026-05-12 18:16:25,645 - INFO - Ep41 Step5: Reward=12.53
2026-05-12 18:16:25,645 - INFO - Ep 41 Step 5: Action=11 (IncL6), Layers=[6.0, 7.5, 5.5, 2.5, 6.0, 4.5], Gap=8.0, Reward=12.53
2026-05-12 18:17:09,993 - INFO - FLUKA OK: abl_dql_ep41_step6.inp (34.6s)
2026-05-12 18:17:10,017 - INFO - ustsuw OK â†?/home/marina/caseI/20run_caseI/final_run_confirm_time/abl_dql_ep41_step6_out_tab.lis (5 cycles, unit 24)
2026-05-12 18:17:10,018 - INFO - Ep41 Step6: HCNO: N=30.5%  H=9.0%  C=35.4%  O=25.0%
2026-05-12 18:17:10,018 - INFO - Ep41 Step6: Reward=9.40
2026-05-12 18:17:10,018 - INFO - Ep 41 Step 6: Action=9 (IncL4), Layers=[6.0, 7.5, 5.5, 3.0, 6.0, 4.5], Gap=8.0, Reward=9.40
2026-05-12 18:17:53,813 - INFO - FLUKA OK: abl_dql_ep41_step7.inp (34.8s)
2026-05-12 18:17:53,837 - INFO - ustsuw OK â†?/home/marina/caseI/20run_caseI/final_run_confirm_time/abl_dql_ep41_step7_out_tab.lis (5 cycles, unit 24)
2026-05-12 18:17:53,838 - INFO - Ep41 Step7: HCNO: N=43.8%  H=7.9%  C=24.1%  O=24.2%
2026-05-12 18:17:53,838 - INFO - Ep41 Step7: Reward=19.09
2026-05-12 18:17:53,838 - INFO - Ep 41 Step 7: Action=7 (IncL2), Layers=[6.0, 8.0, 5.5, 3.0, 6.0, 4.5], Gap=8.0, Reward=19.09
2026-05-12 18:18:36,008 - INFO - FLUKA OK: abl_dql_ep41_step8.inp (34.1s)
2026-05-12 18:18:36,036 - INFO - ustsuw OK â†?/home/marina/caseI/20run_caseI/final_run_confirm_time/abl_dql_ep41_step8_out_tab.lis (5 cycles, unit 24)
2026-05-12 18:18:36,037 - INFO - Ep41 Step8: HCNO: N=36.0%  H=5.6%  C=29.1%  O=29.2%
2026-05-12 18:18:36,037 - INFO - Ep41 Step8: Reward=12.92
2026-05-12 18:18:36,037 - INFO - Ep 41 Step 8: Action=2 (DecL3), Layers=[6.0, 8.0, 5.0, 3.0, 6.0, 4.5], Gap=8.0, Reward=12.92
2026-05-12 18:19:21,633 - INFO - FLUKA OK: abl_dql_ep41_step9.inp (35.8s)
2026-05-12 18:19:21,656 - INFO - ustsuw OK â†?/home/marina/caseI/20run_caseI/final_run_confirm_time/abl_dql_ep41_step9_out_tab.lis (5 cycles, unit 24)
2026-05-12 18:19:21,656 - INFO - Ep41 Step9: HCNO: N=23.8%  H=5.9%  C=34.0%  O=36.2%
2026-05-12 18:19:21,656 - INFO - Ep41 Step9: Reward=20.60
2026-05-12 18:19:21,657 - INFO - Ep 41 Step 9: Action=1 (DecL2), Layers=[6.0, 7.5, 5.0, 3.0, 6.0, 4.5], Gap=8.0, Reward=20.60
2026-05-12 18:20:05,103 - INFO - FLUKA OK: abl_dql_ep41_step10.inp (34.6s)
2026-05-12 18:20:05,129 - WARNING - prefix 'abl_dql_ep41_step10' unit 24: expected 5 cycle files, found 10: ['abl_dql_ep41_step10001_fort.24', 'abl_dql_ep41_step10002_fort.24', 'abl_dql_ep41_step10003_fort.24', 'abl_dql_ep41_step10004_fort.24', 'abl_dql_ep41_step10005_fort.24', 'abl_dql_ep41_step1001_fort.24', 'abl_dql_ep41_step1002_fort.24', 'abl_dql_ep41_step1003_fort.24', 'abl_dql_ep41_step1004_fort.24', 'abl_dql_ep41_step1005_fort.24']
2026-05-12 18:20:05,132 - INFO - ustsuw OK â†?/home/marina/caseI/20run_caseI/final_run_confirm_time/abl_dql_ep41_step10_out_tab.lis (10 cycles, unit 24)
2026-05-12 18:20:05,134 - INFO - Ep41 Step10: HCNO: N=30.7%  H=3.9%  C=32.4%  O=33.0%
2026-05-12 18:20:05,134 - INFO - Ep41 Step10: Reward=24.34
2026-05-12 18:20:05,134 - INFO - Ep 41 Step 10: Action=7 (IncL2), Layers=[6.0, 8.0, 5.0, 3.0, 6.0, 4.5], Gap=8.0, Reward=24.34
2026-05-12 18:20:47,541 - INFO - FLUKA OK: abl_dql_ep41_step11.inp (34.5s)
2026-05-12 18:20:47,568 - INFO - ustsuw OK â†?/home/marina/caseI/20run_caseI/final_run_confirm_time/abl_dql_ep41_step11_out_tab.lis (5 cycles, unit 24)
2026-05-12 18:20:47,569 - INFO - Ep41 Step11: HCNO: N=36.0%  H=5.6%  C=29.1%  O=29.2%
2026-05-12 18:20:47,569 - INFO - Ep41 Step11: Reward=12.92
2026-05-12 18:20:47,569 - INFO - Ep 41 Step 11: Action=7 (IncL2), Layers=[6.0, 8.0, 5.0, 3.0, 6.0, 4.5], Gap=8.0, Reward=12.92
2026-05-12 18:21:29,620 - INFO - FLUKA OK: abl_dql_ep41_step12.inp (33.4s)
2026-05-12 18:21:29,641 - INFO - ustsuw OK â†?/home/marina/caseI/20run_caseI/final_run_confirm_time/abl_dql_ep41_step12_out_tab.lis (5 cycles, unit 24)
2026-05-12 18:21:29,642 - INFO - Ep41 Step12: HCNO: N=41.0%  H=5.4%  C=25.5%  O=28.1%
2026-05-12 18:21:29,642 - INFO - Ep41 Step12: Reward=15.37
2026-05-12 18:21:29,642 - INFO - Ep 41 Step 12: Action=5 (DecL6), Layers=[6.0, 8.0, 5.0, 3.0, 6.0, 4.0], Gap=8.0, Reward=15.37
2026-05-12 18:22:13,482 - INFO - FLUKA OK: abl_dql_ep41_step13.inp (35.1s)
2026-05-12 18:22:13,508 - INFO - ustsuw OK â†?/home/marina/caseI/20run_caseI/final_run_confirm_time/abl_dql_ep41_step13_out_tab.lis (5 cycles, unit 24)
2026-05-12 18:22:13,509 - INFO - Ep41 Step13: HCNO: N=33.4%  H=7.3%  C=25.6%  O=33.7%
2026-05-12 18:22:13,509 - INFO - Ep41 Step13: Reward=15.92
2026-05-12 18:22:13,509 - INFO - Ep 41 Step 13: Action=9 (IncL4), Layers=[6.0, 8.0, 5.0, 3.5, 6.0, 4.0], Gap=8.0, Reward=15.92
2026-05-12 18:22:55,308 - INFO - FLUKA OK: abl_dql_ep41_step14.inp (33.9s)
2026-05-12 18:22:55,332 - INFO - ustsuw OK â†?/home/marina/caseI/20run_caseI/final_run_confirm_time/abl_dql_ep41_step14_out_tab.lis (5 cycles, unit 24)
2026-05-12 18:22:55,333 - INFO - Ep41 Step14: HCNO: N=33.4%  H=7.3%  C=25.6%  O=33.7%
2026-05-12 18:22:55,333 - INFO - Ep41 Step14: Reward=15.92
2026-05-12 18:22:55,333 - INFO - Ep 41 Step 14: Action=7 (IncL2), Layers=[6.0, 8.0, 5.0, 3.5, 6.0, 4.0], Gap=8.0, Reward=15.92
2026-05-12 18:23:37,299 - INFO - FLUKA OK: abl_dql_ep41_step15.inp (34.3s)
2026-05-12 18:23:37,320 - INFO - ustsuw OK â†?/home/marina/caseI/20run_caseI/final_run_confirm_time/abl_dql_ep41_step15_out_tab.lis (5 cycles, unit 24)
2026-05-12 18:23:37,321 - INFO - Ep41 Step15: HCNO: N=34.9%  H=5.1%  C=30.8%  O=29.2%
2026-05-12 18:23:37,321 - INFO - Ep41 Step15: Reward=17.58
2026-05-12 18:23:37,321 - INFO - Ep 41 Step 15: Action=4 (DecL5), Layers=[6.0, 8.0, 5.0, 3.5, 5.5, 4.0], Gap=8.0, Reward=17.58
2026-05-12 18:24:19,655 - INFO - FLUKA OK: abl_dql_ep41_step16.inp (34.7s)
2026-05-12 18:24:19,680 - INFO - ustsuw OK â†?/home/marina/caseI/20run_caseI/final_run_confirm_time/abl_dql_ep41_step16_out_tab.lis (5 cycles, unit 24)
2026-05-12 18:24:19,681 - INFO - Ep41 Step16: HCNO: N=38.0%  H=14.2%  C=29.7%  O=18.1%
2026-05-12 18:24:19,681 - INFO - Ep41 Step16: Reward=18.48
2026-05-12 18:24:19,681 - INFO - Ep 41 Step 16: Action=2 (DecL3), Layers=[6.0, 8.0, 4.5, 3.5, 5.5, 4.0], Gap=8.0, Reward=18.48
2026-05-12 18:25:03,169 - INFO - FLUKA OK: abl_dql_ep41_step17.inp (34.2s)
2026-05-12 18:25:03,190 - INFO - ustsuw OK â†?/home/marina/caseI/20run_caseI/final_run_confirm_time/abl_dql_ep41_step17_out_tab.lis (5 cycles, unit 24)
2026-05-12 18:25:03,191 - INFO - Ep41 Step17: HCNO: N=36.9%  H=1.0%  C=32.7%  O=29.4%
2026-05-12 18:25:03,191 - INFO - Ep41 Step17: Reward=14.14
2026-05-12 18:25:03,191 - INFO - Ep 41 Step 17: Action=3 (DecL4), Layers=[6.0, 8.0, 4.5, 3.0, 5.5, 4.0], Gap=8.0, Reward=14.14
2026-05-12 18:25:43,363 - INFO - FLUKA OK: abl_dql_ep41_step18.inp (32.7s)
2026-05-12 18:25:43,385 - INFO - ustsuw OK â†?/home/marina/caseI/20run_caseI/final_run_confirm_time/abl_dql_ep41_step18_out_tab.lis (5 cycles, unit 24)
2026-05-12 18:25:43,386 - INFO - Ep41 Step18: HCNO: N=39.9%  H=1.4%  C=31.3%  O=27.4%
2026-05-12 18:25:43,386 - INFO - Ep41 Step18: Reward=14.01
2026-05-12 18:25:43,386 - INFO - Ep 41 Step 18: Action=12 (DecGap), Layers=[6.0, 8.0, 4.5, 3.0, 5.5, 4.0], Gap=7.5, Reward=14.01
2026-05-12 18:26:25,329 - INFO - FLUKA OK: abl_dql_ep41_step19.inp (34.0s)
2026-05-12 18:26:25,355 - INFO - ustsuw OK â†?/home/marina/caseI/20run_caseI/final_run_confirm_time/abl_dql_ep41_step19_out_tab.lis (5 cycles, unit 24)
2026-05-12 18:26:25,356 - INFO - Ep41 Step19: HCNO: N=30.1%  H=14.5%  C=31.2%  O=24.2%
2026-05-12 18:26:25,356 - INFO - Ep41 Step19: Reward=15.45
2026-05-12 18:26:25,356 - INFO - Ep 41 Step 19: Action=2 (DecL3), Layers=[6.0, 8.0, 4.0, 3.0, 5.5, 4.0], Gap=7.5, Reward=15.45
2026-05-12 18:27:08,815 - INFO - FLUKA OK: abl_dql_ep41_step20.inp (34.5s)
2026-05-12 18:27:08,839 - WARNING - prefix 'abl_dql_ep41_step20' unit 24: expected 5 cycle files, found 10: ['abl_dql_ep41_step20001_fort.24', 'abl_dql_ep41_step20002_fort.24', 'abl_dql_ep41_step20003_fort.24', 'abl_dql_ep41_step20004_fort.24', 'abl_dql_ep41_step20005_fort.24', 'abl_dql_ep41_step2001_fort.24', 'abl_dql_ep41_step2002_fort.24', 'abl_dql_ep41_step2003_fort.24', 'abl_dql_ep41_step2004_fort.24', 'abl_dql_ep41_step2005_fort.24']
2026-05-12 18:27:08,841 - INFO - ustsuw OK â†?/home/marina/caseI/20run_caseI/final_run_confirm_time/abl_dql_ep41_step20_out_tab.lis (10 cycles, unit 24)
2026-05-12 18:27:08,842 - INFO - Ep41 Step20: HCNO: N=36.3%  H=5.6%  C=30.7%  O=27.4%
2026-05-12 18:27:08,842 - INFO - Ep41 Step20: Reward=25.88
2026-05-12 18:27:08,842 - INFO - Ep 41 Step 20: Action=6 (IncL1), Layers=[6.5, 8.0, 4.0, 3.0, 5.5, 4.0], Gap=7.5, Reward=25.88
2026-05-12 18:27:16,386 - INFO - Episode 41: Return=315.87, Best=36.79, Loss=77.4699
2026-05-12 18:27:52,758 - INFO - FLUKA OK: abl_dql_ep42_step1.inp (36.3s)
2026-05-12 18:27:52,781 - INFO - ustsuw OK â†?/home/marina/caseI/20run_caseI/final_run_confirm_time/abl_dql_ep42_step1_out_tab.lis (5 cycles, unit 24)
2026-05-12 18:27:52,782 - INFO - Ep42 Step1: HCNO: N=36.4%  H=17.3%  C=15.9%  O=30.4%
2026-05-12 18:27:52,782 - INFO - Ep42 Step1: Reward=19.33
2026-05-12 18:27:52,782 - INFO - Ep 42 Step 1: Action=10 (IncL5), Layers=[3.0, 5.0, 6.0, 7.0, 5.5, 8.0], Gap=6.0, Reward=19.33
2026-05-12 18:28:38,119 - INFO - FLUKA OK: abl_dql_ep42_step2.inp (36.9s)
2026-05-12 18:28:38,144 - INFO - ustsuw OK â†?/home/marina/caseI/20run_caseI/final_run_confirm_time/abl_dql_ep42_step2_out_tab.lis (5 cycles, unit 24)
2026-05-12 18:28:38,145 - INFO - Ep42 Step2: HCNO: N=35.6%  H=14.4%  C=17.5%  O=32.6%
2026-05-12 18:28:38,145 - INFO - Ep42 Step2: Reward=24.94
2026-05-12 18:28:38,145 - INFO - Ep 42 Step 2: Action=9 (IncL4), Layers=[3.0, 5.0, 6.0, 7.5, 5.5, 8.0], Gap=6.0, Reward=24.94
2026-05-12 18:29:25,277 - INFO - FLUKA OK: abl_dql_ep42_step3.inp (37.8s)
2026-05-12 18:29:25,300 - INFO - ustsuw OK â†?/home/marina/caseI/20run_caseI/final_run_confirm_time/abl_dql_ep42_step3_out_tab.lis (5 cycles, unit 24)
2026-05-12 18:29:25,300 - INFO - Ep42 Step3: HCNO: N=37.6%  H=9.3%  C=23.3%  O=29.9%
2026-05-12 18:29:25,301 - INFO - Ep42 Step3: Reward=21.00
2026-05-12 18:29:25,301 - INFO - Ep 42 Step 3: Action=10 (IncL5), Layers=[3.0, 5.0, 6.0, 7.5, 6.0, 8.0], Gap=6.0, Reward=21.00
2026-05-12 18:30:10,678 - INFO - FLUKA OK: abl_dql_ep42_step4.inp (36.8s)
2026-05-12 18:30:10,703 - INFO - ustsuw OK â†?/home/marina/caseI/20run_caseI/final_run_confirm_time/abl_dql_ep42_step4_out_tab.lis (5 cycles, unit 24)
2026-05-12 18:30:10,703 - INFO - Ep42 Step4: HCNO: N=37.6%  H=9.3%  C=23.3%  O=29.9%
2026-05-12 18:30:10,704 - INFO - Ep42 Step4: Reward=21.00
2026-05-12 18:30:10,704 - INFO - Ep 42 Step 4: Action=11 (IncL6), Layers=[3.0, 5.0, 6.0, 7.5, 6.0, 8.0], Gap=6.0, Reward=21.00
2026-05-12 18:30:57,533 - INFO - FLUKA OK: abl_dql_ep42_step5.inp (37.8s)
2026-05-12 18:30:57,559 - INFO - ustsuw OK â†?/home/marina/caseI/20run_caseI/final_run_confirm_time/abl_dql_ep42_step5_out_tab.lis (5 cycles, unit 24)
2026-05-12 18:30:57,560 - INFO - Ep42 Step5: HCNO: N=37.5%  H=11.6%  C=20.0%  O=31.0%
2026-05-12 18:30:57,560 - INFO - Ep42 Step5: Reward=18.42
2026-05-12 18:30:57,560 - INFO - Ep 42 Step 5: Action=13 (IncGap), Layers=[3.0, 5.0, 6.0, 7.5, 6.0, 8.0], Gap=6.5, Reward=18.42
2026-05-12 18:31:43,582 - INFO - FLUKA OK: abl_dql_ep42_step6.inp (38.0s)
2026-05-12 18:31:43,605 - INFO - ustsuw OK â†?/home/marina/caseI/20run_caseI/final_run_confirm_time/abl_dql_ep42_step6_out_tab.lis (5 cycles, unit 24)
2026-05-12 18:31:43,606 - INFO - Ep42 Step6: HCNO: N=37.5%  H=11.6%  C=20.0%  O=31.0%
2026-05-12 18:31:43,606 - INFO - Ep42 Step6: Reward=18.42
2026-05-12 18:31:43,606 - INFO - Ep 42 Step 6: Action=11 (IncL6), Layers=[3.0, 5.0, 6.0, 7.5, 6.0, 8.0], Gap=6.5, Reward=18.42
2026-05-12 18:32:29,186 - INFO - FLUKA OK: abl_dql_ep42_step7.inp (37.1s)
2026-05-12 18:32:29,217 - INFO - ustsuw OK â†?/home/marina/caseI/20run_caseI/final_run_confirm_time/abl_dql_ep42_step7_out_tab.lis (5 cycles, unit 24)
2026-05-12 18:32:29,218 - INFO - Ep42 Step7: HCNO: N=29.9%  H=12.5%  C=23.7%  O=33.9%
2026-05-12 18:32:29,218 - INFO - Ep42 Step7: Reward=21.40
2026-05-12 18:32:29,218 - INFO - Ep 42 Step 7: Action=9 (IncL4), Layers=[3.0, 5.0, 6.0, 8.0, 6.0, 8.0], Gap=6.5, Reward=21.40
2026-05-12 18:33:14,664 - INFO - FLUKA OK: abl_dql_ep42_step8.inp (37.3s)
2026-05-12 18:33:14,687 - INFO - ustsuw OK â†?/home/marina/caseI/20run_caseI/final_run_confirm_time/abl_dql_ep42_step8_out_tab.lis (5 cycles, unit 24)
2026-05-12 18:33:14,687 - INFO - Ep42 Step8: HCNO: N=26.9%  H=15.0%  C=31.5%  O=26.6%
2026-05-12 18:33:14,687 - INFO - Ep42 Step8: Reward=15.73
2026-05-12 18:33:14,687 - INFO - Ep 42 Step 8: Action=10 (IncL5), Layers=[3.0, 5.0, 6.0, 8.0, 6.5, 8.0], Gap=6.5, Reward=15.73
2026-05-12 18:33:59,796 - INFO - FLUKA OK: abl_dql_ep42_step9.inp (36.9s)
2026-05-12 18:33:59,819 - INFO - ustsuw OK â†?/home/marina/caseI/20run_caseI/final_run_confirm_time/abl_dql_ep42_step9_out_tab.lis (5 cycles, unit 24)
2026-05-12 18:33:59,820 - INFO - Ep42 Step9: HCNO: N=26.9%  H=15.0%  C=31.5%  O=26.6%
2026-05-12 18:33:59,820 - INFO - Ep42 Step9: Reward=15.73
2026-05-12 18:33:59,820 - INFO - Ep 42 Step 9: Action=11 (IncL6), Layers=[3.0, 5.0, 6.0, 8.0, 6.5, 8.0], Gap=6.5, Reward=15.73
2026-05-12 18:34:43,646 - INFO - FLUKA OK: abl_dql_ep42_step10.inp (35.4s)
2026-05-12 18:34:43,668 - WARNING - prefix 'abl_dql_ep42_step10' unit 24: expected 5 cycle files, found 10: ['abl_dql_ep42_step10001_fort.24', 'abl_dql_ep42_step10002_fort.24', 'abl_dql_ep42_step10003_fort.24', 'abl_dql_ep42_step10004_fort.24', 'abl_dql_ep42_step10005_fort.24', 'abl_dql_ep42_step1001_fort.24', 'abl_dql_ep42_step1002_fort.24', 'abl_dql_ep42_step1003_fort.24', 'abl_dql_ep42_step1004_fort.24', 'abl_dql_ep42_step1005_fort.24']
2026-05-12 18:34:43,670 - INFO - ustsuw OK â†?/home/marina/caseI/20run_caseI/final_run_confirm_time/abl_dql_ep42_step10_out_tab.lis (10 cycles, unit 24)
2026-05-12 18:34:43,671 - INFO - Ep42 Step10: HCNO: N=30.9%  H=11.5%  C=26.9%  O=30.7%
2026-05-12 18:34:43,671 - INFO - Ep42 Step10: Reward=21.74
2026-05-12 18:34:43,671 - INFO - Ep 42 Step 10: Action=7 (IncL2), Layers=[3.0, 5.5, 6.0, 8.0, 6.5, 8.0], Gap=6.5, Reward=21.74
2026-05-12 18:35:26,844 - INFO - FLUKA OK: abl_dql_ep42_step11.inp (35.6s)
2026-05-12 18:35:26,866 - INFO - ustsuw OK â†?/home/marina/caseI/20run_caseI/final_run_confirm_time/abl_dql_ep42_step11_out_tab.lis (5 cycles, unit 24)
2026-05-12 18:35:26,866 - INFO - Ep42 Step11: HCNO: N=40.9%  H=2.4%  C=26.6%  O=30.0%
2026-05-12 18:35:26,866 - INFO - Ep42 Step11: Reward=9.57
2026-05-12 18:35:26,866 - INFO - Ep 42 Step 11: Action=2 (DecL3), Layers=[3.0, 5.5, 5.5, 8.0, 6.5, 8.0], Gap=6.5, Reward=9.57
2026-05-12 18:36:10,279 - INFO - FLUKA OK: abl_dql_ep42_step12.inp (36.0s)
2026-05-12 18:36:10,301 - INFO - ustsuw OK â†?/home/marina/caseI/20run_caseI/final_run_confirm_time/abl_dql_ep42_step12_out_tab.lis (5 cycles, unit 24)
2026-05-12 18:36:10,302 - INFO - Ep42 Step12: HCNO: N=38.3%  H=2.9%  C=28.9%  O=29.9%
2026-05-12 18:36:10,302 - INFO - Ep42 Step12: Reward=12.37
2026-05-12 18:36:10,302 - INFO - Ep 42 Step 12: Action=12 (DecGap), Layers=[3.0, 5.5, 5.5, 8.0, 6.5, 8.0], Gap=6.0, Reward=12.37
2026-05-12 18:36:54,679 - INFO - FLUKA OK: abl_dql_ep42_step13.inp (36.3s)
2026-05-12 18:36:54,704 - INFO - ustsuw OK â†?/home/marina/caseI/20run_caseI/final_run_confirm_time/abl_dql_ep42_step13_out_tab.lis (5 cycles, unit 24)
2026-05-12 18:36:54,705 - INFO - Ep42 Step13: HCNO: N=32.8%  H=9.6%  C=22.9%  O=34.7%
2026-05-12 18:36:54,705 - INFO - Ep42 Step13: Reward=16.03
2026-05-12 18:36:54,705 - INFO - Ep 42 Step 13: Action=4 (DecL5), Layers=[3.0, 5.5, 5.5, 8.0, 6.0, 8.0], Gap=6.0, Reward=16.03
2026-05-12 18:37:40,480 - INFO - FLUKA OK: abl_dql_ep42_step14.inp (35.8s)
2026-05-12 18:37:40,504 - INFO - ustsuw OK â†?/home/marina/caseI/20run_caseI/final_run_confirm_time/abl_dql_ep42_step14_out_tab.lis (5 cycles, unit 24)
2026-05-12 18:37:40,504 - INFO - Ep42 Step14: HCNO: N=45.3%  H=4.0%  C=21.7%  O=29.0%
2026-05-12 18:37:40,504 - INFO - Ep42 Step14: Reward=13.16
2026-05-12 18:37:40,504 - INFO - Ep 42 Step 14: Action=4 (DecL5), Layers=[3.0, 5.5, 5.5, 8.0, 5.5, 8.0], Gap=6.0, Reward=13.16
2026-05-12 18:38:25,794 - INFO - FLUKA OK: abl_dql_ep42_step15.inp (36.7s)
2026-05-12 18:38:25,815 - INFO - ustsuw OK â†?/home/marina/caseI/20run_caseI/final_run_confirm_time/abl_dql_ep42_step15_out_tab.lis (5 cycles, unit 24)
2026-05-12 18:38:25,816 - INFO - Ep42 Step15: HCNO: N=44.9%  H=6.0%  C=19.7%  O=29.5%
2026-05-12 18:38:25,816 - INFO - Ep42 Step15: Reward=18.51
2026-05-12 18:38:25,816 - INFO - Ep 42 Step 15: Action=13 (IncGap), Layers=[3.0, 5.5, 5.5, 8.0, 5.5, 8.0], Gap=6.5, Reward=18.51
2026-05-12 18:39:09,363 - INFO - FLUKA OK: abl_dql_ep42_step16.inp (35.6s)
2026-05-12 18:39:09,384 - INFO - ustsuw OK â†?/home/marina/caseI/20run_caseI/final_run_confirm_time/abl_dql_ep42_step16_out_tab.lis (5 cycles, unit 24)
2026-05-12 18:39:09,385 - INFO - Ep42 Step16: HCNO: N=35.2%  H=9.4%  C=22.4%  O=33.0%
2026-05-12 18:39:09,385 - INFO - Ep42 Step16: Reward=16.35
2026-05-12 18:39:09,385 - INFO - Ep 42 Step 16: Action=10 (IncL5), Layers=[3.0, 5.5, 5.5, 8.0, 6.0, 8.0], Gap=6.5, Reward=16.35
2026-05-12 18:39:52,161 - INFO - FLUKA OK: abl_dql_ep42_step17.inp (35.7s)
2026-05-12 18:39:52,183 - INFO - ustsuw OK â†?/home/marina/caseI/20run_caseI/final_run_confirm_time/abl_dql_ep42_step17_out_tab.lis (5 cycles, unit 24)
2026-05-12 18:39:52,183 - INFO - Ep42 Step17: HCNO: N=35.7%  H=11.4%  C=17.8%  O=35.1%
2026-05-12 18:39:52,183 - INFO - Ep42 Step17: Reward=19.12
2026-05-12 18:39:52,183 - INFO - Ep 42 Step 17: Action=0 (DecL1), Layers=[2.5, 5.5, 5.5, 8.0, 6.0, 8.0], Gap=6.5, Reward=19.12
2026-05-12 18:40:37,196 - INFO - FLUKA OK: abl_dql_ep42_step18.inp (36.2s)
2026-05-12 18:40:37,220 - INFO - ustsuw OK â†?/home/marina/caseI/20run_caseI/final_run_confirm_time/abl_dql_ep42_step18_out_tab.lis (5 cycles, unit 24)
2026-05-12 18:40:37,220 - INFO - Ep42 Step18: HCNO: N=32.1%  H=13.0%  C=21.0%  O=33.9%
2026-05-12 18:40:37,220 - INFO - Ep42 Step18: Reward=10.61
2026-05-12 18:40:37,220 - INFO - Ep 42 Step 18: Action=7 (IncL2), Layers=[2.5, 6.0, 5.5, 8.0, 6.0, 8.0], Gap=6.5, Reward=10.61
2026-05-12 18:41:21,232 - INFO - FLUKA OK: abl_dql_ep42_step19.inp (35.4s)
2026-05-12 18:41:21,257 - INFO - ustsuw OK â†?/home/marina/caseI/20run_caseI/final_run_confirm_time/abl_dql_ep42_step19_out_tab.lis (5 cycles, unit 24)
2026-05-12 18:41:21,258 - INFO - Ep42 Step19: HCNO: N=32.7%  H=15.9%  C=17.5%  O=33.9%
2026-05-12 18:41:21,258 - INFO - Ep42 Step19: Reward=15.19
2026-05-12 18:41:21,258 - INFO - Ep 42 Step 19: Action=10 (IncL5), Layers=[2.5, 6.0, 5.5, 8.0, 6.5, 8.0], Gap=6.5, Reward=15.19
2026-05-12 18:42:04,966 - INFO - FLUKA OK: abl_dql_ep42_step20.inp (36.4s)
2026-05-12 18:42:04,985 - WARNING - prefix 'abl_dql_ep42_step20' unit 24: expected 5 cycle files, found 10: ['abl_dql_ep42_step20001_fort.24', 'abl_dql_ep42_step20002_fort.24', 'abl_dql_ep42_step20003_fort.24', 'abl_dql_ep42_step20004_fort.24', 'abl_dql_ep42_step20005_fort.24', 'abl_dql_ep42_step2001_fort.24', 'abl_dql_ep42_step2002_fort.24', 'abl_dql_ep42_step2003_fort.24', 'abl_dql_ep42_step2004_fort.24', 'abl_dql_ep42_step2005_fort.24']
2026-05-12 18:42:04,988 - INFO - ustsuw OK â†?/home/marina/caseI/20run_caseI/final_run_confirm_time/abl_dql_ep42_step20_out_tab.lis (10 cycles, unit 24)
2026-05-12 18:42:04,988 - INFO - Ep42 Step20: HCNO: N=35.4%  H=11.0%  C=19.5%  O=34.1%
2026-05-12 18:42:04,988 - INFO - Ep42 Step20: Reward=28.40
2026-05-12 18:42:04,988 - INFO - Ep 42 Step 20: Action=3 (DecL4), Layers=[2.5, 6.0, 5.5, 7.5, 6.5, 8.0], Gap=6.5, Reward=28.40
2026-05-12 18:42:13,310 - INFO - Episode 42: Return=357.01, Best=36.79, Loss=77.1802
2026-05-12 18:42:49,047 - INFO - FLUKA OK: abl_dql_ep43_step1.inp (35.7s)
2026-05-12 18:42:49,078 - INFO - ustsuw OK â†?/home/marina/caseI/20run_caseI/final_run_confirm_time/abl_dql_ep43_step1_out_tab.lis (5 cycles, unit 24)
2026-05-12 18:42:49,078 - INFO - Ep43 Step1: HCNO: N=30.9%  H=19.0%  C=19.6%  O=30.6%
2026-05-12 18:42:49,078 - INFO - Ep43 Step1: Reward=19.67
2026-05-12 18:42:49,078 - INFO - Ep 43 Step 1: Action=7 (IncL2), Layers=[2.5, 4.5, 7.0, 3.5, 7.5, 4.0], Gap=6.0, Reward=19.67
2026-05-12 18:43:32,488 - INFO - FLUKA OK: abl_dql_ep43_step2.inp (35.9s)
2026-05-12 18:43:32,510 - INFO - ustsuw OK â†?/home/marina/caseI/20run_caseI/final_run_confirm_time/abl_dql_ep43_step2_out_tab.lis (5 cycles, unit 24)
2026-05-12 18:43:32,510 - INFO - Ep43 Step2: HCNO: N=27.9%  H=19.5%  C=20.0%  O=32.6%
2026-05-12 18:43:32,510 - INFO - Ep43 Step2: Reward=17.23
2026-05-12 18:43:32,510 - INFO - Ep 43 Step 2: Action=13 (IncGap), Layers=[2.5, 4.5, 7.0, 3.5, 7.5, 4.0], Gap=6.5, Reward=17.23
2026-05-12 18:44:14,830 - INFO - FLUKA OK: abl_dql_ep43_step3.inp (35.0s)
2026-05-12 18:44:14,852 - INFO - ustsuw OK â†?/home/marina/caseI/20run_caseI/final_run_confirm_time/abl_dql_ep43_step3_out_tab.lis (5 cycles, unit 24)
2026-05-12 18:44:14,853 - INFO - Ep43 Step3: HCNO: N=40.6%  H=12.1%  C=19.9%  O=27.4%
2026-05-12 18:44:14,853 - INFO - Ep43 Step3: Reward=25.71
2026-05-12 18:44:14,853 - INFO - Ep 43 Step 3: Action=1 (DecL2), Layers=[2.5, 4.0, 7.0, 3.5, 7.5, 4.0], Gap=6.5, Reward=25.71
2026-05-12 18:44:58,864 - INFO - FLUKA OK: abl_dql_ep43_step4.inp (36.1s)
2026-05-12 18:44:58,887 - INFO - ustsuw OK â†?/home/marina/caseI/20run_caseI/final_run_confirm_time/abl_dql_ep43_step4_out_tab.lis (5 cycles, unit 24)
2026-05-12 18:44:58,888 - INFO - Ep43 Step4: HCNO: N=37.1%  H=9.7%  C=17.0%  O=36.3%
2026-05-12 18:44:58,888 - INFO - Ep43 Step4: Reward=18.54
2026-05-12 18:44:58,888 - INFO - Ep 43 Step 4: Action=5 (DecL6), Layers=[2.5, 4.0, 7.0, 3.5, 7.5, 3.5], Gap=6.5, Reward=18.54
2026-05-12 18:45:43,363 - INFO - FLUKA OK: abl_dql_ep43_step5.inp (36.1s)
2026-05-12 18:45:43,387 - INFO - ustsuw OK â†?/home/marina/caseI/20run_caseI/final_run_confirm_time/abl_dql_ep43_step5_out_tab.lis (5 cycles, unit 24)
2026-05-12 18:45:43,388 - INFO - Ep43 Step5: HCNO: N=38.8%  H=8.9%  C=23.4%  O=28.9%
2026-05-12 18:45:43,388 - INFO - Ep43 Step5: Reward=19.16
2026-05-12 18:45:43,388 - INFO - Ep 43 Step 5: Action=10 (IncL5), Layers=[2.5, 4.0, 7.0, 3.5, 8.0, 3.5], Gap=6.5, Reward=19.16
2026-05-12 18:46:27,456 - INFO - FLUKA OK: abl_dql_ep43_step6.inp (36.0s)
2026-05-12 18:46:27,480 - INFO - ustsuw OK â†?/home/marina/caseI/20run_caseI/final_run_confirm_time/abl_dql_ep43_step6_out_tab.lis (5 cycles, unit 24)
2026-05-12 18:46:27,481 - INFO - Ep43 Step6: HCNO: N=39.0%  H=17.9%  C=18.0%  O=25.1%
2026-05-12 18:46:27,481 - INFO - Ep43 Step6: Reward=16.88
2026-05-12 18:46:27,481 - INFO - Ep 43 Step 6: Action=6 (IncL1), Layers=[3.0, 4.0, 7.0, 3.5, 8.0, 3.5], Gap=6.5, Reward=16.88
2026-05-12 18:47:09,757 - INFO - FLUKA OK: abl_dql_ep43_step7.inp (34.1s)
2026-05-12 18:47:09,780 - INFO - ustsuw OK â†?/home/marina/caseI/20run_caseI/final_run_confirm_time/abl_dql_ep43_step7_out_tab.lis (5 cycles, unit 24)
2026-05-12 18:47:09,780 - INFO - Ep43 Step7: HCNO: N=33.8%  H=11.7%  C=23.7%  O=30.8%
2026-05-12 18:47:09,780 - INFO - Ep43 Step7: Reward=15.98
2026-05-12 18:47:09,780 - INFO - Ep 43 Step 7: Action=4 (DecL5), Layers=[3.0, 4.0, 7.0, 3.5, 7.5, 3.5], Gap=6.5, Reward=15.98
2026-05-12 18:47:52,530 - INFO - FLUKA OK: abl_dql_ep43_step8.inp (35.4s)
2026-05-12 18:47:52,553 - INFO - ustsuw OK â†?/home/marina/caseI/20run_caseI/final_run_confirm_time/abl_dql_ep43_step8_out_tab.lis (5 cycles, unit 24)
2026-05-12 18:47:52,553 - INFO - Ep43 Step8: HCNO: N=32.2%  H=15.9%  C=18.4%  O=33.5%
2026-05-12 18:47:52,553 - INFO - Ep43 Step8: Reward=24.84
2026-05-12 18:47:52,553 - INFO - Ep 43 Step 8: Action=7 (IncL2), Layers=[3.0, 4.5, 7.0, 3.5, 7.5, 3.5], Gap=6.5, Reward=24.84
2026-05-12 18:48:36,946 - INFO - FLUKA OK: abl_dql_ep43_step9.inp (37.1s)
2026-05-12 18:48:36,970 - INFO - ustsuw OK â†?/home/marina/caseI/20run_caseI/final_run_confirm_time/abl_dql_ep43_step9_out_tab.lis (5 cycles, unit 24)
2026-05-12 18:48:36,971 - INFO - Ep43 Step9: HCNO: N=39.3%  H=13.0%  C=17.1%  O=30.6%
2026-05-12 18:48:36,971 - INFO - Ep43 Step9: Reward=22.02
2026-05-12 18:48:36,971 - INFO - Ep 43 Step 9: Action=11 (IncL6), Layers=[3.0, 4.5, 7.0, 3.5, 7.5, 4.0], Gap=6.5, Reward=22.02
2026-05-12 18:49:24,125 - INFO - FLUKA OK: abl_dql_ep43_step10.inp (37.5s)
2026-05-12 18:49:24,149 - WARNING - prefix 'abl_dql_ep43_step10' unit 24: expected 5 cycle files, found 10: ['abl_dql_ep43_step10001_fort.24', 'abl_dql_ep43_step10002_fort.24', 'abl_dql_ep43_step10003_fort.24', 'abl_dql_ep43_step10004_fort.24', 'abl_dql_ep43_step10005_fort.24', 'abl_dql_ep43_step1001_fort.24', 'abl_dql_ep43_step1002_fort.24', 'abl_dql_ep43_step1003_fort.24', 'abl_dql_ep43_step1004_fort.24', 'abl_dql_ep43_step1005_fort.24']
2026-05-12 18:49:24,151 - INFO - ustsuw OK â†?/home/marina/caseI/20run_caseI/final_run_confirm_time/abl_dql_ep43_step10_out_tab.lis (10 cycles, unit 24)
2026-05-12 18:49:24,152 - INFO - Ep43 Step10: HCNO: N=32.3%  H=14.9%  C=19.5%  O=33.2%
2026-05-12 18:49:24,152 - INFO - Ep43 Step10: Reward=28.48
2026-05-12 18:49:24,153 - INFO - Ep 43 Step 10: Action=6 (IncL1), Layers=[3.5, 4.5, 7.0, 3.5, 7.5, 4.0], Gap=6.5, Reward=28.48
2026-05-12 18:50:10,169 - INFO - FLUKA OK: abl_dql_ep43_step11.inp (36.0s)
2026-05-12 18:50:10,192 - INFO - ustsuw OK â†?/home/marina/caseI/20run_caseI/final_run_confirm_time/abl_dql_ep43_step11_out_tab.lis (5 cycles, unit 24)
2026-05-12 18:50:10,193 - INFO - Ep43 Step11: HCNO: N=34.8%  H=7.9%  C=23.4%  O=34.0%
2026-05-12 18:50:10,193 - INFO - Ep43 Step11: Reward=13.62
2026-05-12 18:50:10,193 - INFO - Ep 43 Step 11: Action=11 (IncL6), Layers=[3.5, 4.5, 7.0, 3.5, 7.5, 4.5], Gap=6.5, Reward=13.62
2026-05-12 18:50:53,062 - INFO - FLUKA OK: abl_dql_ep43_step12.inp (35.7s)
2026-05-12 18:50:53,085 - INFO - ustsuw OK â†?/home/marina/caseI/20run_caseI/final_run_confirm_time/abl_dql_ep43_step12_out_tab.lis (5 cycles, unit 24)
2026-05-12 18:50:53,086 - INFO - Ep43 Step12: HCNO: N=43.4%  H=10.0%  C=26.5%  O=20.2%
2026-05-12 18:50:53,087 - INFO - Ep43 Step12: Reward=21.96
2026-05-12 18:50:53,087 - INFO - Ep 43 Step 12: Action=7 (IncL2), Layers=[3.5, 5.0, 7.0, 3.5, 7.5, 4.5], Gap=6.5, Reward=21.96
2026-05-12 18:51:38,586 - INFO - FLUKA OK: abl_dql_ep43_step13.inp (36.3s)
2026-05-12 18:51:38,609 - INFO - ustsuw OK â†?/home/marina/caseI/20run_caseI/final_run_confirm_time/abl_dql_ep43_step13_out_tab.lis (5 cycles, unit 24)
2026-05-12 18:51:38,610 - INFO - Ep43 Step13: HCNO: N=36.7%  H=7.0%  C=30.3%  O=26.0%
2026-05-12 18:51:38,610 - INFO - Ep43 Step13: Reward=16.61
2026-05-12 18:51:38,610 - INFO - Ep 43 Step 13: Action=9 (IncL4), Layers=[3.5, 5.0, 7.0, 4.0, 7.5, 4.5], Gap=6.5, Reward=16.61
2026-05-12 18:52:21,686 - INFO - FLUKA OK: abl_dql_ep43_step14.inp (33.3s)
2026-05-12 18:52:21,708 - INFO - ustsuw OK â†?/home/marina/caseI/20run_caseI/final_run_confirm_time/abl_dql_ep43_step14_out_tab.lis (5 cycles, unit 24)
2026-05-12 18:52:21,709 - INFO - Ep43 Step14: HCNO: N=39.3%  H=11.1%  C=20.8%  O=28.8%
2026-05-12 18:52:21,709 - INFO - Ep43 Step14: Reward=21.01
2026-05-12 18:52:21,709 - INFO - Ep 43 Step 14: Action=11 (IncL6), Layers=[3.5, 5.0, 7.0, 4.0, 7.5, 5.0], Gap=6.5, Reward=21.01
2026-05-12 18:53:01,248 - INFO - FLUKA OK: abl_dql_ep43_step15.inp (32.6s)
2026-05-12 18:53:01,274 - INFO - ustsuw OK â†?/home/marina/caseI/20run_caseI/final_run_confirm_time/abl_dql_ep43_step15_out_tab.lis (5 cycles, unit 24)
2026-05-12 18:53:01,275 - INFO - Ep43 Step15: HCNO: N=45.1%  H=6.6%  C=17.2%  O=31.0%
2026-05-12 18:53:01,275 - INFO - Ep43 Step15: Reward=15.97
2026-05-12 18:53:01,275 - INFO - Ep 43 Step 15: Action=13 (IncGap), Layers=[3.5, 5.0, 7.0, 4.0, 7.5, 5.0], Gap=7.0, Reward=15.97
2026-05-12 18:53:40,609 - INFO - FLUKA OK: abl_dql_ep43_step16.inp (32.4s)
2026-05-12 18:53:40,630 - INFO - ustsuw OK â†?/home/marina/caseI/20run_caseI/final_run_confirm_time/abl_dql_ep43_step16_out_tab.lis (5 cycles, unit 24)
2026-05-12 18:53:40,631 - INFO - Ep43 Step16: HCNO: N=39.3%  H=11.1%  C=20.8%  O=28.8%
2026-05-12 18:53:40,631 - INFO - Ep43 Step16: Reward=21.01
2026-05-12 18:53:40,631 - INFO - Ep 43 Step 16: Action=12 (DecGap), Layers=[3.5, 5.0, 7.0, 4.0, 7.5, 5.0], Gap=6.5, Reward=21.01
2026-05-12 18:54:19,788 - INFO - FLUKA OK: abl_dql_ep43_step17.inp (32.4s)
2026-05-12 18:54:19,809 - INFO - ustsuw OK â†?/home/marina/caseI/20run_caseI/final_run_confirm_time/abl_dql_ep43_step17_out_tab.lis (5 cycles, unit 24)
2026-05-12 18:54:19,810 - INFO - Ep43 Step17: HCNO: N=37.6%  H=14.4%  C=18.7%  O=29.4%
2026-05-12 18:54:19,810 - INFO - Ep43 Step17: Reward=10.07
2026-05-12 18:54:19,810 - INFO - Ep 43 Step 17: Action=7 (IncL2), Layers=[3.5, 5.5, 7.0, 4.0, 7.5, 5.0], Gap=6.5, Reward=10.07
2026-05-12 18:54:58,934 - INFO - FLUKA OK: abl_dql_ep43_step18.inp (32.2s)
2026-05-12 18:54:58,956 - INFO - ustsuw OK â†?/home/marina/caseI/20run_caseI/final_run_confirm_time/abl_dql_ep43_step18_out_tab.lis (5 cycles, unit 24)
2026-05-12 18:54:58,956 - INFO - Ep43 Step18: HCNO: N=29.6%  H=7.1%  C=33.0%  O=30.4%
2026-05-12 18:54:58,957 - INFO - Ep43 Step18: Reward=14.89
2026-05-12 18:54:58,957 - INFO - Ep 43 Step 18: Action=3 (DecL4), Layers=[3.5, 5.5, 7.0, 3.5, 7.5, 5.0], Gap=6.5, Reward=14.89
2026-05-12 18:55:39,156 - INFO - FLUKA OK: abl_dql_ep43_step19.inp (33.4s)
2026-05-12 18:55:39,179 - INFO - ustsuw OK â†?/home/marina/caseI/20run_caseI/final_run_confirm_time/abl_dql_ep43_step19_out_tab.lis (5 cycles, unit 24)
2026-05-12 18:55:39,180 - INFO - Ep43 Step19: HCNO: N=42.5%  H=8.5%  C=27.6%  O=21.5%
2026-05-12 18:55:39,180 - INFO - Ep43 Step19: Reward=14.58
2026-05-12 18:55:39,180 - INFO - Ep 43 Step 19: Action=1 (DecL2), Layers=[3.5, 5.0, 7.0, 3.5, 7.5, 5.0], Gap=6.5, Reward=14.58
2026-05-12 18:56:20,312 - INFO - FLUKA OK: abl_dql_ep43_step20.inp (34.0s)
2026-05-12 18:56:20,333 - WARNING - prefix 'abl_dql_ep43_step20' unit 24: expected 5 cycle files, found 10: ['abl_dql_ep43_step20001_fort.24', 'abl_dql_ep43_step20002_fort.24', 'abl_dql_ep43_step20003_fort.24', 'abl_dql_ep43_step20004_fort.24', 'abl_dql_ep43_step20005_fort.24', 'abl_dql_ep43_step2001_fort.24', 'abl_dql_ep43_step2002_fort.24', 'abl_dql_ep43_step2003_fort.24', 'abl_dql_ep43_step2004_fort.24', 'abl_dql_ep43_step2005_fort.24']
2026-05-12 18:56:20,336 - INFO - ustsuw OK â†?/home/marina/caseI/20run_caseI/final_run_confirm_time/abl_dql_ep43_step20_out_tab.lis (10 cycles, unit 24)
2026-05-12 18:56:20,336 - INFO - Ep43 Step20: HCNO: N=30.2%  H=13.2%  C=23.7%  O=32.8%
2026-05-12 18:56:20,336 - INFO - Ep43 Step20: Reward=24.70
2026-05-12 18:56:20,336 - INFO - Ep 43 Step 20: Action=8 (IncL3), Layers=[3.5, 5.0, 7.5, 3.5, 7.5, 5.0], Gap=6.5, Reward=24.70
2026-05-12 18:56:27,683 - INFO - Episode 43: Return=382.94, Best=36.79, Loss=76.7101
2026-05-12 18:57:00,864 - INFO - FLUKA OK: abl_dql_ep44_step1.inp (33.2s)
2026-05-12 18:57:00,885 - INFO - ustsuw OK â†?/home/marina/caseI/20run_caseI/final_run_confirm_time/abl_dql_ep44_step1_out_tab.lis (5 cycles, unit 24)
2026-05-12 18:57:00,886 - INFO - Ep44 Step1: HCNO: N=34.6%  H=6.1%  C=24.2%  O=35.1%
2026-05-12 18:57:00,886 - INFO - Ep44 Step1: Reward=10.49
2026-05-12 18:57:00,886 - INFO - Ep 44 Step 1: Action=8 (IncL3), Layers=[5.5, 5.0, 8.0, 7.5, 8.0, 2.5], Gap=6.5, Reward=10.49
2026-05-12 18:57:40,051 - INFO - FLUKA OK: abl_dql_ep44_step2.inp (32.3s)
2026-05-12 18:57:40,073 - INFO - ustsuw OK â†?/home/marina/caseI/20run_caseI/final_run_confirm_time/abl_dql_ep44_step2_out_tab.lis (5 cycles, unit 24)
2026-05-12 18:57:40,074 - INFO - Ep44 Step2: HCNO: N=38.9%  H=8.6%  C=13.3%  O=39.2%
2026-05-12 18:57:40,074 - INFO - Ep44 Step2: Reward=12.16
2026-05-12 18:57:40,074 - INFO - Ep 44 Step 2: Action=4 (DecL5), Layers=[5.5, 5.0, 8.0, 7.5, 7.5, 2.5], Gap=6.5, Reward=12.16
2026-05-12 18:58:20,470 - INFO - FLUKA OK: abl_dql_ep44_step3.inp (32.8s)
2026-05-12 18:58:20,493 - INFO - ustsuw OK â†?/home/marina/caseI/20run_caseI/final_run_confirm_time/abl_dql_ep44_step3_out_tab.lis (5 cycles, unit 24)
2026-05-12 18:58:20,493 - INFO - Ep44 Step3: HCNO: N=28.8%  H=4.1%  C=24.2%  O=42.9%
2026-05-12 18:58:20,493 - INFO - Ep44 Step3: Reward=7.58
2026-05-12 18:58:20,493 - INFO - Ep 44 Step 3: Action=5 (DecL6), Layers=[5.5, 5.0, 8.0, 7.5, 7.5, 2.0], Gap=6.5, Reward=7.58
2026-05-12 18:59:00,460 - INFO - FLUKA OK: abl_dql_ep44_step4.inp (32.9s)
2026-05-12 18:59:00,485 - INFO - ustsuw OK â†?/home/marina/caseI/20run_caseI/final_run_confirm_time/abl_dql_ep44_step4_out_tab.lis (5 cycles, unit 24)
2026-05-12 18:59:00,485 - INFO - Ep44 Step4: HCNO: N=34.4%  H=6.3%  C=21.6%  O=37.7%
2026-05-12 18:59:00,485 - INFO - Ep44 Step4: Reward=4.10
2026-05-12 18:59:00,485 - INFO - Ep 44 Step 4: Action=4 (DecL5), Layers=[5.5, 5.0, 8.0, 7.5, 7.0, 2.0], Gap=6.5, Reward=4.10
2026-05-12 18:59:40,703 - INFO - FLUKA OK: abl_dql_ep44_step5.inp (32.6s)
2026-05-12 18:59:40,725 - INFO - ustsuw OK â†?/home/marina/caseI/20run_caseI/final_run_confirm_time/abl_dql_ep44_step5_out_tab.lis (5 cycles, unit 24)
2026-05-12 18:59:40,726 - INFO - Ep44 Step5: HCNO: N=28.8%  H=4.1%  C=24.2%  O=42.9%
2026-05-12 18:59:40,726 - INFO - Ep44 Step5: Reward=7.58
2026-05-12 18:59:40,726 - INFO - Ep 44 Step 5: Action=10 (IncL5), Layers=[5.5, 5.0, 8.0, 7.5, 7.5, 2.0], Gap=6.5, Reward=7.58
2026-05-12 19:00:20,953 - INFO - FLUKA OK: abl_dql_ep44_step6.inp (32.6s)
2026-05-12 19:00:20,980 - INFO - ustsuw OK â†?/home/marina/caseI/20run_caseI/final_run_confirm_time/abl_dql_ep44_step6_out_tab.lis (5 cycles, unit 24)
2026-05-12 19:00:20,981 - INFO - Ep44 Step6: HCNO: N=38.9%  H=8.6%  C=13.3%  O=39.2%
2026-05-12 19:00:20,981 - INFO - Ep44 Step6: Reward=12.16
2026-05-12 19:00:20,981 - INFO - Ep 44 Step 6: Action=11 (IncL6), Layers=[5.5, 5.0, 8.0, 7.5, 7.5, 2.5], Gap=6.5, Reward=12.16
2026-05-12 19:01:02,895 - INFO - FLUKA OK: abl_dql_ep44_step7.inp (34.1s)
2026-05-12 19:01:02,918 - INFO - ustsuw OK â†?/home/marina/caseI/20run_caseI/final_run_confirm_time/abl_dql_ep44_step7_out_tab.lis (5 cycles, unit 24)
2026-05-12 19:01:02,919 - INFO - Ep44 Step7: HCNO: N=22.1%  H=6.3%  C=28.7%  O=42.8%
2026-05-12 19:01:02,919 - INFO - Ep44 Step7: Reward=12.84
2026-05-12 19:01:02,919 - INFO - Ep 44 Step 7: Action=6 (IncL1), Layers=[6.0, 5.0, 8.0, 7.5, 7.5, 2.5], Gap=6.5, Reward=12.84
2026-05-12 19:01:45,994 - INFO - FLUKA OK: abl_dql_ep44_step8.inp (35.0s)
2026-05-12 19:01:46,017 - INFO - ustsuw OK â†?/home/marina/caseI/20run_caseI/final_run_confirm_time/abl_dql_ep44_step8_out_tab.lis (5 cycles, unit 24)
2026-05-12 19:01:46,018 - INFO - Ep44 Step8: HCNO: N=22.1%  H=6.3%  C=28.7%  O=42.8%
2026-05-12 19:01:46,018 - INFO - Ep44 Step8: Reward=12.84
2026-05-12 19:01:46,018 - INFO - Ep 44 Step 8: Action=8 (IncL3), Layers=[6.0, 5.0, 8.0, 7.5, 7.5, 2.5], Gap=6.5, Reward=12.84
2026-05-12 19:02:25,789 - INFO - FLUKA OK: abl_dql_ep44_step9.inp (32.5s)
2026-05-12 19:02:25,813 - INFO - ustsuw OK â†?/home/marina/caseI/20run_caseI/final_run_confirm_time/abl_dql_ep44_step9_out_tab.lis (5 cycles, unit 24)
2026-05-12 19:02:25,813 - INFO - Ep44 Step9: HCNO: N=26.3%  H=4.0%  C=26.7%  O=43.0%
2026-05-12 19:02:25,813 - INFO - Ep44 Step9: Reward=13.11
2026-05-12 19:02:25,813 - INFO - Ep 44 Step 9: Action=11 (IncL6), Layers=[6.0, 5.0, 8.0, 7.5, 7.5, 3.0], Gap=6.5, Reward=13.11
2026-05-12 19:03:06,052 - INFO - FLUKA OK: abl_dql_ep44_step10.inp (32.8s)
2026-05-12 19:03:06,073 - WARNING - prefix 'abl_dql_ep44_step10' unit 24: expected 5 cycle files, found 10: ['abl_dql_ep44_step10001_fort.24', 'abl_dql_ep44_step10002_fort.24', 'abl_dql_ep44_step10003_fort.24', 'abl_dql_ep44_step10004_fort.24', 'abl_dql_ep44_step10005_fort.24', 'abl_dql_ep44_step1001_fort.24', 'abl_dql_ep44_step1002_fort.24', 'abl_dql_ep44_step1003_fort.24', 'abl_dql_ep44_step1004_fort.24', 'abl_dql_ep44_step1005_fort.24']
2026-05-12 19:03:06,075 - INFO - ustsuw OK â†?/home/marina/caseI/20run_caseI/final_run_confirm_time/abl_dql_ep44_step10_out_tab.lis (10 cycles, unit 24)
2026-05-12 19:03:06,075 - INFO - Ep44 Step10: HCNO: N=31.2%  H=5.6%  C=23.9%  O=39.3%
2026-05-12 19:03:06,075 - INFO - Ep44 Step10: Reward=15.88
2026-05-12 19:03:06,075 - INFO - Ep 44 Step 10: Action=10 (IncL5), Layers=[6.0, 5.0, 8.0, 7.5, 8.0, 3.0], Gap=6.5, Reward=15.88
2026-05-12 19:03:45,646 - INFO - FLUKA OK: abl_dql_ep44_step11.inp (32.6s)
2026-05-12 19:03:45,680 - INFO - ustsuw OK â†?/home/marina/caseI/20run_caseI/final_run_confirm_time/abl_dql_ep44_step11_out_tab.lis (5 cycles, unit 24)
2026-05-12 19:03:45,680 - INFO - Ep44 Step11: HCNO: N=26.9%  H=5.1%  C=23.5%  O=44.5%
2026-05-12 19:03:45,680 - INFO - Ep44 Step11: Reward=5.63
2026-05-12 19:03:45,680 - INFO - Ep 44 Step 11: Action=10 (IncL5), Layers=[6.0, 5.0, 8.0, 7.5, 8.0, 3.0], Gap=6.5, Reward=5.63
2026-05-12 19:04:26,064 - INFO - FLUKA OK: abl_dql_ep44_step12.inp (33.2s)
2026-05-12 19:04:26,087 - INFO - ustsuw OK â†?/home/marina/caseI/20run_caseI/final_run_confirm_time/abl_dql_ep44_step12_out_tab.lis (5 cycles, unit 24)
2026-05-12 19:04:26,088 - INFO - Ep44 Step12: HCNO: N=40.8%  H=16.5%  C=23.1%  O=19.6%
2026-05-12 19:04:26,088 - INFO - Ep44 Step12: Reward=18.34
2026-05-12 19:04:26,088 - INFO - Ep 44 Step 12: Action=1 (DecL2), Layers=[6.0, 4.5, 8.0, 7.5, 8.0, 3.0], Gap=6.5, Reward=18.34
2026-05-12 19:05:05,839 - INFO - FLUKA OK: abl_dql_ep44_step13.inp (32.7s)
2026-05-12 19:05:05,869 - INFO - ustsuw OK â†?/home/marina/caseI/20run_caseI/final_run_confirm_time/abl_dql_ep44_step13_out_tab.lis (5 cycles, unit 24)
2026-05-12 19:05:05,870 - INFO - Ep44 Step13: HCNO: N=40.8%  H=16.5%  C=23.1%  O=19.6%
2026-05-12 19:05:05,870 - INFO - Ep44 Step13: Reward=18.34
2026-05-12 19:05:05,870 - INFO - Ep 44 Step 13: Action=10 (IncL5), Layers=[6.0, 4.5, 8.0, 7.5, 8.0, 3.0], Gap=6.5, Reward=18.34
2026-05-12 19:05:45,533 - INFO - FLUKA OK: abl_dql_ep44_step14.inp (32.8s)
2026-05-12 19:05:45,554 - INFO - ustsuw OK â†?/home/marina/caseI/20run_caseI/final_run_confirm_time/abl_dql_ep44_step14_out_tab.lis (5 cycles, unit 24)
2026-05-12 19:05:45,555 - INFO - Ep44 Step14: HCNO: N=40.8%  H=16.5%  C=23.1%  O=19.6%
2026-05-12 19:05:45,555 - INFO - Ep44 Step14: Reward=18.34
2026-05-12 19:05:45,555 - INFO - Ep 44 Step 14: Action=8 (IncL3), Layers=[6.0, 4.5, 8.0, 7.5, 8.0, 3.0], Gap=6.5, Reward=18.34
2026-05-12 19:06:26,732 - INFO - FLUKA OK: abl_dql_ep44_step15.inp (34.3s)
2026-05-12 19:06:26,754 - INFO - ustsuw OK â†?/home/marina/caseI/20run_caseI/final_run_confirm_time/abl_dql_ep44_step15_out_tab.lis (5 cycles, unit 24)
2026-05-12 19:06:26,755 - INFO - Ep44 Step15: HCNO: N=36.0%  H=6.6%  C=20.7%  O=36.8%
2026-05-12 19:06:26,755 - INFO - Ep44 Step15: Reward=3.32
2026-05-12 19:06:26,755 - INFO - Ep 44 Step 15: Action=0 (DecL1), Layers=[5.5, 4.5, 8.0, 7.5, 8.0, 3.0], Gap=6.5, Reward=3.32
2026-05-12 19:07:08,113 - INFO - FLUKA OK: abl_dql_ep44_step16.inp (32.9s)
2026-05-12 19:07:08,137 - INFO - ustsuw OK â†?/home/marina/caseI/20run_caseI/final_run_confirm_time/abl_dql_ep44_step16_out_tab.lis (5 cycles, unit 24)
2026-05-12 19:07:08,137 - INFO - Ep44 Step16: HCNO: N=29.6%  H=8.4%  C=25.7%  O=36.3%
2026-05-12 19:07:08,137 - INFO - Ep44 Step16: Reward=10.16
2026-05-12 19:07:08,137 - INFO - Ep 44 Step 16: Action=2 (DecL3), Layers=[5.5, 4.5, 7.5, 7.5, 8.0, 3.0], Gap=6.5, Reward=10.16
2026-05-12 19:07:49,005 - INFO - FLUKA OK: abl_dql_ep44_step17.inp (33.2s)
2026-05-12 19:07:49,033 - INFO - ustsuw OK â†?/home/marina/caseI/20run_caseI/final_run_confirm_time/abl_dql_ep44_step17_out_tab.lis (5 cycles, unit 24)
2026-05-12 19:07:49,033 - INFO - Ep44 Step17: HCNO: N=46.2%  H=9.3%  C=15.0%  O=29.5%
2026-05-12 19:07:49,033 - INFO - Ep44 Step17: Reward=27.24
2026-05-12 19:07:49,033 - INFO - Ep 44 Step 17: Action=0 (DecL1), Layers=[5.0, 4.5, 7.5, 7.5, 8.0, 3.0], Gap=6.5, Reward=27.24
2026-05-12 19:08:29,459 - INFO - FLUKA OK: abl_dql_ep44_step18.inp (32.8s)
2026-05-12 19:08:29,483 - INFO - ustsuw OK â†?/home/marina/caseI/20run_caseI/final_run_confirm_time/abl_dql_ep44_step18_out_tab.lis (5 cycles, unit 24)
2026-05-12 19:08:29,483 - INFO - Ep44 Step18: HCNO: N=46.2%  H=9.3%  C=15.0%  O=29.5%
2026-05-12 19:08:29,483 - INFO - Ep44 Step18: Reward=27.24
2026-05-12 19:08:29,484 - INFO - Ep 44 Step 18: Action=10 (IncL5), Layers=[5.0, 4.5, 7.5, 7.5, 8.0, 3.0], Gap=6.5, Reward=27.24
2026-05-12 19:09:10,383 - INFO - FLUKA OK: abl_dql_ep44_step19.inp (33.2s)
2026-05-12 19:09:10,413 - INFO - ustsuw OK â†?/home/marina/caseI/20run_caseI/final_run_confirm_time/abl_dql_ep44_step19_out_tab.lis (5 cycles, unit 24)
2026-05-12 19:09:10,414 - INFO - Ep44 Step19: HCNO: N=27.8%  H=10.0%  C=18.9%  O=43.3%
2026-05-12 19:09:10,414 - INFO - Ep44 Step19: Reward=12.14
2026-05-12 19:09:10,414 - INFO - Ep 44 Step 19: Action=0 (DecL1), Layers=[4.5, 4.5, 7.5, 7.5, 8.0, 3.0], Gap=6.5, Reward=12.14
2026-05-12 19:09:51,202 - INFO - FLUKA OK: abl_dql_ep44_step20.inp (33.4s)
2026-05-12 19:09:51,222 - WARNING - prefix 'abl_dql_ep44_step20' unit 24: expected 5 cycle files, found 10: ['abl_dql_ep44_step20001_fort.24', 'abl_dql_ep44_step20002_fort.24', 'abl_dql_ep44_step20003_fort.24', 'abl_dql_ep44_step20004_fort.24', 'abl_dql_ep44_step20005_fort.24', 'abl_dql_ep44_step2001_fort.24', 'abl_dql_ep44_step2002_fort.24', 'abl_dql_ep44_step2003_fort.24', 'abl_dql_ep44_step2004_fort.24', 'abl_dql_ep44_step2005_fort.24']
2026-05-12 19:09:51,224 - INFO - ustsuw OK â†?/home/marina/caseI/20run_caseI/final_run_confirm_time/abl_dql_ep44_step20_out_tab.lis (10 cycles, unit 24)
2026-05-12 19:09:51,274 - INFO - Ep44 Step20: HCNO: N=35.0%  H=10.0%  C=15.8%  O=39.2%
2026-05-12 19:09:51,274 - INFO - Ep44 Step20: Reward=21.31
2026-05-12 19:09:51,274 - INFO - Ep 44 Step 20: Action=12 (DecGap), Layers=[4.5, 4.5, 7.5, 7.5, 8.0, 3.0], Gap=6.0, Reward=21.31
2026-05-12 19:09:58,232 - INFO - Episode 44: Return=270.81, Best=36.79, Loss=76.1617
2026-05-12 19:10:30,664 - INFO - FLUKA OK: abl_dql_ep45_step1.inp (32.4s)
2026-05-12 19:10:30,686 - INFO - ustsuw OK â†?/home/marina/caseI/20run_caseI/final_run_confirm_time/abl_dql_ep45_step1_out_tab.lis (5 cycles, unit 24)
2026-05-12 19:10:30,687 - INFO - Ep45 Step1: HCNO: N=29.5%  H=9.1%  C=18.5%  O=42.8%
2026-05-12 19:10:30,687 - INFO - Ep45 Step1: Reward=18.93
2026-05-12 19:10:30,687 - INFO - Ep 45 Step 1: Action=3 (DecL4), Layers=[3.5, 7.5, 6.5, 7.0, 4.0, 5.5], Gap=1.5, Reward=18.93
2026-05-12 19:11:09,961 - INFO - FLUKA OK: abl_dql_ep45_step2.inp (32.3s)
2026-05-12 19:11:09,984 - INFO - ustsuw OK â†?/home/marina/caseI/20run_caseI/final_run_confirm_time/abl_dql_ep45_step2_out_tab.lis (5 cycles, unit 24)
2026-05-12 19:11:09,984 - INFO - Ep45 Step2: HCNO: N=36.9%  H=9.0%  C=16.1%  O=38.0%
2026-05-12 19:11:09,985 - INFO - Ep45 Step2: Reward=13.48
2026-05-12 19:11:09,985 - INFO - Ep 45 Step 2: Action=3 (DecL4), Layers=[3.5, 7.5, 6.5, 6.5, 4.0, 5.5], Gap=1.5, Reward=13.48
2026-05-12 19:11:49,271 - INFO - FLUKA OK: abl_dql_ep45_step3.inp (32.5s)
2026-05-12 19:11:49,299 - INFO - ustsuw OK â†?/home/marina/caseI/20run_caseI/final_run_confirm_time/abl_dql_ep45_step3_out_tab.lis (5 cycles, unit 24)
2026-05-12 19:11:49,300 - INFO - Ep45 Step3: HCNO: N=35.2%  H=9.5%  C=19.4%  O=36.0%
2026-05-12 19:11:49,300 - INFO - Ep45 Step3: Reward=15.66
2026-05-12 19:11:49,300 - INFO - Ep 45 Step 3: Action=12 (DecGap), Layers=[3.5, 7.5, 6.5, 6.5, 4.0, 5.5], Gap=1.0, Reward=15.66
2026-05-12 19:12:28,201 - INFO - FLUKA OK: abl_dql_ep45_step4.inp (32.2s)
2026-05-12 19:12:28,223 - INFO - ustsuw OK â†?/home/marina/caseI/20run_caseI/final_run_confirm_time/abl_dql_ep45_step4_out_tab.lis (5 cycles, unit 24)
2026-05-12 19:12:28,224 - INFO - Ep45 Step4: HCNO: N=34.6%  H=5.8%  C=31.5%  O=28.1%
2026-05-12 19:12:28,224 - INFO - Ep45 Step4: Reward=21.48
2026-05-12 19:12:28,224 - INFO - Ep 45 Step 4: Action=8 (IncL3), Layers=[3.5, 7.5, 7.0, 6.5, 4.0, 5.5], Gap=1.0, Reward=21.48
2026-05-12 19:13:06,961 - INFO - FLUKA OK: abl_dql_ep45_step5.inp (32.0s)
2026-05-12 19:13:06,983 - INFO - ustsuw OK â†?/home/marina/caseI/20run_caseI/final_run_confirm_time/abl_dql_ep45_step5_out_tab.lis (5 cycles, unit 24)
2026-05-12 19:13:06,984 - INFO - Ep45 Step5: HCNO: N=35.3%  H=7.0%  C=27.6%  O=30.1%
2026-05-12 19:13:06,984 - INFO - Ep45 Step5: Reward=12.13
2026-05-12 19:13:06,984 - INFO - Ep 45 Step 5: Action=4 (DecL5), Layers=[3.5, 7.5, 7.0, 6.5, 3.5, 5.5], Gap=1.0, Reward=12.13
2026-05-12 19:13:45,753 - INFO - FLUKA OK: abl_dql_ep45_step6.inp (32.2s)
2026-05-12 19:13:45,776 - INFO - ustsuw OK â†?/home/marina/caseI/20run_caseI/final_run_confirm_time/abl_dql_ep45_step6_out_tab.lis (5 cycles, unit 24)
2026-05-12 19:13:45,777 - INFO - Ep45 Step6: HCNO: N=34.6%  H=5.8%  C=31.5%  O=28.1%
2026-05-12 19:13:45,777 - INFO - Ep45 Step6: Reward=21.48
2026-05-12 19:13:45,777 - INFO - Ep 45 Step 6: Action=10 (IncL5), Layers=[3.5, 7.5, 7.0, 6.5, 4.0, 5.5], Gap=1.0, Reward=21.48
2026-05-12 19:14:24,374 - INFO - FLUKA OK: abl_dql_ep45_step7.inp (32.0s)
2026-05-12 19:14:24,396 - INFO - ustsuw OK â†?/home/marina/caseI/20run_caseI/final_run_confirm_time/abl_dql_ep45_step7_out_tab.lis (5 cycles, unit 24)
2026-05-12 19:14:24,397 - INFO - Ep45 Step7: HCNO: N=34.6%  H=5.8%  C=31.5%  O=28.1%
2026-05-12 19:14:24,397 - INFO - Ep45 Step7: Reward=21.48
2026-05-12 19:14:24,397 - INFO - Ep 45 Step 7: Action=12 (DecGap), Layers=[3.5, 7.5, 7.0, 6.5, 4.0, 5.5], Gap=1.0, Reward=21.48
2026-05-12 19:15:04,199 - INFO - FLUKA OK: abl_dql_ep45_step8.inp (32.3s)
2026-05-12 19:15:04,223 - INFO - ustsuw OK â†?/home/marina/caseI/20run_caseI/final_run_confirm_time/abl_dql_ep45_step8_out_tab.lis (5 cycles, unit 24)
2026-05-12 19:15:04,223 - INFO - Ep45 Step8: HCNO: N=32.0%  H=7.2%  C=32.6%  O=28.2%
2026-05-12 19:15:04,223 - INFO - Ep45 Step8: Reward=19.78
2026-05-12 19:15:04,224 - INFO - Ep 45 Step 8: Action=13 (IncGap), Layers=[3.5, 7.5, 7.0, 6.5, 4.0, 5.5], Gap=1.5, Reward=19.78
2026-05-12 19:15:43,689 - INFO - FLUKA OK: abl_dql_ep45_step9.inp (32.3s)
2026-05-12 19:15:43,712 - INFO - ustsuw OK â†?/home/marina/caseI/20run_caseI/final_run_confirm_time/abl_dql_ep45_step9_out_tab.lis (5 cycles, unit 24)
2026-05-12 19:15:43,712 - INFO - Ep45 Step9: HCNO: N=38.4%  H=17.4%  C=18.4%  O=25.9%
2026-05-12 19:15:43,713 - INFO - Ep45 Step9: Reward=21.94
2026-05-12 19:15:43,713 - INFO - Ep 45 Step 9: Action=8 (IncL3), Layers=[3.5, 7.5, 7.5, 6.5, 4.0, 5.5], Gap=1.5, Reward=21.94
2026-05-12 19:16:23,150 - INFO - FLUKA OK: abl_dql_ep45_step10.inp (32.1s)
2026-05-12 19:16:23,171 - WARNING - prefix 'abl_dql_ep45_step10' unit 24: expected 5 cycle files, found 10: ['abl_dql_ep45_step10001_fort.24', 'abl_dql_ep45_step10002_fort.24', 'abl_dql_ep45_step10003_fort.24', 'abl_dql_ep45_step10004_fort.24', 'abl_dql_ep45_step10005_fort.24', 'abl_dql_ep45_step1001_fort.24', 'abl_dql_ep45_step1002_fort.24', 'abl_dql_ep45_step1003_fort.24', 'abl_dql_ep45_step1004_fort.24', 'abl_dql_ep45_step1005_fort.24']
2026-05-12 19:16:23,173 - INFO - ustsuw OK â†?/home/marina/caseI/20run_caseI/final_run_confirm_time/abl_dql_ep45_step10_out_tab.lis (10 cycles, unit 24)
2026-05-12 19:16:23,173 - INFO - Ep45 Step10: HCNO: N=30.9%  H=8.1%  C=26.2%  O=34.8%
2026-05-12 19:16:23,173 - INFO - Ep45 Step10: Reward=28.05
2026-05-12 19:16:23,174 - INFO - Ep 45 Step 10: Action=2 (DecL3), Layers=[3.5, 7.5, 7.0, 6.5, 4.0, 5.5], Gap=1.5, Reward=28.05
2026-05-12 19:17:02,823 - INFO - FLUKA OK: abl_dql_ep45_step11.inp (32.6s)
2026-05-12 19:17:02,847 - INFO - ustsuw OK â†?/home/marina/caseI/20run_caseI/final_run_confirm_time/abl_dql_ep45_step11_out_tab.lis (5 cycles, unit 24)
2026-05-12 19:17:02,848 - INFO - Ep45 Step11: HCNO: N=38.4%  H=17.4%  C=18.4%  O=25.9%
2026-05-12 19:17:02,848 - INFO - Ep45 Step11: Reward=21.94
2026-05-12 19:17:02,848 - INFO - Ep 45 Step 11: Action=8 (IncL3), Layers=[3.5, 7.5, 7.5, 6.5, 4.0, 5.5], Gap=1.5, Reward=21.94
2026-05-12 19:17:42,662 - INFO - FLUKA OK: abl_dql_ep45_step12.inp (32.9s)
2026-05-12 19:17:42,688 - INFO - ustsuw OK â†?/home/marina/caseI/20run_caseI/final_run_confirm_time/abl_dql_ep45_step12_out_tab.lis (5 cycles, unit 24)
2026-05-12 19:17:42,688 - INFO - Ep45 Step12: HCNO: N=32.0%  H=7.2%  C=32.6%  O=28.2%
2026-05-12 19:17:42,688 - INFO - Ep45 Step12: Reward=19.78
2026-05-12 19:17:42,688 - INFO - Ep 45 Step 12: Action=2 (DecL3), Layers=[3.5, 7.5, 7.0, 6.5, 4.0, 5.5], Gap=1.5, Reward=19.78
2026-05-12 19:18:21,789 - INFO - FLUKA OK: abl_dql_ep45_step13.inp (32.2s)
2026-05-12 19:18:21,815 - INFO - ustsuw OK â†?/home/marina/caseI/20run_caseI/final_run_confirm_time/abl_dql_ep45_step13_out_tab.lis (5 cycles, unit 24)
2026-05-12 19:18:21,815 - INFO - Ep45 Step13: HCNO: N=36.9%  H=9.0%  C=16.1%  O=38.0%
2026-05-12 19:18:21,815 - INFO - Ep45 Step13: Reward=13.48
2026-05-12 19:18:21,815 - INFO - Ep 45 Step 13: Action=2 (DecL3), Layers=[3.5, 7.5, 6.5, 6.5, 4.0, 5.5], Gap=1.5, Reward=13.48
2026-05-12 19:19:00,908 - INFO - FLUKA OK: abl_dql_ep45_step14.inp (32.4s)
2026-05-12 19:19:00,931 - INFO - ustsuw OK â†?/home/marina/caseI/20run_caseI/final_run_confirm_time/abl_dql_ep45_step14_out_tab.lis (5 cycles, unit 24)
2026-05-12 19:19:00,931 - INFO - Ep45 Step14: HCNO: N=39.9%  H=8.5%  C=23.8%  O=27.9%
2026-05-12 19:19:00,931 - INFO - Ep45 Step14: Reward=20.27
2026-05-12 19:19:00,931 - INFO - Ep 45 Step 14: Action=2 (DecL3), Layers=[3.5, 7.5, 6.0, 6.5, 4.0, 5.5], Gap=1.5, Reward=20.27
2026-05-12 19:19:40,626 - INFO - FLUKA OK: abl_dql_ep45_step15.inp (33.0s)
2026-05-12 19:19:40,650 - INFO - ustsuw OK â†?/home/marina/caseI/20run_caseI/final_run_confirm_time/abl_dql_ep45_step15_out_tab.lis (5 cycles, unit 24)
2026-05-12 19:19:40,650 - INFO - Ep45 Step15: HCNO: N=34.4%  H=11.1%  C=27.1%  O=27.4%
2026-05-12 19:19:40,650 - INFO - Ep45 Step15: Reward=25.46
2026-05-12 19:19:40,650 - INFO - Ep 45 Step 15: Action=1 (DecL2), Layers=[3.5, 7.0, 6.0, 6.5, 4.0, 5.5], Gap=1.5, Reward=25.46
2026-05-12 19:20:19,847 - INFO - FLUKA OK: abl_dql_ep45_step16.inp (32.4s)
2026-05-12 19:20:19,871 - INFO - ustsuw OK â†?/home/marina/caseI/20run_caseI/final_run_confirm_time/abl_dql_ep45_step16_out_tab.lis (5 cycles, unit 24)
2026-05-12 19:20:19,872 - INFO - Ep45 Step16: HCNO: N=36.1%  H=9.9%  C=21.8%  O=32.2%
2026-05-12 19:20:19,872 - INFO - Ep45 Step16: Reward=13.97
2026-05-12 19:20:19,872 - INFO - Ep 45 Step 16: Action=3 (DecL4), Layers=[3.5, 7.0, 6.0, 6.0, 4.0, 5.5], Gap=1.5, Reward=13.97
2026-05-12 19:20:58,643 - INFO - FLUKA OK: abl_dql_ep45_step17.inp (32.0s)
2026-05-12 19:20:58,668 - INFO - ustsuw OK â†?/home/marina/caseI/20run_caseI/final_run_confirm_time/abl_dql_ep45_step17_out_tab.lis (5 cycles, unit 24)
2026-05-12 19:20:58,668 - INFO - Ep45 Step17: HCNO: N=26.1%  H=9.7%  C=28.4%  O=35.9%
2026-05-12 19:20:58,668 - INFO - Ep45 Step17: Reward=28.60
2026-05-12 19:20:58,668 - INFO - Ep 45 Step 17: Action=7 (IncL2), Layers=[3.5, 7.5, 6.0, 6.0, 4.0, 5.5], Gap=1.5, Reward=28.60
2026-05-12 19:21:38,179 - INFO - FLUKA OK: abl_dql_ep45_step18.inp (32.5s)
2026-05-12 19:21:38,205 - INFO - ustsuw OK â†?/home/marina/caseI/20run_caseI/final_run_confirm_time/abl_dql_ep45_step18_out_tab.lis (5 cycles, unit 24)
2026-05-12 19:21:38,206 - INFO - Ep45 Step18: HCNO: N=42.0%  H=6.1%  C=27.2%  O=24.7%
2026-05-12 19:21:38,206 - INFO - Ep45 Step18: Reward=20.09
2026-05-12 19:21:38,206 - INFO - Ep 45 Step 18: Action=7 (IncL2), Layers=[3.5, 8.0, 6.0, 6.0, 4.0, 5.5], Gap=1.5, Reward=20.09
2026-05-12 19:22:17,424 - INFO - FLUKA OK: abl_dql_ep45_step19.inp (32.2s)
2026-05-12 19:22:17,447 - INFO - ustsuw OK â†?/home/marina/caseI/20run_caseI/final_run_confirm_time/abl_dql_ep45_step19_out_tab.lis (5 cycles, unit 24)
2026-05-12 19:22:17,448 - INFO - Ep45 Step19: HCNO: N=34.2%  H=14.3%  C=28.8%  O=22.7%
2026-05-12 19:22:17,448 - INFO - Ep45 Step19: Reward=12.79
2026-05-12 19:22:17,448 - INFO - Ep 45 Step 19: Action=2 (DecL3), Layers=[3.5, 8.0, 5.5, 6.0, 4.0, 5.5], Gap=1.5, Reward=12.79
2026-05-12 19:22:56,746 - INFO - FLUKA OK: abl_dql_ep45_step20.inp (32.2s)
2026-05-12 19:22:56,767 - WARNING - prefix 'abl_dql_ep45_step20' unit 24: expected 5 cycle files, found 10: ['abl_dql_ep45_step20001_fort.24', 'abl_dql_ep45_step20002_fort.24', 'abl_dql_ep45_step20003_fort.24', 'abl_dql_ep45_step20004_fort.24', 'abl_dql_ep45_step20005_fort.24', 'abl_dql_ep45_step2001_fort.24', 'abl_dql_ep45_step2002_fort.24', 'abl_dql_ep45_step2003_fort.24', 'abl_dql_ep45_step2004_fort.24', 'abl_dql_ep45_step2005_fort.24']
2026-05-12 19:22:56,770 - INFO - ustsuw OK â†?/home/marina/caseI/20run_caseI/final_run_confirm_time/abl_dql_ep45_step20_out_tab.lis (10 cycles, unit 24)
2026-05-12 19:22:56,770 - INFO - Ep45 Step20: HCNO: N=36.2%  H=10.6%  C=21.3%  O=32.0%
2026-05-12 19:22:56,770 - INFO - Ep45 Step20: Reward=25.84
2026-05-12 19:22:56,770 - INFO - Ep 45 Step 20: Action=12 (DecGap), Layers=[3.5, 8.0, 5.5, 6.0, 4.0, 5.5], Gap=1.0, Reward=25.84
2026-05-12 19:23:03,895 - INFO - Target network updated at episode 45
2026-05-12 19:23:03,895 - INFO - Episode 45: Return=396.61, Best=36.79, Loss=75.6885
2026-05-12 19:23:37,820 - INFO - FLUKA OK: abl_dql_ep46_step1.inp (33.9s)
2026-05-12 19:23:37,845 - INFO - ustsuw OK â†?/home/marina/caseI/20run_caseI/final_run_confirm_time/abl_dql_ep46_step1_out_tab.lis (5 cycles, unit 24)
2026-05-12 19:23:37,845 - INFO - Ep46 Step1: HCNO: N=38.8%  H=10.4%  C=26.3%  O=24.4%
2026-05-12 19:23:37,846 - INFO - Ep46 Step1: Reward=22.58
2026-05-12 19:23:37,846 - INFO - Ep 46 Step 1: Action=2 (DecL3), Layers=[2.0, 3.5, 7.0, 7.5, 4.0, 2.0], Gap=5.5, Reward=22.58
2026-05-12 19:24:18,586 - INFO - FLUKA OK: abl_dql_ep46_step2.inp (33.8s)
2026-05-12 19:24:18,611 - INFO - ustsuw OK â†?/home/marina/caseI/20run_caseI/final_run_confirm_time/abl_dql_ep46_step2_out_tab.lis (5 cycles, unit 24)
2026-05-12 19:24:18,612 - INFO - Ep46 Step2: HCNO: N=39.5%  H=8.0%  C=27.3%  O=25.2%
2026-05-12 19:24:18,612 - INFO - Ep46 Step2: Reward=22.43
2026-05-12 19:24:18,612 - INFO - Ep 46 Step 2: Action=13 (IncGap), Layers=[2.0, 3.5, 7.0, 7.5, 4.0, 2.0], Gap=6.0, Reward=22.43
2026-05-12 19:24:59,265 - INFO - FLUKA OK: abl_dql_ep46_step3.inp (33.8s)
2026-05-12 19:24:59,289 - INFO - ustsuw OK â†?/home/marina/caseI/20run_caseI/final_run_confirm_time/abl_dql_ep46_step3_out_tab.lis (5 cycles, unit 24)
2026-05-12 19:24:59,289 - INFO - Ep46 Step3: HCNO: N=40.0%  H=12.1%  C=25.2%  O=22.8%
2026-05-12 19:24:59,289 - INFO - Ep46 Step3: Reward=23.28
2026-05-12 19:24:59,289 - INFO - Ep 46 Step 3: Action=4 (DecL5), Layers=[2.0, 3.5, 7.0, 7.5, 3.5, 2.0], Gap=6.0, Reward=23.28
2026-05-12 19:25:40,457 - INFO - FLUKA OK: abl_dql_ep46_step4.inp (34.2s)
2026-05-12 19:25:40,482 - INFO - ustsuw OK â†?/home/marina/caseI/20run_caseI/final_run_confirm_time/abl_dql_ep46_step4_out_tab.lis (5 cycles, unit 24)
2026-05-12 19:25:40,483 - INFO - Ep46 Step4: HCNO: N=40.0%  H=12.1%  C=25.2%  O=22.8%
2026-05-12 19:25:40,483 - INFO - Ep46 Step4: Reward=23.28
2026-05-12 19:25:40,483 - INFO - Ep 46 Step 4: Action=5 (DecL6), Layers=[2.0, 3.5, 7.0, 7.5, 3.5, 2.0], Gap=6.0, Reward=23.28
2026-05-12 19:26:22,672 - INFO - FLUKA OK: abl_dql_ep46_step5.inp (34.6s)
2026-05-12 19:26:22,695 - INFO - ustsuw OK â†?/home/marina/caseI/20run_caseI/final_run_confirm_time/abl_dql_ep46_step5_out_tab.lis (5 cycles, unit 24)
2026-05-12 19:26:22,696 - INFO - Ep46 Step5: HCNO: N=40.0%  H=12.1%  C=25.2%  O=22.8%
2026-05-12 19:26:22,696 - INFO - Ep46 Step5: Reward=23.28
2026-05-12 19:26:22,696 - INFO - Ep 46 Step 5: Action=5 (DecL6), Layers=[2.0, 3.5, 7.0, 7.5, 3.5, 2.0], Gap=6.0, Reward=23.28
2026-05-12 19:27:03,852 - INFO - FLUKA OK: abl_dql_ep46_step6.inp (34.1s)
2026-05-12 19:27:03,876 - INFO - ustsuw OK â†?/home/marina/caseI/20run_caseI/final_run_confirm_time/abl_dql_ep46_step6_out_tab.lis (5 cycles, unit 24)
2026-05-12 19:27:03,876 - INFO - Ep46 Step6: HCNO: N=40.0%  H=12.1%  C=25.2%  O=22.8%
2026-05-12 19:27:03,876 - INFO - Ep46 Step6: Reward=23.28
2026-05-12 19:27:03,876 - INFO - Ep 46 Step 6: Action=0 (DecL1), Layers=[2.0, 3.5, 7.0, 7.5, 3.5, 2.0], Gap=6.0, Reward=23.28
2026-05-12 19:27:44,573 - INFO - FLUKA OK: abl_dql_ep46_step7.inp (34.0s)
2026-05-12 19:27:44,600 - INFO - ustsuw OK â†?/home/marina/caseI/20run_caseI/final_run_confirm_time/abl_dql_ep46_step7_out_tab.lis (5 cycles, unit 24)
2026-05-12 19:27:44,600 - INFO - Ep46 Step7: HCNO: N=27.3%  H=8.2%  C=29.1%  O=35.5%
2026-05-12 19:27:44,600 - INFO - Ep46 Step7: Reward=19.99
2026-05-12 19:27:44,601 - INFO - Ep 46 Step 7: Action=1 (DecL2), Layers=[2.0, 3.0, 7.0, 7.5, 3.5, 2.0], Gap=6.0, Reward=19.99
2026-05-12 19:28:26,085 - INFO - FLUKA OK: abl_dql_ep46_step8.inp (34.1s)
2026-05-12 19:28:26,109 - INFO - ustsuw OK â†?/home/marina/caseI/20run_caseI/final_run_confirm_time/abl_dql_ep46_step8_out_tab.lis (5 cycles, unit 24)
2026-05-12 19:28:26,110 - INFO - Ep46 Step8: HCNO: N=33.1%  H=13.6%  C=21.1%  O=32.2%
2026-05-12 19:28:26,110 - INFO - Ep46 Step8: Reward=26.75
2026-05-12 19:28:26,110 - INFO - Ep 46 Step 8: Action=10 (IncL5), Layers=[2.0, 3.0, 7.0, 7.5, 4.0, 2.0], Gap=6.0, Reward=26.75
2026-05-12 19:29:06,958 - INFO - FLUKA OK: abl_dql_ep46_step9.inp (34.2s)
2026-05-12 19:29:06,982 - INFO - ustsuw OK â†?/home/marina/caseI/20run_caseI/final_run_confirm_time/abl_dql_ep46_step9_out_tab.lis (5 cycles, unit 24)
2026-05-12 19:29:06,983 - INFO - Ep46 Step9: HCNO: N=33.1%  H=13.6%  C=21.1%  O=32.2%
2026-05-12 19:29:06,983 - INFO - Ep46 Step9: Reward=26.75
2026-05-12 19:29:06,983 - INFO - Ep 46 Step 9: Action=0 (DecL1), Layers=[2.0, 3.0, 7.0, 7.5, 4.0, 2.0], Gap=6.0, Reward=26.75
2026-05-12 19:29:47,699 - INFO - FLUKA OK: abl_dql_ep46_step10.inp (34.1s)
2026-05-12 19:29:47,720 - WARNING - prefix 'abl_dql_ep46_step10' unit 24: expected 5 cycle files, found 10: ['abl_dql_ep46_step10001_fort.24', 'abl_dql_ep46_step10002_fort.24', 'abl_dql_ep46_step10003_fort.24', 'abl_dql_ep46_step10004_fort.24', 'abl_dql_ep46_step10005_fort.24', 'abl_dql_ep46_step1001_fort.24', 'abl_dql_ep46_step1002_fort.24', 'abl_dql_ep46_step1003_fort.24', 'abl_dql_ep46_step1004_fort.24', 'abl_dql_ep46_step1005_fort.24']
2026-05-12 19:29:47,723 - INFO - ustsuw OK â†?/home/marina/caseI/20run_caseI/final_run_confirm_time/abl_dql_ep46_step10_out_tab.lis (10 cycles, unit 24)
2026-05-12 19:29:47,723 - INFO - Ep46 Step10: HCNO: N=38.0%  H=9.6%  C=25.7%  O=26.7%
2026-05-12 19:29:47,723 - INFO - Ep46 Step10: Reward=31.98
2026-05-12 19:29:47,723 - INFO - Ep 46 Step 10: Action=9 (IncL4), Layers=[2.0, 3.0, 7.0, 8.0, 4.0, 2.0], Gap=6.0, Reward=31.98
2026-05-12 19:30:29,536 - INFO - FLUKA OK: abl_dql_ep46_step11.inp (34.6s)
2026-05-12 19:30:29,559 - INFO - ustsuw OK â†?/home/marina/caseI/20run_caseI/final_run_confirm_time/abl_dql_ep46_step11_out_tab.lis (5 cycles, unit 24)
2026-05-12 19:30:29,560 - INFO - Ep46 Step11: HCNO: N=38.0%  H=10.7%  C=23.7%  O=27.5%
2026-05-12 19:30:29,560 - INFO - Ep46 Step11: Reward=12.47
2026-05-12 19:30:29,560 - INFO - Ep 46 Step 11: Action=13 (IncGap), Layers=[2.0, 3.0, 7.0, 8.0, 4.0, 2.0], Gap=6.5, Reward=12.47
2026-05-12 19:31:10,552 - INFO - FLUKA OK: abl_dql_ep46_step12.inp (34.0s)
2026-05-12 19:31:10,576 - INFO - ustsuw OK â†?/home/marina/caseI/20run_caseI/final_run_confirm_time/abl_dql_ep46_step12_out_tab.lis (5 cycles, unit 24)
2026-05-12 19:31:10,576 - INFO - Ep46 Step12: HCNO: N=38.0%  H=10.7%  C=23.7%  O=27.5%
2026-05-12 19:31:10,576 - INFO - Ep46 Step12: Reward=12.47
2026-05-12 19:31:10,576 - INFO - Ep 46 Step 12: Action=9 (IncL4), Layers=[2.0, 3.0, 7.0, 8.0, 4.0, 2.0], Gap=6.5, Reward=12.47
2026-05-12 19:31:52,015 - INFO - FLUKA OK: abl_dql_ep46_step13.inp (34.3s)
2026-05-12 19:31:52,039 - INFO - ustsuw OK â†?/home/marina/caseI/20run_caseI/final_run_confirm_time/abl_dql_ep46_step13_out_tab.lis (5 cycles, unit 24)
2026-05-12 19:31:52,040 - INFO - Ep46 Step13: HCNO: N=38.0%  H=10.7%  C=23.7%  O=27.5%
2026-05-12 19:31:52,040 - INFO - Ep46 Step13: Reward=12.47
2026-05-12 19:31:52,040 - INFO - Ep 46 Step 13: Action=0 (DecL1), Layers=[2.0, 3.0, 7.0, 8.0, 4.0, 2.0], Gap=6.5, Reward=12.47
2026-05-12 19:32:33,429 - INFO - FLUKA OK: abl_dql_ep46_step14.inp (34.5s)
2026-05-12 19:32:33,452 - INFO - ustsuw OK â†?/home/marina/caseI/20run_caseI/final_run_confirm_time/abl_dql_ep46_step14_out_tab.lis (5 cycles, unit 24)
2026-05-12 19:32:33,453 - INFO - Ep46 Step14: HCNO: N=38.4%  H=12.7%  C=22.6%  O=26.3%
2026-05-12 19:32:33,453 - INFO - Ep46 Step14: Reward=14.38
2026-05-12 19:32:33,453 - INFO - Ep 46 Step 14: Action=2 (DecL3), Layers=[2.0, 3.0, 6.5, 8.0, 4.0, 2.0], Gap=6.5, Reward=14.38
2026-05-12 19:33:14,318 - INFO - FLUKA OK: abl_dql_ep46_step15.inp (33.9s)
2026-05-12 19:33:14,341 - INFO - ustsuw OK â†?/home/marina/caseI/20run_caseI/final_run_confirm_time/abl_dql_ep46_step15_out_tab.lis (5 cycles, unit 24)
2026-05-12 19:33:14,342 - INFO - Ep46 Step15: HCNO: N=38.0%  H=10.7%  C=23.7%  O=27.5%
2026-05-12 19:33:14,342 - INFO - Ep46 Step15: Reward=12.47
2026-05-12 19:33:14,342 - INFO - Ep 46 Step 15: Action=8 (IncL3), Layers=[2.0, 3.0, 7.0, 8.0, 4.0, 2.0], Gap=6.5, Reward=12.47
2026-05-12 19:33:55,406 - INFO - FLUKA OK: abl_dql_ep46_step16.inp (34.2s)
2026-05-12 19:33:55,430 - INFO - ustsuw OK â†?/home/marina/caseI/20run_caseI/final_run_confirm_time/abl_dql_ep46_step16_out_tab.lis (5 cycles, unit 24)
2026-05-12 19:33:55,431 - INFO - Ep46 Step16: HCNO: N=44.8%  H=6.7%  C=15.0%  O=33.4%
2026-05-12 19:33:55,431 - INFO - Ep46 Step16: Reward=23.19
2026-05-12 19:33:55,431 - INFO - Ep 46 Step 16: Action=11 (IncL6), Layers=[2.0, 3.0, 7.0, 8.0, 4.0, 2.5], Gap=6.5, Reward=23.19
2026-05-12 19:34:36,240 - INFO - FLUKA OK: abl_dql_ep46_step17.inp (33.9s)
2026-05-12 19:34:36,263 - INFO - ustsuw OK â†?/home/marina/caseI/20run_caseI/final_run_confirm_time/abl_dql_ep46_step17_out_tab.lis (5 cycles, unit 24)
2026-05-12 19:34:36,264 - INFO - Ep46 Step17: HCNO: N=41.7%  H=8.6%  C=20.7%  O=29.0%
2026-05-12 19:34:36,264 - INFO - Ep46 Step17: Reward=26.09
2026-05-12 19:34:36,264 - INFO - Ep 46 Step 17: Action=4 (DecL5), Layers=[2.0, 3.0, 7.0, 8.0, 3.5, 2.5], Gap=6.5, Reward=26.09
2026-05-12 19:35:16,965 - INFO - FLUKA OK: abl_dql_ep46_step18.inp (33.7s)
2026-05-12 19:35:16,990 - INFO - ustsuw OK â†?/home/marina/caseI/20run_caseI/final_run_confirm_time/abl_dql_ep46_step18_out_tab.lis (5 cycles, unit 24)
2026-05-12 19:35:16,991 - INFO - Ep46 Step18: HCNO: N=41.7%  H=8.6%  C=20.7%  O=29.0%
2026-05-12 19:35:16,991 - INFO - Ep46 Step18: Reward=26.09
2026-05-12 19:35:16,991 - INFO - Ep 46 Step 18: Action=0 (DecL1), Layers=[2.0, 3.0, 7.0, 8.0, 3.5, 2.5], Gap=6.5, Reward=26.09
2026-05-12 19:35:57,719 - INFO - FLUKA OK: abl_dql_ep46_step19.inp (34.0s)
2026-05-12 19:35:57,742 - INFO - ustsuw OK â†?/home/marina/caseI/20run_caseI/final_run_confirm_time/abl_dql_ep46_step19_out_tab.lis (5 cycles, unit 24)
2026-05-12 19:35:57,742 - INFO - Ep46 Step19: HCNO: N=43.2%  H=7.5%  C=23.5%  O=25.8%
2026-05-12 19:35:57,742 - INFO - Ep46 Step19: Reward=25.90
2026-05-12 19:35:57,742 - INFO - Ep 46 Step 19: Action=12 (DecGap), Layers=[2.0, 3.0, 7.0, 8.0, 3.5, 2.5], Gap=6.0, Reward=25.90
2026-05-12 19:36:38,496 - INFO - FLUKA OK: abl_dql_ep46_step20.inp (34.1s)
2026-05-12 19:36:38,517 - WARNING - prefix 'abl_dql_ep46_step20' unit 24: expected 5 cycle files, found 10: ['abl_dql_ep46_step20001_fort.24', 'abl_dql_ep46_step20002_fort.24', 'abl_dql_ep46_step20003_fort.24', 'abl_dql_ep46_step20004_fort.24', 'abl_dql_ep46_step20005_fort.24', 'abl_dql_ep46_step2001_fort.24', 'abl_dql_ep46_step2002_fort.24', 'abl_dql_ep46_step2003_fort.24', 'abl_dql_ep46_step2004_fort.24', 'abl_dql_ep46_step2005_fort.24']
2026-05-12 19:36:38,519 - INFO - ustsuw OK â†?/home/marina/caseI/20run_caseI/final_run_confirm_time/abl_dql_ep46_step20_out_tab.lis (10 cycles, unit 24)
2026-05-12 19:36:38,520 - INFO - Ep46 Step20: HCNO: N=41.4%  H=7.8%  C=25.4%  O=25.5%
2026-05-12 19:36:38,520 - INFO - Ep46 Step20: Reward=32.53
2026-05-12 19:36:38,520 - INFO - Ep 46 Step 20: Action=0 (DecL1), Layers=[2.0, 3.0, 7.0, 8.0, 3.5, 2.5], Gap=6.0, Reward=32.53
2026-05-12 19:36:45,096 - INFO - Episode 46: Return=441.68, Best=36.79, Loss=75.3268
2026-05-12 19:37:18,929 - INFO - FLUKA OK: abl_dql_ep47_step1.inp (33.8s)
2026-05-12 19:37:18,952 - INFO - ustsuw OK â†?/home/marina/caseI/20run_caseI/final_run_confirm_time/abl_dql_ep47_step1_out_tab.lis (5 cycles, unit 24)
2026-05-12 19:37:18,953 - INFO - Ep47 Step1: HCNO: N=40.4%  H=5.9%  C=25.9%  O=27.8%
2026-05-12 19:37:18,953 - INFO - Ep47 Step1: Reward=21.86
2026-05-12 19:37:18,953 - INFO - Ep 47 Step 1: Action=10 (IncL5), Layers=[3.0, 5.0, 2.5, 8.0, 4.0, 7.5], Gap=6.5, Reward=21.86
2026-05-12 19:37:59,522 - INFO - FLUKA OK: abl_dql_ep47_step2.inp (33.8s)
2026-05-12 19:37:59,545 - INFO - ustsuw OK â†?/home/marina/caseI/20run_caseI/final_run_confirm_time/abl_dql_ep47_step2_out_tab.lis (5 cycles, unit 24)
2026-05-12 19:37:59,546 - INFO - Ep47 Step2: HCNO: N=36.8%  H=7.1%  C=35.0%  O=21.1%
2026-05-12 19:37:59,546 - INFO - Ep47 Step2: Reward=18.85
2026-05-12 19:37:59,546 - INFO - Ep 47 Step 2: Action=1 (DecL2), Layers=[3.0, 4.5, 2.5, 8.0, 4.0, 7.5], Gap=6.5, Reward=18.85
2026-05-12 19:38:40,006 - INFO - FLUKA OK: abl_dql_ep47_step3.inp (33.3s)
2026-05-12 19:38:40,029 - INFO - ustsuw OK â†?/home/marina/caseI/20run_caseI/final_run_confirm_time/abl_dql_ep47_step3_out_tab.lis (5 cycles, unit 24)
2026-05-12 19:38:40,030 - INFO - Ep47 Step3: HCNO: N=35.4%  H=8.3%  C=35.9%  O=20.4%
2026-05-12 19:38:40,030 - INFO - Ep47 Step3: Reward=21.03
2026-05-12 19:38:40,030 - INFO - Ep 47 Step 3: Action=4 (DecL5), Layers=[3.0, 4.5, 2.5, 8.0, 3.5, 7.5], Gap=6.5, Reward=21.03
2026-05-12 19:39:21,074 - INFO - FLUKA OK: abl_dql_ep47_step4.inp (34.0s)
2026-05-12 19:39:21,098 - INFO - ustsuw OK â†?/home/marina/caseI/20run_caseI/final_run_confirm_time/abl_dql_ep47_step4_out_tab.lis (5 cycles, unit 24)
2026-05-12 19:39:21,099 - INFO - Ep47 Step4: HCNO: N=36.8%  H=7.1%  C=35.0%  O=21.1%
2026-05-12 19:39:21,099 - INFO - Ep47 Step4: Reward=18.85
2026-05-12 19:39:21,099 - INFO - Ep 47 Step 4: Action=10 (IncL5), Layers=[3.0, 4.5, 2.5, 8.0, 4.0, 7.5], Gap=6.5, Reward=18.85
2026-05-12 19:40:02,133 - INFO - FLUKA OK: abl_dql_ep47_step5.inp (34.2s)
2026-05-12 19:40:02,157 - INFO - ustsuw OK â†?/home/marina/caseI/20run_caseI/final_run_confirm_time/abl_dql_ep47_step5_out_tab.lis (5 cycles, unit 24)
2026-05-12 19:40:02,158 - INFO - Ep47 Step5: HCNO: N=35.5%  H=6.9%  C=30.9%  O=26.7%
2026-05-12 19:40:02,158 - INFO - Ep47 Step5: Reward=19.94
2026-05-12 19:40:02,158 - INFO - Ep 47 Step 5: Action=5 (DecL6), Layers=[3.0, 4.5, 2.5, 8.0, 4.0, 7.0], Gap=6.5, Reward=19.94
2026-05-12 19:40:43,281 - INFO - FLUKA OK: abl_dql_ep47_step6.inp (34.2s)
2026-05-12 19:40:43,305 - INFO - ustsuw OK â†?/home/marina/caseI/20run_caseI/final_run_confirm_time/abl_dql_ep47_step6_out_tab.lis (5 cycles, unit 24)
2026-05-12 19:40:43,306 - INFO - Ep47 Step6: HCNO: N=38.8%  H=3.1%  C=27.0%  O=31.1%
2026-05-12 19:40:43,306 - INFO - Ep47 Step6: Reward=18.93
2026-05-12 19:40:43,306 - INFO - Ep 47 Step 6: Action=2 (DecL3), Layers=[3.0, 4.5, 2.0, 8.0, 4.0, 7.0], Gap=6.5, Reward=18.93
2026-05-12 19:41:24,159 - INFO - FLUKA OK: abl_dql_ep47_step7.inp (34.0s)
2026-05-12 19:41:24,184 - INFO - ustsuw OK â†?/home/marina/caseI/20run_caseI/final_run_confirm_time/abl_dql_ep47_step7_out_tab.lis (5 cycles, unit 24)
2026-05-12 19:41:24,184 - INFO - Ep47 Step7: HCNO: N=37.3%  H=5.5%  C=29.8%  O=27.5%
2026-05-12 19:41:24,184 - INFO - Ep47 Step7: Reward=20.59
2026-05-12 19:41:24,184 - INFO - Ep 47 Step 7: Action=4 (DecL5), Layers=[3.0, 4.5, 2.0, 8.0, 3.5, 7.0], Gap=6.5, Reward=20.59
2026-05-12 19:42:04,987 - INFO - FLUKA OK: abl_dql_ep47_step8.inp (34.0s)
2026-05-12 19:42:05,011 - INFO - ustsuw OK â†?/home/marina/caseI/20run_caseI/final_run_confirm_time/abl_dql_ep47_step8_out_tab.lis (5 cycles, unit 24)
2026-05-12 19:42:05,012 - INFO - Ep47 Step8: HCNO: N=36.9%  H=4.2%  C=33.1%  O=25.8%
2026-05-12 19:42:05,012 - INFO - Ep47 Step8: Reward=15.53
2026-05-12 19:42:05,012 - INFO - Ep 47 Step 8: Action=13 (IncGap), Layers=[3.0, 4.5, 2.0, 8.0, 3.5, 7.0], Gap=7.0, Reward=15.53
2026-05-12 19:42:45,616 - INFO - FLUKA OK: abl_dql_ep47_step9.inp (33.9s)
2026-05-12 19:42:45,639 - INFO - ustsuw OK â†?/home/marina/caseI/20run_caseI/final_run_confirm_time/abl_dql_ep47_step9_out_tab.lis (5 cycles, unit 24)
2026-05-12 19:42:45,640 - INFO - Ep47 Step9: HCNO: N=40.5%  H=4.3%  C=29.3%  O=25.9%
2026-05-12 19:42:45,640 - INFO - Ep47 Step9: Reward=12.81
2026-05-12 19:42:45,640 - INFO - Ep 47 Step 9: Action=13 (IncGap), Layers=[3.0, 4.5, 2.0, 8.0, 3.5, 7.0], Gap=7.5, Reward=12.81
2026-05-12 19:43:27,180 - INFO - FLUKA OK: abl_dql_ep47_step10.inp (34.2s)
2026-05-12 19:43:27,202 - WARNING - prefix 'abl_dql_ep47_step10' unit 24: expected 5 cycle files, found 10: ['abl_dql_ep47_step10001_fort.24', 'abl_dql_ep47_step10002_fort.24', 'abl_dql_ep47_step10003_fort.24', 'abl_dql_ep47_step10004_fort.24', 'abl_dql_ep47_step10005_fort.24', 'abl_dql_ep47_step1001_fort.24', 'abl_dql_ep47_step1002_fort.24', 'abl_dql_ep47_step1003_fort.24', 'abl_dql_ep47_step1004_fort.24', 'abl_dql_ep47_step1005_fort.24']
2026-05-12 19:43:27,204 - INFO - ustsuw OK â†?/home/marina/caseI/20run_caseI/final_run_confirm_time/abl_dql_ep47_step10_out_tab.lis (10 cycles, unit 24)
2026-05-12 19:43:27,205 - INFO - Ep47 Step10: HCNO: N=37.6%  H=8.5%  C=26.7%  O=27.2%
2026-05-12 19:43:27,205 - INFO - Ep47 Step10: Reward=29.01
2026-05-12 19:43:27,205 - INFO - Ep 47 Step 10: Action=1 (DecL2), Layers=[3.0, 4.0, 2.0, 8.0, 3.5, 7.0], Gap=7.5, Reward=29.01
2026-05-12 19:44:07,999 - INFO - FLUKA OK: abl_dql_ep47_step11.inp (34.2s)
2026-05-12 19:44:08,023 - INFO - ustsuw OK â†?/home/marina/caseI/20run_caseI/final_run_confirm_time/abl_dql_ep47_step11_out_tab.lis (5 cycles, unit 24)
2026-05-12 19:44:08,024 - INFO - Ep47 Step11: HCNO: N=34.4%  H=8.1%  C=16.4%  O=41.1%
2026-05-12 19:44:08,024 - INFO - Ep47 Step11: Reward=16.61
2026-05-12 19:44:08,024 - INFO - Ep 47 Step 11: Action=8 (IncL3), Layers=[3.0, 4.0, 2.5, 8.0, 3.5, 7.0], Gap=7.5, Reward=16.61
2026-05-12 19:44:48,669 - INFO - FLUKA OK: abl_dql_ep47_step12.inp (34.0s)
2026-05-12 19:44:48,692 - INFO - ustsuw OK â†?/home/marina/caseI/20run_caseI/final_run_confirm_time/abl_dql_ep47_step12_out_tab.lis (5 cycles, unit 24)
2026-05-12 19:44:48,693 - INFO - Ep47 Step12: HCNO: N=34.4%  H=8.1%  C=16.4%  O=41.1%
2026-05-12 19:44:48,693 - INFO - Ep47 Step12: Reward=16.61
2026-05-12 19:44:48,693 - INFO - Ep 47 Step 12: Action=9 (IncL4), Layers=[3.0, 4.0, 2.5, 8.0, 3.5, 7.0], Gap=7.5, Reward=16.61
2026-05-12 19:45:29,588 - INFO - FLUKA OK: abl_dql_ep47_step13.inp (34.3s)
2026-05-12 19:45:29,613 - INFO - ustsuw OK â†?/home/marina/caseI/20run_caseI/final_run_confirm_time/abl_dql_ep47_step13_out_tab.lis (5 cycles, unit 24)
2026-05-12 19:45:29,613 - INFO - Ep47 Step13: HCNO: N=40.2%  H=12.5%  C=17.1%  O=30.2%
2026-05-12 19:45:29,613 - INFO - Ep47 Step13: Reward=20.12
2026-05-12 19:45:29,613 - INFO - Ep 47 Step 13: Action=11 (IncL6), Layers=[3.0, 4.0, 2.5, 8.0, 3.5, 7.5], Gap=7.5, Reward=20.12
2026-05-12 19:46:11,376 - INFO - FLUKA OK: abl_dql_ep47_step14.inp (34.4s)
2026-05-12 19:46:11,400 - INFO - ustsuw OK â†?/home/marina/caseI/20run_caseI/final_run_confirm_time/abl_dql_ep47_step14_out_tab.lis (5 cycles, unit 24)
2026-05-12 19:46:11,401 - INFO - Ep47 Step14: HCNO: N=32.2%  H=8.3%  C=34.9%  O=24.5%
2026-05-12 19:46:11,401 - INFO - Ep47 Step14: Reward=15.91
2026-05-12 19:46:11,401 - INFO - Ep 47 Step 14: Action=7 (IncL2), Layers=[3.0, 4.5, 2.5, 8.0, 3.5, 7.5], Gap=7.5, Reward=15.91
2026-05-12 19:46:52,843 - INFO - FLUKA OK: abl_dql_ep47_step15.inp (34.3s)
2026-05-12 19:46:52,867 - INFO - ustsuw OK â†?/home/marina/caseI/20run_caseI/final_run_confirm_time/abl_dql_ep47_step15_out_tab.lis (5 cycles, unit 24)
2026-05-12 19:46:52,868 - INFO - Ep47 Step15: HCNO: N=37.8%  H=4.8%  C=28.6%  O=28.8%
2026-05-12 19:46:52,868 - INFO - Ep47 Step15: Reward=20.72
2026-05-12 19:46:52,868 - INFO - Ep 47 Step 15: Action=2 (DecL3), Layers=[3.0, 4.5, 2.0, 8.0, 3.5, 7.5], Gap=7.5, Reward=20.72
2026-05-12 19:47:34,220 - INFO - FLUKA OK: abl_dql_ep47_step16.inp (34.3s)
2026-05-12 19:47:34,243 - INFO - ustsuw OK â†?/home/marina/caseI/20run_caseI/final_run_confirm_time/abl_dql_ep47_step16_out_tab.lis (5 cycles, unit 24)
2026-05-12 19:47:34,244 - INFO - Ep47 Step16: HCNO: N=32.2%  H=8.3%  C=34.9%  O=24.5%
2026-05-12 19:47:34,244 - INFO - Ep47 Step16: Reward=15.91
2026-05-12 19:47:34,244 - INFO - Ep 47 Step 16: Action=8 (IncL3), Layers=[3.0, 4.5, 2.5, 8.0, 3.5, 7.5], Gap=7.5, Reward=15.91
2026-05-12 19:48:15,503 - INFO - FLUKA OK: abl_dql_ep47_step17.inp (34.4s)
2026-05-12 19:48:15,526 - INFO - ustsuw OK â†?/home/marina/caseI/20run_caseI/final_run_confirm_time/abl_dql_ep47_step17_out_tab.lis (5 cycles, unit 24)
2026-05-12 19:48:15,527 - INFO - Ep47 Step17: HCNO: N=30.1%  H=8.2%  C=33.6%  O=28.1%
2026-05-12 19:48:15,527 - INFO - Ep47 Step17: Reward=18.79
2026-05-12 19:48:15,527 - INFO - Ep 47 Step 17: Action=11 (IncL6), Layers=[3.0, 4.5, 2.5, 8.0, 3.5, 8.0], Gap=7.5, Reward=18.79
2026-05-12 19:48:55,905 - INFO - FLUKA OK: abl_dql_ep47_step18.inp (33.7s)
2026-05-12 19:48:55,928 - INFO - ustsuw OK â†?/home/marina/caseI/20run_caseI/final_run_confirm_time/abl_dql_ep47_step18_out_tab.lis (5 cycles, unit 24)
2026-05-12 19:48:55,928 - INFO - Ep47 Step18: HCNO: N=30.1%  H=8.2%  C=33.6%  O=28.1%
2026-05-12 19:48:55,928 - INFO - Ep47 Step18: Reward=18.79
2026-05-12 19:48:55,928 - INFO - Ep 47 Step 18: Action=9 (IncL4), Layers=[3.0, 4.5, 2.5, 8.0, 3.5, 8.0], Gap=7.5, Reward=18.79
2026-05-12 19:49:36,406 - INFO - FLUKA OK: abl_dql_ep47_step19.inp (33.4s)
2026-05-12 19:49:36,431 - INFO - ustsuw OK â†?/home/marina/caseI/20run_caseI/final_run_confirm_time/abl_dql_ep47_step19_out_tab.lis (5 cycles, unit 24)
2026-05-12 19:49:36,431 - INFO - Ep47 Step19: HCNO: N=40.6%  H=11.5%  C=21.9%  O=25.9%
2026-05-12 19:49:36,431 - INFO - Ep47 Step19: Reward=18.39
2026-05-12 19:49:36,431 - INFO - Ep 47 Step 19: Action=6 (IncL1), Layers=[3.5, 4.5, 2.5, 8.0, 3.5, 8.0], Gap=7.5, Reward=18.39
2026-05-12 19:50:17,046 - INFO - FLUKA OK: abl_dql_ep47_step20.inp (33.7s)
2026-05-12 19:50:17,068 - WARNING - prefix 'abl_dql_ep47_step20' unit 24: expected 5 cycle files, found 10: ['abl_dql_ep47_step20001_fort.24', 'abl_dql_ep47_step20002_fort.24', 'abl_dql_ep47_step20003_fort.24', 'abl_dql_ep47_step20004_fort.24', 'abl_dql_ep47_step20005_fort.24', 'abl_dql_ep47_step2001_fort.24', 'abl_dql_ep47_step2002_fort.24', 'abl_dql_ep47_step2003_fort.24', 'abl_dql_ep47_step2004_fort.24', 'abl_dql_ep47_step2005_fort.24']
2026-05-12 19:50:17,070 - INFO - ustsuw OK â†?/home/marina/caseI/20run_caseI/final_run_confirm_time/abl_dql_ep47_step20_out_tab.lis (10 cycles, unit 24)
2026-05-12 19:50:17,071 - INFO - Ep47 Step20: HCNO: N=37.9%  H=9.4%  C=31.9%  O=20.7%
2026-05-12 19:50:17,071 - INFO - Ep47 Step20: Reward=29.08
2026-05-12 19:50:17,071 - INFO - Ep 47 Step 20: Action=2 (DecL3), Layers=[3.5, 4.5, 2.0, 8.0, 3.5, 8.0], Gap=7.5, Reward=29.08
2026-05-12 19:50:23,880 - INFO - Episode 47: Return=388.32, Best=36.79, Loss=75.0359
2026-05-12 19:50:55,011 - INFO - FLUKA OK: abl_dql_ep48_step1.inp (31.1s)
2026-05-12 19:50:55,035 - INFO - ustsuw OK â†?/home/marina/caseI/20run_caseI/final_run_confirm_time/abl_dql_ep48_step1_out_tab.lis (5 cycles, unit 24)
2026-05-12 19:50:55,035 - INFO - Ep48 Step1: HCNO: N=28.9%  H=12.4%  C=25.6%  O=33.2%
2026-05-12 19:50:55,036 - INFO - Ep48 Step1: Reward=22.31
2026-05-12 19:50:55,036 - INFO - Ep 48 Step 1: Action=3 (DecL4), Layers=[7.0, 7.5, 4.0, 5.0, 3.5, 3.5], Gap=7.0, Reward=22.31
2026-05-12 19:51:32,763 - INFO - FLUKA OK: abl_dql_ep48_step2.inp (30.9s)
2026-05-12 19:51:32,792 - INFO - ustsuw OK â†?/home/marina/caseI/20run_caseI/final_run_confirm_time/abl_dql_ep48_step2_out_tab.lis (5 cycles, unit 24)
2026-05-12 19:51:32,793 - INFO - Ep48 Step2: HCNO: N=37.6%  H=12.4%  C=21.5%  O=28.5%
2026-05-12 19:51:32,793 - INFO - Ep48 Step2: Reward=21.48
2026-05-12 19:51:32,793 - INFO - Ep 48 Step 2: Action=11 (IncL6), Layers=[7.0, 7.5, 4.0, 5.0, 3.5, 4.0], Gap=7.0, Reward=21.48
2026-05-12 19:52:11,812 - INFO - FLUKA OK: abl_dql_ep48_step3.inp (31.4s)
2026-05-12 19:52:11,840 - INFO - ustsuw OK â†?/home/marina/caseI/20run_caseI/final_run_confirm_time/abl_dql_ep48_step3_out_tab.lis (5 cycles, unit 24)
2026-05-12 19:52:11,841 - INFO - Ep48 Step3: HCNO: N=28.9%  H=12.4%  C=25.6%  O=33.2%
2026-05-12 19:52:11,841 - INFO - Ep48 Step3: Reward=22.31
2026-05-12 19:52:11,841 - INFO - Ep 48 Step 3: Action=5 (DecL6), Layers=[7.0, 7.5, 4.0, 5.0, 3.5, 3.5], Gap=7.0, Reward=22.31
2026-05-12 19:52:49,357 - INFO - FLUKA OK: abl_dql_ep48_step4.inp (30.9s)
2026-05-12 19:52:49,382 - INFO - ustsuw OK â†?/home/marina/caseI/20run_caseI/final_run_confirm_time/abl_dql_ep48_step4_out_tab.lis (5 cycles, unit 24)
2026-05-12 19:52:49,382 - INFO - Ep48 Step4: HCNO: N=29.6%  H=13.9%  C=31.7%  O=24.9%
2026-05-12 19:52:49,382 - INFO - Ep48 Step4: Reward=22.00
2026-05-12 19:52:49,382 - INFO - Ep 48 Step 4: Action=7 (IncL2), Layers=[7.0, 8.0, 4.0, 5.0, 3.5, 3.5], Gap=7.0, Reward=22.00
2026-05-12 19:53:26,978 - INFO - FLUKA OK: abl_dql_ep48_step5.inp (31.0s)
2026-05-12 19:53:27,003 - INFO - ustsuw OK â†?/home/marina/caseI/20run_caseI/final_run_confirm_time/abl_dql_ep48_step5_out_tab.lis (5 cycles, unit 24)
2026-05-12 19:53:27,004 - INFO - Ep48 Step5: HCNO: N=28.9%  H=12.4%  C=25.6%  O=33.2%
2026-05-12 19:53:27,004 - INFO - Ep48 Step5: Reward=22.31
2026-05-12 19:53:27,004 - INFO - Ep 48 Step 5: Action=1 (DecL2), Layers=[7.0, 7.5, 4.0, 5.0, 3.5, 3.5], Gap=7.0, Reward=22.31
2026-05-12 19:54:05,261 - INFO - FLUKA OK: abl_dql_ep48_step6.inp (31.1s)
2026-05-12 19:54:05,287 - INFO - ustsuw OK â†?/home/marina/caseI/20run_caseI/final_run_confirm_time/abl_dql_ep48_step6_out_tab.lis (5 cycles, unit 24)
2026-05-12 19:54:05,288 - INFO - Ep48 Step6: HCNO: N=35.9%  H=15.0%  C=18.7%  O=30.4%
2026-05-12 19:54:05,288 - INFO - Ep48 Step6: Reward=20.40
2026-05-12 19:54:05,288 - INFO - Ep 48 Step 6: Action=2 (DecL3), Layers=[7.0, 7.5, 3.5, 5.0, 3.5, 3.5], Gap=7.0, Reward=20.40
2026-05-12 19:54:43,660 - INFO - FLUKA OK: abl_dql_ep48_step7.inp (30.7s)
2026-05-12 19:54:43,684 - INFO - ustsuw OK â†?/home/marina/caseI/20run_caseI/final_run_confirm_time/abl_dql_ep48_step7_out_tab.lis (5 cycles, unit 24)
2026-05-12 19:54:43,685 - INFO - Ep48 Step7: HCNO: N=36.9%  H=17.5%  C=19.4%  O=26.2%
2026-05-12 19:54:43,685 - INFO - Ep48 Step7: Reward=15.80
2026-05-12 19:54:43,685 - INFO - Ep 48 Step 7: Action=12 (DecGap), Layers=[7.0, 7.5, 3.5, 5.0, 3.5, 3.5], Gap=6.5, Reward=15.80
2026-05-12 19:55:21,984 - INFO - FLUKA OK: abl_dql_ep48_step8.inp (31.3s)
2026-05-12 19:55:22,010 - INFO - ustsuw OK â†?/home/marina/caseI/20run_caseI/final_run_confirm_time/abl_dql_ep48_step8_out_tab.lis (5 cycles, unit 24)
2026-05-12 19:55:22,011 - INFO - Ep48 Step8: HCNO: N=40.7%  H=10.3%  C=17.6%  O=31.4%
2026-05-12 19:55:22,011 - INFO - Ep48 Step8: Reward=32.27
2026-05-12 19:55:22,011 - INFO - Ep 48 Step 8: Action=9 (IncL4), Layers=[7.0, 7.5, 3.5, 5.5, 3.5, 3.5], Gap=6.5, Reward=32.27
2026-05-12 19:55:59,855 - INFO - FLUKA OK: abl_dql_ep48_step9.inp (30.9s)
2026-05-12 19:55:59,879 - INFO - ustsuw OK â†?/home/marina/caseI/20run_caseI/final_run_confirm_time/abl_dql_ep48_step9_out_tab.lis (5 cycles, unit 24)
2026-05-12 19:55:59,880 - INFO - Ep48 Step9: HCNO: N=40.7%  H=9.4%  C=24.2%  O=25.7%
2026-05-12 19:55:59,880 - INFO - Ep48 Step9: Reward=22.59
2026-05-12 19:55:59,880 - INFO - Ep 48 Step 9: Action=10 (IncL5), Layers=[7.0, 7.5, 3.5, 5.5, 4.0, 3.5], Gap=6.5, Reward=22.59
2026-05-12 19:56:37,563 - INFO - FLUKA OK: abl_dql_ep48_step10.inp (30.8s)
2026-05-12 19:56:37,588 - WARNING - prefix 'abl_dql_ep48_step10' unit 24: expected 5 cycle files, found 10: ['abl_dql_ep48_step10001_fort.24', 'abl_dql_ep48_step10002_fort.24', 'abl_dql_ep48_step10003_fort.24', 'abl_dql_ep48_step10004_fort.24', 'abl_dql_ep48_step10005_fort.24', 'abl_dql_ep48_step1001_fort.24', 'abl_dql_ep48_step1002_fort.24', 'abl_dql_ep48_step1003_fort.24', 'abl_dql_ep48_step1004_fort.24', 'abl_dql_ep48_step1005_fort.24']
2026-05-12 19:56:37,590 - INFO - ustsuw OK â†?/home/marina/caseI/20run_caseI/final_run_confirm_time/abl_dql_ep48_step10_out_tab.lis (10 cycles, unit 24)
2026-05-12 19:56:37,592 - INFO - Ep48 Step10: HCNO: N=31.8%  H=10.7%  C=23.4%  O=34.1%
2026-05-12 19:56:37,592 - INFO - Ep48 Step10: Reward=29.07
2026-05-12 19:56:37,592 - INFO - Ep 48 Step 10: Action=2 (DecL3), Layers=[7.0, 7.5, 3.0, 5.5, 4.0, 3.5], Gap=6.5, Reward=29.07
2026-05-12 19:57:15,448 - INFO - FLUKA OK: abl_dql_ep48_step11.inp (31.1s)
2026-05-12 19:57:15,471 - INFO - ustsuw OK â†?/home/marina/caseI/20run_caseI/final_run_confirm_time/abl_dql_ep48_step11_out_tab.lis (5 cycles, unit 24)
2026-05-12 19:57:15,472 - INFO - Ep48 Step11: HCNO: N=33.6%  H=7.2%  C=21.2%  O=38.0%
2026-05-12 19:57:15,472 - INFO - Ep48 Step11: Reward=9.40
2026-05-12 19:57:15,472 - INFO - Ep 48 Step 11: Action=10 (IncL5), Layers=[7.0, 7.5, 3.0, 5.5, 4.5, 3.5], Gap=6.5, Reward=9.40
2026-05-12 19:57:53,183 - INFO - FLUKA OK: abl_dql_ep48_step12.inp (31.0s)
2026-05-12 19:57:53,206 - INFO - ustsuw OK â†?/home/marina/caseI/20run_caseI/final_run_confirm_time/abl_dql_ep48_step12_out_tab.lis (5 cycles, unit 24)
2026-05-12 19:57:53,207 - INFO - Ep48 Step12: HCNO: N=36.3%  H=6.8%  C=22.4%  O=34.5%
2026-05-12 19:57:53,207 - INFO - Ep48 Step12: Reward=15.22
2026-05-12 19:57:53,207 - INFO - Ep 48 Step 12: Action=12 (DecGap), Layers=[7.0, 7.5, 3.0, 5.5, 4.5, 3.5], Gap=6.0, Reward=15.22
2026-05-12 19:58:30,757 - INFO - FLUKA OK: abl_dql_ep48_step13.inp (30.9s)
2026-05-12 19:58:30,780 - INFO - ustsuw OK â†?/home/marina/caseI/20run_caseI/final_run_confirm_time/abl_dql_ep48_step13_out_tab.lis (5 cycles, unit 24)
2026-05-12 19:58:30,781 - INFO - Ep48 Step13: HCNO: N=40.8%  H=13.9%  C=23.2%  O=22.1%
2026-05-12 19:58:30,781 - INFO - Ep48 Step13: Reward=14.01
2026-05-12 19:58:30,781 - INFO - Ep 48 Step 13: Action=8 (IncL3), Layers=[7.0, 7.5, 3.5, 5.5, 4.5, 3.5], Gap=6.0, Reward=14.01
2026-05-12 19:59:08,534 - INFO - FLUKA OK: abl_dql_ep48_step14.inp (31.0s)
2026-05-12 19:59:08,559 - INFO - ustsuw OK â†?/home/marina/caseI/20run_caseI/final_run_confirm_time/abl_dql_ep48_step14_out_tab.lis (5 cycles, unit 24)
2026-05-12 19:59:08,560 - INFO - Ep48 Step14: HCNO: N=40.1%  H=8.1%  C=25.8%  O=26.0%
2026-05-12 19:59:08,560 - INFO - Ep48 Step14: Reward=28.84
2026-05-12 19:59:08,560 - INFO - Ep 48 Step 14: Action=4 (DecL5), Layers=[7.0, 7.5, 3.5, 5.5, 4.0, 3.5], Gap=6.0, Reward=28.84
2026-05-12 19:59:46,790 - INFO - FLUKA OK: abl_dql_ep48_step15.inp (31.4s)
2026-05-12 19:59:46,815 - INFO - ustsuw OK â†?/home/marina/caseI/20run_caseI/final_run_confirm_time/abl_dql_ep48_step15_out_tab.lis (5 cycles, unit 24)
2026-05-12 19:59:46,816 - INFO - Ep48 Step15: HCNO: N=40.8%  H=13.9%  C=23.2%  O=22.1%
2026-05-12 19:59:46,816 - INFO - Ep48 Step15: Reward=14.01
2026-05-12 19:59:46,816 - INFO - Ep 48 Step 15: Action=10 (IncL5), Layers=[7.0, 7.5, 3.5, 5.5, 4.5, 3.5], Gap=6.0, Reward=14.01
2026-05-12 20:00:24,530 - INFO - FLUKA OK: abl_dql_ep48_step16.inp (31.2s)
2026-05-12 20:00:24,555 - INFO - ustsuw OK â†?/home/marina/caseI/20run_caseI/final_run_confirm_time/abl_dql_ep48_step16_out_tab.lis (5 cycles, unit 24)
2026-05-12 20:00:24,555 - INFO - Ep48 Step16: HCNO: N=32.1%  H=13.9%  C=19.7%  O=34.3%
2026-05-12 20:00:24,555 - INFO - Ep48 Step16: Reward=23.01
2026-05-12 20:00:24,555 - INFO - Ep 48 Step 16: Action=8 (IncL3), Layers=[7.0, 7.5, 4.0, 5.5, 4.5, 3.5], Gap=6.0, Reward=23.01
2026-05-12 20:01:02,571 - INFO - FLUKA OK: abl_dql_ep48_step17.inp (31.2s)
2026-05-12 20:01:02,595 - INFO - ustsuw OK â†?/home/marina/caseI/20run_caseI/final_run_confirm_time/abl_dql_ep48_step17_out_tab.lis (5 cycles, unit 24)
2026-05-12 20:01:02,596 - INFO - Ep48 Step17: HCNO: N=29.6%  H=13.7%  C=22.1%  O=34.7%
2026-05-12 20:01:02,596 - INFO - Ep48 Step17: Reward=23.32
2026-05-12 20:01:02,596 - INFO - Ep 48 Step 17: Action=13 (IncGap), Layers=[7.0, 7.5, 4.0, 5.5, 4.5, 3.5], Gap=6.5, Reward=23.32
2026-05-12 20:01:40,991 - INFO - FLUKA OK: abl_dql_ep48_step18.inp (31.2s)
2026-05-12 20:01:41,017 - INFO - ustsuw OK â†?/home/marina/caseI/20run_caseI/final_run_confirm_time/abl_dql_ep48_step18_out_tab.lis (5 cycles, unit 24)
2026-05-12 20:01:41,017 - INFO - Ep48 Step18: HCNO: N=40.5%  H=4.7%  C=21.4%  O=33.4%
2026-05-12 20:01:41,017 - INFO - Ep48 Step18: Reward=2.50
2026-05-12 20:01:41,017 - INFO - Ep 48 Step 18: Action=6 (IncL1), Layers=[7.5, 7.5, 4.0, 5.5, 4.5, 3.5], Gap=6.5, Reward=2.50
2026-05-12 20:02:19,233 - INFO - FLUKA OK: abl_dql_ep48_step19.inp (30.9s)
2026-05-12 20:02:19,259 - INFO - ustsuw OK â†?/home/marina/caseI/20run_caseI/final_run_confirm_time/abl_dql_ep48_step19_out_tab.lis (5 cycles, unit 24)
2026-05-12 20:02:19,260 - INFO - Ep48 Step19: HCNO: N=25.1%  H=9.1%  C=35.8%  O=30.0%
2026-05-12 20:02:19,260 - INFO - Ep48 Step19: Reward=6.28
2026-05-12 20:02:19,260 - INFO - Ep 48 Step 19: Action=8 (IncL3), Layers=[7.5, 7.5, 4.5, 5.5, 4.5, 3.5], Gap=6.5, Reward=6.28
2026-05-12 20:02:57,658 - INFO - FLUKA OK: abl_dql_ep48_step20.inp (31.4s)
2026-05-12 20:02:57,681 - WARNING - prefix 'abl_dql_ep48_step20' unit 24: expected 5 cycle files, found 10: ['abl_dql_ep48_step20001_fort.24', 'abl_dql_ep48_step20002_fort.24', 'abl_dql_ep48_step20003_fort.24', 'abl_dql_ep48_step20004_fort.24', 'abl_dql_ep48_step20005_fort.24', 'abl_dql_ep48_step2001_fort.24', 'abl_dql_ep48_step2002_fort.24', 'abl_dql_ep48_step2003_fort.24', 'abl_dql_ep48_step2004_fort.24', 'abl_dql_ep48_step2005_fort.24']
2026-05-12 20:02:57,683 - INFO - ustsuw OK â†?/home/marina/caseI/20run_caseI/final_run_confirm_time/abl_dql_ep48_step20_out_tab.lis (10 cycles, unit 24)
2026-05-12 20:02:57,684 - INFO - Ep48 Step20: HCNO: N=31.7%  H=8.9%  C=25.2%  O=34.2%
2026-05-12 20:02:57,684 - INFO - Ep48 Step20: Reward=24.79
2026-05-12 20:02:57,684 - INFO - Ep 48 Step 20: Action=10 (IncL5), Layers=[7.5, 7.5, 4.5, 5.5, 5.0, 3.5], Gap=6.5, Reward=24.79
2026-05-12 20:03:04,707 - INFO - Episode 48: Return=391.92, Best=36.79, Loss=74.6910
2026-05-12 20:03:35,534 - INFO - FLUKA OK: abl_dql_ep49_step1.inp (30.8s)
2026-05-12 20:03:35,558 - INFO - ustsuw OK â†?/home/marina/caseI/20run_caseI/final_run_confirm_time/abl_dql_ep49_step1_out_tab.lis (5 cycles, unit 24)
2026-05-12 20:03:35,559 - INFO - Ep49 Step1: HCNO: N=30.5%  H=4.8%  C=31.3%  O=33.4%
2026-05-12 20:03:35,559 - INFO - Ep49 Step1: Reward=12.16
2026-05-12 20:03:35,559 - INFO - Ep 49 Step 1: Action=10 (IncL5), Layers=[7.0, 8.0, 8.0, 5.0, 8.0, 5.0], Gap=7.0, Reward=12.16
2026-05-12 20:04:13,302 - INFO - FLUKA OK: abl_dql_ep49_step2.inp (30.9s)
2026-05-12 20:04:13,329 - INFO - ustsuw OK â†?/home/marina/caseI/20run_caseI/final_run_confirm_time/abl_dql_ep49_step2_out_tab.lis (5 cycles, unit 24)
2026-05-12 20:04:13,329 - INFO - Ep49 Step2: HCNO: N=20.4%  H=5.1%  C=35.0%  O=39.5%
2026-05-12 20:04:13,329 - INFO - Ep49 Step2: Reward=15.53
2026-05-12 20:04:13,330 - INFO - Ep 49 Step 2: Action=11 (IncL6), Layers=[7.0, 8.0, 8.0, 5.0, 8.0, 5.5], Gap=7.0, Reward=15.53
2026-05-12 20:04:51,131 - INFO - FLUKA OK: abl_dql_ep49_step3.inp (31.0s)
2026-05-12 20:04:51,157 - INFO - ustsuw OK â†?/home/marina/caseI/20run_caseI/final_run_confirm_time/abl_dql_ep49_step3_out_tab.lis (5 cycles, unit 24)
2026-05-12 20:04:51,157 - INFO - Ep49 Step3: HCNO: N=41.5%  H=6.3%  C=24.2%  O=27.9%
2026-05-12 20:04:51,157 - INFO - Ep49 Step3: Reward=20.06
2026-05-12 20:04:51,157 - INFO - Ep 49 Step 3: Action=0 (DecL1), Layers=[6.5, 8.0, 8.0, 5.0, 8.0, 5.5], Gap=7.0, Reward=20.06
2026-05-12 20:05:28,910 - INFO - FLUKA OK: abl_dql_ep49_step4.inp (31.0s)
2026-05-12 20:05:28,936 - INFO - ustsuw OK â†?/home/marina/caseI/20run_caseI/final_run_confirm_time/abl_dql_ep49_step4_out_tab.lis (5 cycles, unit 24)
2026-05-12 20:05:28,936 - INFO - Ep49 Step4: HCNO: N=43.8%  H=5.8%  C=29.2%  O=21.1%
2026-05-12 20:05:28,936 - INFO - Ep49 Step4: Reward=11.89
2026-05-12 20:05:28,936 - INFO - Ep 49 Step 4: Action=4 (DecL5), Layers=[6.5, 8.0, 8.0, 5.0, 7.5, 5.5], Gap=7.0, Reward=11.89
2026-05-12 20:06:07,008 - INFO - FLUKA OK: abl_dql_ep49_step5.inp (31.4s)
2026-05-12 20:06:07,033 - INFO - ustsuw OK â†?/home/marina/caseI/20run_caseI/final_run_confirm_time/abl_dql_ep49_step5_out_tab.lis (5 cycles, unit 24)
2026-05-12 20:06:07,034 - INFO - Ep49 Step5: HCNO: N=44.9%  H=8.9%  C=24.2%  O=21.9%
2026-05-12 20:06:07,034 - INFO - Ep49 Step5: Reward=14.41
2026-05-12 20:06:07,034 - INFO - Ep 49 Step 5: Action=4 (DecL5), Layers=[6.5, 8.0, 8.0, 5.0, 7.0, 5.5], Gap=7.0, Reward=14.41
2026-05-12 20:06:45,056 - INFO - FLUKA OK: abl_dql_ep49_step6.inp (31.3s)
2026-05-12 20:06:45,084 - INFO - ustsuw OK â†?/home/marina/caseI/20run_caseI/final_run_confirm_time/abl_dql_ep49_step6_out_tab.lis (5 cycles, unit 24)
2026-05-12 20:06:45,085 - INFO - Ep49 Step6: HCNO: N=31.8%  H=16.9%  C=26.2%  O=25.1%
2026-05-12 20:06:45,085 - INFO - Ep49 Step6: Reward=20.64
2026-05-12 20:06:45,085 - INFO - Ep 49 Step 6: Action=0 (DecL1), Layers=[6.0, 8.0, 8.0, 5.0, 7.0, 5.5], Gap=7.0, Reward=20.64
2026-05-12 20:07:23,042 - INFO - FLUKA OK: abl_dql_ep49_step7.inp (31.3s)
2026-05-12 20:07:23,067 - INFO - ustsuw OK â†?/home/marina/caseI/20run_caseI/final_run_confirm_time/abl_dql_ep49_step7_out_tab.lis (5 cycles, unit 24)
2026-05-12 20:07:23,067 - INFO - Ep49 Step7: HCNO: N=23.2%  H=1.4%  C=44.3%  O=31.2%
2026-05-12 20:07:23,067 - INFO - Ep49 Step7: Reward=12.46
2026-05-12 20:07:23,067 - INFO - Ep 49 Step 7: Action=0 (DecL1), Layers=[5.5, 8.0, 8.0, 5.0, 7.0, 5.5], Gap=7.0, Reward=12.46
2026-05-12 20:08:01,322 - INFO - FLUKA OK: abl_dql_ep49_step8.inp (31.8s)
2026-05-12 20:08:01,347 - INFO - ustsuw OK â†?/home/marina/caseI/20run_caseI/final_run_confirm_time/abl_dql_ep49_step8_out_tab.lis (5 cycles, unit 24)
2026-05-12 20:08:01,348 - INFO - Ep49 Step8: HCNO: N=23.2%  H=1.4%  C=44.3%  O=31.2%
2026-05-12 20:08:01,348 - INFO - Ep49 Step8: Reward=12.46
2026-05-12 20:08:01,348 - INFO - Ep 49 Step 8: Action=7 (IncL2), Layers=[5.5, 8.0, 8.0, 5.0, 7.0, 5.5], Gap=7.0, Reward=12.46
2026-05-12 20:08:39,653 - INFO - FLUKA OK: abl_dql_ep49_step9.inp (31.1s)
2026-05-12 20:08:39,679 - INFO - ustsuw OK â†?/home/marina/caseI/20run_caseI/final_run_confirm_time/abl_dql_ep49_step9_out_tab.lis (5 cycles, unit 24)
2026-05-12 20:08:39,680 - INFO - Ep49 Step9: HCNO: N=23.2%  H=1.4%  C=44.3%  O=31.2%
2026-05-12 20:08:39,680 - INFO - Ep49 Step9: Reward=12.46
2026-05-12 20:08:39,680 - INFO - Ep 49 Step 9: Action=7 (IncL2), Layers=[5.5, 8.0, 8.0, 5.0, 7.0, 5.5], Gap=7.0, Reward=12.46
2026-05-12 20:09:18,319 - INFO - FLUKA OK: abl_dql_ep49_step10.inp (31.5s)
2026-05-12 20:09:18,344 - WARNING - prefix 'abl_dql_ep49_step10' unit 24: expected 5 cycle files, found 10: ['abl_dql_ep49_step10001_fort.24', 'abl_dql_ep49_step10002_fort.24', 'abl_dql_ep49_step10003_fort.24', 'abl_dql_ep49_step10004_fort.24', 'abl_dql_ep49_step10005_fort.24', 'abl_dql_ep49_step1001_fort.24', 'abl_dql_ep49_step1002_fort.24', 'abl_dql_ep49_step1003_fort.24', 'abl_dql_ep49_step1004_fort.24', 'abl_dql_ep49_step1005_fort.24']
2026-05-12 20:09:18,346 - INFO - ustsuw OK â†?/home/marina/caseI/20run_caseI/final_run_confirm_time/abl_dql_ep49_step10_out_tab.lis (10 cycles, unit 24)
2026-05-12 20:09:18,347 - INFO - Ep49 Step10: HCNO: N=29.0%  H=7.1%  C=31.9%  O=31.9%
2026-05-12 20:09:18,347 - INFO - Ep49 Step10: Reward=23.03
2026-05-12 20:09:18,347 - INFO - Ep 49 Step 10: Action=3 (DecL4), Layers=[5.5, 8.0, 8.0, 4.5, 7.0, 5.5], Gap=7.0, Reward=23.03
2026-05-12 20:09:56,476 - INFO - FLUKA OK: abl_dql_ep49_step11.inp (31.0s)
2026-05-12 20:09:56,503 - INFO - ustsuw OK â†?/home/marina/caseI/20run_caseI/final_run_confirm_time/abl_dql_ep49_step11_out_tab.lis (5 cycles, unit 24)
2026-05-12 20:09:56,504 - INFO - Ep49 Step11: HCNO: N=29.4%  H=6.1%  C=25.5%  O=39.0%
2026-05-12 20:09:56,504 - INFO - Ep49 Step11: Reward=5.54
2026-05-12 20:09:56,504 - INFO - Ep 49 Step 11: Action=2 (DecL3), Layers=[5.5, 8.0, 7.5, 4.5, 7.0, 5.5], Gap=7.0, Reward=5.54
2026-05-12 20:10:34,652 - INFO - FLUKA OK: abl_dql_ep49_step12.inp (31.2s)
2026-05-12 20:10:34,678 - INFO - ustsuw OK â†?/home/marina/caseI/20run_caseI/final_run_confirm_time/abl_dql_ep49_step12_out_tab.lis (5 cycles, unit 24)
2026-05-12 20:10:34,679 - INFO - Ep49 Step12: HCNO: N=29.4%  H=6.1%  C=25.5%  O=39.0%
2026-05-12 20:10:34,679 - INFO - Ep49 Step12: Reward=5.54
2026-05-12 20:10:34,679 - INFO - Ep 49 Step 12: Action=7 (IncL2), Layers=[5.5, 8.0, 7.5, 4.5, 7.0, 5.5], Gap=7.0, Reward=5.54
2026-05-12 20:11:12,835 - INFO - FLUKA OK: abl_dql_ep49_step13.inp (31.3s)
2026-05-12 20:11:12,860 - INFO - ustsuw OK â†?/home/marina/caseI/20run_caseI/final_run_confirm_time/abl_dql_ep49_step13_out_tab.lis (5 cycles, unit 24)
2026-05-12 20:11:12,860 - INFO - Ep49 Step13: HCNO: N=30.4%  H=5.4%  C=26.6%  O=37.6%
2026-05-12 20:11:12,860 - INFO - Ep49 Step13: Reward=20.38
2026-05-12 20:11:12,860 - INFO - Ep 49 Step 13: Action=1 (DecL2), Layers=[5.5, 7.5, 7.5, 4.5, 7.0, 5.5], Gap=7.0, Reward=20.38
2026-05-12 20:11:51,632 - INFO - FLUKA OK: abl_dql_ep49_step14.inp (31.8s)
2026-05-12 20:11:51,656 - INFO - ustsuw OK â†?/home/marina/caseI/20run_caseI/final_run_confirm_time/abl_dql_ep49_step14_out_tab.lis (5 cycles, unit 24)
2026-05-12 20:11:51,657 - INFO - Ep49 Step14: HCNO: N=37.0%  H=8.6%  C=26.0%  O=28.4%
2026-05-12 20:11:51,657 - INFO - Ep49 Step14: Reward=24.73
2026-05-12 20:11:51,657 - INFO - Ep 49 Step 14: Action=0 (DecL1), Layers=[5.0, 7.5, 7.5, 4.5, 7.0, 5.5], Gap=7.0, Reward=24.73
2026-05-12 20:12:29,762 - INFO - FLUKA OK: abl_dql_ep49_step15.inp (31.4s)
2026-05-12 20:12:29,789 - INFO - ustsuw OK â†?/home/marina/caseI/20run_caseI/final_run_confirm_time/abl_dql_ep49_step15_out_tab.lis (5 cycles, unit 24)
2026-05-12 20:12:29,789 - INFO - Ep49 Step15: HCNO: N=27.0%  H=9.3%  C=36.7%  O=27.0%
2026-05-12 20:12:29,789 - INFO - Ep49 Step15: Reward=15.51
2026-05-12 20:12:29,789 - INFO - Ep 49 Step 15: Action=7 (IncL2), Layers=[5.0, 8.0, 7.5, 4.5, 7.0, 5.5], Gap=7.0, Reward=15.51
2026-05-12 20:13:08,482 - INFO - FLUKA OK: abl_dql_ep49_step16.inp (32.0s)
2026-05-12 20:13:08,506 - INFO - ustsuw OK â†?/home/marina/caseI/20run_caseI/final_run_confirm_time/abl_dql_ep49_step16_out_tab.lis (5 cycles, unit 24)
2026-05-12 20:13:08,506 - INFO - Ep49 Step16: HCNO: N=38.2%  H=12.7%  C=22.2%  O=27.0%
2026-05-12 20:13:08,507 - INFO - Ep49 Step16: Reward=17.43
2026-05-12 20:13:08,507 - INFO - Ep 49 Step 16: Action=0 (DecL1), Layers=[4.5, 8.0, 7.5, 4.5, 7.0, 5.5], Gap=7.0, Reward=17.43
2026-05-12 20:13:47,391 - INFO - FLUKA OK: abl_dql_ep49_step17.inp (32.2s)
2026-05-12 20:13:47,416 - INFO - ustsuw OK â†?/home/marina/caseI/20run_caseI/final_run_confirm_time/abl_dql_ep49_step17_out_tab.lis (5 cycles, unit 24)
2026-05-12 20:13:47,417 - INFO - Ep49 Step17: HCNO: N=42.6%  H=10.6%  C=24.9%  O=22.0%
2026-05-12 20:13:47,417 - INFO - Ep49 Step17: Reward=13.18
2026-05-12 20:13:47,417 - INFO - Ep 49 Step 17: Action=0 (DecL1), Layers=[4.0, 8.0, 7.5, 4.5, 7.0, 5.5], Gap=7.0, Reward=13.18
2026-05-12 20:14:26,201 - INFO - FLUKA OK: abl_dql_ep49_step18.inp (32.2s)
2026-05-12 20:14:26,226 - INFO - ustsuw OK â†?/home/marina/caseI/20run_caseI/final_run_confirm_time/abl_dql_ep49_step18_out_tab.lis (5 cycles, unit 24)
2026-05-12 20:14:26,226 - INFO - Ep49 Step18: HCNO: N=26.0%  H=6.9%  C=33.6%  O=33.5%
2026-05-12 20:14:26,227 - INFO - Ep49 Step18: Reward=13.22
2026-05-12 20:14:26,227 - INFO - Ep 49 Step 18: Action=0 (DecL1), Layers=[3.5, 8.0, 7.5, 4.5, 7.0, 5.5], Gap=7.0, Reward=13.22
2026-05-12 20:15:04,951 - INFO - FLUKA OK: abl_dql_ep49_step19.inp (32.1s)
2026-05-12 20:15:04,976 - INFO - ustsuw OK â†?/home/marina/caseI/20run_caseI/final_run_confirm_time/abl_dql_ep49_step19_out_tab.lis (5 cycles, unit 24)
2026-05-12 20:15:04,977 - INFO - Ep49 Step19: HCNO: N=53.9%  H=9.2%  C=17.3%  O=19.6%
2026-05-12 20:15:04,977 - INFO - Ep49 Step19: Reward=15.41
2026-05-12 20:15:04,977 - INFO - Ep 49 Step 19: Action=0 (DecL1), Layers=[3.0, 8.0, 7.5, 4.5, 7.0, 5.5], Gap=7.0, Reward=15.41
2026-05-12 20:15:44,118 - INFO - FLUKA OK: abl_dql_ep49_step20.inp (32.4s)
2026-05-12 20:15:44,140 - WARNING - prefix 'abl_dql_ep49_step20' unit 24: expected 5 cycle files, found 10: ['abl_dql_ep49_step20001_fort.24', 'abl_dql_ep49_step20002_fort.24', 'abl_dql_ep49_step20003_fort.24', 'abl_dql_ep49_step20004_fort.24', 'abl_dql_ep49_step20005_fort.24', 'abl_dql_ep49_step2001_fort.24', 'abl_dql_ep49_step2002_fort.24', 'abl_dql_ep49_step2003_fort.24', 'abl_dql_ep49_step2004_fort.24', 'abl_dql_ep49_step2005_fort.24']
2026-05-12 20:15:44,142 - INFO - ustsuw OK â†?/home/marina/caseI/20run_caseI/final_run_confirm_time/abl_dql_ep49_step20_out_tab.lis (10 cycles, unit 24)
2026-05-12 20:15:44,143 - INFO - Ep49 Step20: HCNO: N=32.3%  H=9.0%  C=24.0%  O=34.7%
2026-05-12 20:15:44,143 - INFO - Ep49 Step20: Reward=21.51
2026-05-12 20:15:44,143 - INFO - Ep 49 Step 20: Action=0 (DecL1), Layers=[2.5, 8.0, 7.5, 4.5, 7.0, 5.5], Gap=7.0, Reward=21.51
2026-05-12 20:15:51,498 - INFO - Episode 49: Return=307.57, Best=36.79, Loss=74.3224
2026-05-12 20:16:24,214 - INFO - FLUKA OK: abl_dql_ep50_step1.inp (32.7s)
2026-05-12 20:16:24,240 - INFO - ustsuw OK â†?/home/marina/caseI/20run_caseI/final_run_confirm_time/abl_dql_ep50_step1_out_tab.lis (5 cycles, unit 24)
2026-05-12 20:16:24,240 - INFO - Ep50 Step1: HCNO: N=39.0%  H=7.1%  C=28.9%  O=25.0%
2026-05-12 20:16:24,240 - INFO - Ep50 Step1: Reward=16.98
2026-05-12 20:16:24,241 - INFO - Ep 50 Step 1: Action=13 (IncGap), Layers=[6.0, 2.5, 2.0, 4.0, 7.5, 2.5], Gap=8.0, Reward=16.98
2026-05-12 20:17:04,041 - INFO - FLUKA OK: abl_dql_ep50_step2.inp (32.6s)
2026-05-12 20:17:04,066 - INFO - ustsuw OK â†?/home/marina/caseI/20run_caseI/final_run_confirm_time/abl_dql_ep50_step2_out_tab.lis (5 cycles, unit 24)
2026-05-12 20:17:04,067 - INFO - Ep50 Step2: HCNO: N=33.5%  H=11.2%  C=22.6%  O=32.7%
2026-05-12 20:17:04,067 - INFO - Ep50 Step2: Reward=25.32
2026-05-12 20:17:04,067 - INFO - Ep 50 Step 2: Action=5 (DecL6), Layers=[6.0, 2.5, 2.0, 4.0, 7.5, 2.0], Gap=8.0, Reward=25.32
2026-05-12 20:17:44,273 - INFO - FLUKA OK: abl_dql_ep50_step3.inp (33.1s)
2026-05-12 20:17:44,298 - INFO - ustsuw OK â†?/home/marina/caseI/20run_caseI/final_run_confirm_time/abl_dql_ep50_step3_out_tab.lis (5 cycles, unit 24)
2026-05-12 20:17:44,298 - INFO - Ep50 Step3: HCNO: N=39.0%  H=7.1%  C=28.9%  O=25.0%
2026-05-12 20:17:44,298 - INFO - Ep50 Step3: Reward=16.98
2026-05-12 20:17:44,298 - INFO - Ep 50 Step 3: Action=11 (IncL6), Layers=[6.0, 2.5, 2.0, 4.0, 7.5, 2.5], Gap=8.0, Reward=16.98
2026-05-12 20:18:24,240 - INFO - FLUKA OK: abl_dql_ep50_step4.inp (33.0s)
2026-05-12 20:18:24,267 - INFO - ustsuw OK â†?/home/marina/caseI/20run_caseI/final_run_confirm_time/abl_dql_ep50_step4_out_tab.lis (5 cycles, unit 24)
2026-05-12 20:18:24,268 - INFO - Ep50 Step4: HCNO: N=47.7%  H=5.5%  C=14.1%  O=32.7%
2026-05-12 20:18:24,268 - INFO - Ep50 Step4: Reward=11.63
2026-05-12 20:18:24,268 - INFO - Ep 50 Step 4: Action=11 (IncL6), Layers=[6.0, 2.5, 2.0, 4.0, 7.5, 3.0], Gap=8.0, Reward=11.63
2026-05-12 20:19:04,052 - INFO - FLUKA OK: abl_dql_ep50_step5.inp (33.0s)
2026-05-12 20:19:04,078 - INFO - ustsuw OK â†?/home/marina/caseI/20run_caseI/final_run_confirm_time/abl_dql_ep50_step5_out_tab.lis (5 cycles, unit 24)
2026-05-12 20:19:04,079 - INFO - Ep50 Step5: HCNO: N=36.0%  H=9.5%  C=24.8%  O=29.7%
2026-05-12 20:19:04,079 - INFO - Ep50 Step5: Reward=19.55
2026-05-12 20:19:04,079 - INFO - Ep 50 Step 5: Action=0 (DecL1), Layers=[5.5, 2.5, 2.0, 4.0, 7.5, 3.0], Gap=8.0, Reward=19.55
2026-05-12 20:19:44,133 - INFO - FLUKA OK: abl_dql_ep50_step6.inp (33.2s)
2026-05-12 20:19:44,157 - INFO - ustsuw OK â†?/home/marina/caseI/20run_caseI/final_run_confirm_time/abl_dql_ep50_step6_out_tab.lis (5 cycles, unit 24)
2026-05-12 20:19:44,158 - INFO - Ep50 Step6: HCNO: N=29.7%  H=8.8%  C=20.1%  O=41.4%
2026-05-12 20:19:44,158 - INFO - Ep50 Step6: Reward=14.80
2026-05-12 20:19:44,158 - INFO - Ep 50 Step 6: Action=1 (DecL2), Layers=[5.5, 2.0, 2.0, 4.0, 7.5, 3.0], Gap=8.0, Reward=14.80
2026-05-12 20:20:24,309 - INFO - FLUKA OK: abl_dql_ep50_step7.inp (33.4s)
2026-05-12 20:20:24,341 - INFO - ustsuw OK â†?/home/marina/caseI/20run_caseI/final_run_confirm_time/abl_dql_ep50_step7_out_tab.lis (5 cycles, unit 24)
2026-05-12 20:20:24,342 - INFO - Ep50 Step7: HCNO: N=32.0%  H=12.4%  C=22.3%  O=33.3%
2026-05-12 20:20:24,342 - INFO - Ep50 Step7: Reward=20.16
2026-05-12 20:20:24,342 - INFO - Ep 50 Step 7: Action=11 (IncL6), Layers=[5.5, 2.0, 2.0, 4.0, 7.5, 3.5], Gap=8.0, Reward=20.16
2026-05-12 20:21:05,544 - INFO - FLUKA OK: abl_dql_ep50_step8.inp (33.5s)
2026-05-12 20:21:05,569 - INFO - ustsuw OK â†?/home/marina/caseI/20run_caseI/final_run_confirm_time/abl_dql_ep50_step8_out_tab.lis (5 cycles, unit 24)
2026-05-12 20:21:05,569 - INFO - Ep50 Step8: HCNO: N=38.7%  H=6.6%  C=22.6%  O=32.1%
2026-05-12 20:21:05,569 - INFO - Ep50 Step8: Reward=22.79
2026-05-12 20:21:05,569 - INFO - Ep 50 Step 8: Action=7 (IncL2), Layers=[5.5, 2.5, 2.0, 4.0, 7.5, 3.5], Gap=8.0, Reward=22.79
2026-05-12 20:21:46,154 - INFO - FLUKA OK: abl_dql_ep50_step9.inp (33.9s)
2026-05-12 20:21:46,179 - INFO - ustsuw OK â†?/home/marina/caseI/20run_caseI/final_run_confirm_time/abl_dql_ep50_step9_out_tab.lis (5 cycles, unit 24)
2026-05-12 20:21:46,180 - INFO - Ep50 Step9: HCNO: N=37.8%  H=6.8%  C=21.9%  O=33.5%
2026-05-12 20:21:46,180 - INFO - Ep50 Step9: Reward=19.56
2026-05-12 20:21:46,180 - INFO - Ep 50 Step 9: Action=13 (IncGap), Layers=[5.5, 2.5, 2.0, 4.0, 7.5, 3.5], Gap=8.5, Reward=19.56
2026-05-12 20:22:25,728 - INFO - FLUKA OK: abl_dql_ep50_step10.inp (32.9s)
2026-05-12 20:22:25,751 - WARNING - prefix 'abl_dql_ep50_step10' unit 24: expected 5 cycle files, found 10: ['abl_dql_ep50_step10001_fort.24', 'abl_dql_ep50_step10002_fort.24', 'abl_dql_ep50_step10003_fort.24', 'abl_dql_ep50_step10004_fort.24', 'abl_dql_ep50_step10005_fort.24', 'abl_dql_ep50_step1001_fort.24', 'abl_dql_ep50_step1002_fort.24', 'abl_dql_ep50_step1003_fort.24', 'abl_dql_ep50_step1004_fort.24', 'abl_dql_ep50_step1005_fort.24']
2026-05-12 20:22:25,753 - INFO - ustsuw OK â†?/home/marina/caseI/20run_caseI/final_run_confirm_time/abl_dql_ep50_step10_out_tab.lis (10 cycles, unit 24)
2026-05-12 20:22:25,754 - INFO - Ep50 Step10: HCNO: N=40.5%  H=8.7%  C=24.2%  O=26.6%
2026-05-12 20:22:25,754 - INFO - Ep50 Step10: Reward=28.79
2026-05-12 20:22:25,754 - INFO - Ep 50 Step 10: Action=7 (IncL2), Layers=[5.5, 3.0, 2.0, 4.0, 7.5, 3.5], Gap=8.5, Reward=28.79
2026-05-12 20:23:05,362 - INFO - FLUKA OK: abl_dql_ep50_step11.inp (33.0s)
2026-05-12 20:23:05,388 - INFO - ustsuw OK â†?/home/marina/caseI/20run_caseI/final_run_confirm_time/abl_dql_ep50_step11_out_tab.lis (5 cycles, unit 24)
2026-05-12 20:23:05,389 - INFO - Ep50 Step11: HCNO: N=39.0%  H=12.5%  C=16.3%  O=32.3%
2026-05-12 20:23:05,389 - INFO - Ep50 Step11: Reward=19.42
2026-05-12 20:23:05,389 - INFO - Ep 50 Step 11: Action=11 (IncL6), Layers=[5.5, 3.0, 2.0, 4.0, 7.5, 4.0], Gap=8.5, Reward=19.42
2026-05-12 20:23:44,952 - INFO - FLUKA OK: abl_dql_ep50_step12.inp (32.6s)
2026-05-12 20:23:44,979 - INFO - ustsuw OK â†?/home/marina/caseI/20run_caseI/final_run_confirm_time/abl_dql_ep50_step12_out_tab.lis (5 cycles, unit 24)
2026-05-12 20:23:44,980 - INFO - Ep50 Step12: HCNO: N=36.1%  H=11.7%  C=23.9%  O=28.2%
2026-05-12 20:23:44,980 - INFO - Ep50 Step12: Reward=14.14
2026-05-12 20:23:44,980 - INFO - Ep 50 Step 12: Action=6 (IncL1), Layers=[6.0, 3.0, 2.0, 4.0, 7.5, 4.0], Gap=8.5, Reward=14.14
2026-05-12 20:24:25,237 - INFO - FLUKA OK: abl_dql_ep50_step13.inp (33.1s)
2026-05-12 20:24:25,266 - INFO - ustsuw OK â†?/home/marina/caseI/20run_caseI/final_run_confirm_time/abl_dql_ep50_step13_out_tab.lis (5 cycles, unit 24)
2026-05-12 20:24:25,266 - INFO - Ep50 Step13: HCNO: N=28.6%  H=11.0%  C=27.1%  O=33.3%
2026-05-12 20:24:25,266 - INFO - Ep50 Step13: Reward=18.87
2026-05-12 20:24:25,266 - INFO - Ep 50 Step 13: Action=5 (DecL6), Layers=[6.0, 3.0, 2.0, 4.0, 7.5, 3.5], Gap=8.5, Reward=18.87
2026-05-12 20:25:04,838 - INFO - FLUKA OK: abl_dql_ep50_step14.inp (32.3s)
2026-05-12 20:25:04,863 - INFO - ustsuw OK â†?/home/marina/caseI/20run_caseI/final_run_confirm_time/abl_dql_ep50_step14_out_tab.lis (5 cycles, unit 24)
2026-05-12 20:25:04,864 - INFO - Ep50 Step14: HCNO: N=38.6%  H=6.4%  C=17.8%  O=37.1%
2026-05-12 20:25:04,864 - INFO - Ep50 Step14: Reward=20.23
2026-05-12 20:25:04,864 - INFO - Ep 50 Step 14: Action=7 (IncL2), Layers=[6.0, 3.5, 2.0, 4.0, 7.5, 3.5], Gap=8.5, Reward=20.23
2026-05-12 20:25:43,998 - INFO - FLUKA OK: abl_dql_ep50_step15.inp (32.1s)
2026-05-12 20:25:44,022 - INFO - ustsuw OK â†?/home/marina/caseI/20run_caseI/final_run_confirm_time/abl_dql_ep50_step15_out_tab.lis (5 cycles, unit 24)
2026-05-12 20:25:44,022 - INFO - Ep50 Step15: HCNO: N=39.7%  H=10.8%  C=22.1%  O=27.4%
2026-05-12 20:25:44,022 - INFO - Ep50 Step15: Reward=14.46
2026-05-12 20:25:44,022 - INFO - Ep 50 Step 15: Action=7 (IncL2), Layers=[6.0, 4.0, 2.0, 4.0, 7.5, 3.5], Gap=8.5, Reward=14.46
2026-05-12 20:26:23,387 - INFO - FLUKA OK: abl_dql_ep50_step16.inp (32.5s)
2026-05-12 20:26:23,413 - INFO - ustsuw OK â†?/home/marina/caseI/20run_caseI/final_run_confirm_time/abl_dql_ep50_step16_out_tab.lis (5 cycles, unit 24)
2026-05-12 20:26:23,414 - INFO - Ep50 Step16: HCNO: N=26.5%  H=8.3%  C=34.0%  O=31.2%
2026-05-12 20:26:23,414 - INFO - Ep50 Step16: Reward=19.05
2026-05-12 20:26:23,414 - INFO - Ep 50 Step 16: Action=7 (IncL2), Layers=[6.0, 4.5, 2.0, 4.0, 7.5, 3.5], Gap=8.5, Reward=19.05
2026-05-12 20:27:02,587 - INFO - FLUKA OK: abl_dql_ep50_step17.inp (32.3s)
2026-05-12 20:27:02,611 - INFO - ustsuw OK â†?/home/marina/caseI/20run_caseI/final_run_confirm_time/abl_dql_ep50_step17_out_tab.lis (5 cycles, unit 24)
2026-05-12 20:27:02,612 - INFO - Ep50 Step17: HCNO: N=23.0%  H=5.1%  C=40.0%  O=31.9%
2026-05-12 20:27:02,612 - INFO - Ep50 Step17: Reward=16.93
2026-05-12 20:27:02,612 - INFO - Ep 50 Step 17: Action=12 (DecGap), Layers=[6.0, 4.5, 2.0, 4.0, 7.5, 3.5], Gap=8.0, Reward=16.93
2026-05-12 20:27:41,713 - INFO - FLUKA OK: abl_dql_ep50_step18.inp (32.4s)
2026-05-12 20:27:41,738 - INFO - ustsuw OK â†?/home/marina/caseI/20run_caseI/final_run_confirm_time/abl_dql_ep50_step18_out_tab.lis (5 cycles, unit 24)
2026-05-12 20:27:41,738 - INFO - Ep50 Step18: HCNO: N=44.1%  H=11.9%  C=17.5%  O=26.5%
2026-05-12 20:27:41,738 - INFO - Ep50 Step18: Reward=22.45
2026-05-12 20:27:41,738 - INFO - Ep 50 Step 18: Action=0 (DecL1), Layers=[5.5, 4.5, 2.0, 4.0, 7.5, 3.5], Gap=8.0, Reward=22.45
2026-05-12 20:28:21,375 - INFO - FLUKA OK: abl_dql_ep50_step19.inp (32.7s)
2026-05-12 20:28:21,400 - INFO - ustsuw OK â†?/home/marina/caseI/20run_caseI/final_run_confirm_time/abl_dql_ep50_step19_out_tab.lis (5 cycles, unit 24)
2026-05-12 20:28:21,400 - INFO - Ep50 Step19: HCNO: N=36.0%  H=10.3%  C=17.3%  O=36.4%
2026-05-12 20:28:21,400 - INFO - Ep50 Step19: Reward=19.95
2026-05-12 20:28:21,400 - INFO - Ep 50 Step 19: Action=8 (IncL3), Layers=[5.5, 4.5, 2.5, 4.0, 7.5, 3.5], Gap=8.0, Reward=19.95
2026-05-12 20:29:00,134 - INFO - FLUKA OK: abl_dql_ep50_step20.inp (32.1s)
2026-05-12 20:29:00,156 - WARNING - prefix 'abl_dql_ep50_step20' unit 24: expected 5 cycle files, found 10: ['abl_dql_ep50_step20001_fort.24', 'abl_dql_ep50_step20002_fort.24', 'abl_dql_ep50_step20003_fort.24', 'abl_dql_ep50_step20004_fort.24', 'abl_dql_ep50_step20005_fort.24', 'abl_dql_ep50_step2001_fort.24', 'abl_dql_ep50_step2002_fort.24', 'abl_dql_ep50_step2003_fort.24', 'abl_dql_ep50_step2004_fort.24', 'abl_dql_ep50_step2005_fort.24']
2026-05-12 20:29:00,158 - INFO - ustsuw OK â†?/home/marina/caseI/20run_caseI/final_run_confirm_time/abl_dql_ep50_step20_out_tab.lis (10 cycles, unit 24)
2026-05-12 20:29:00,159 - INFO - Ep50 Step20: HCNO: N=39.5%  H=8.6%  C=23.3%  O=28.7%
2026-05-12 20:29:00,159 - INFO - Ep50 Step20: Reward=28.96
2026-05-12 20:29:00,159 - INFO - Ep 50 Step 20: Action=4 (DecL5), Layers=[5.5, 4.5, 2.5, 4.0, 7.0, 3.5], Gap=8.0, Reward=28.96
2026-05-12 20:29:06,712 - INFO - Target network updated at episode 50
2026-05-12 20:29:06,712 - INFO - Episode 50: Return=391.01, Best=36.79, Loss=73.8851


