1 *====================================================================*
  *                                                                    *
  *          FFFFF  L      U   U  K   K   AAA             4            *
  *          F      L      U   U  K  K   A   A          4 4            *
  *          F      L      U   U  K K    A   A         4  4            *
  *          FFFF   L      U   U  KK     AAAAA  ===   4   4            *
  *          F      L      U   U  K K    A   A  ===  4444444           *
  *          F      L      U   U  K  K   A   A            4            *
  *          F      LLLLL   UUU   K   K  A   A            4            *
  *                                                                    *
  *                       http://fluka.cern                            *
  *                                                                    *
  *               Copyright (C) CERN 2020 and after                    *
  *               Copyright (C) CERN & INFN  2003-2019                 *
  *                       All Rights Reserved.                         *
  *                                                                    *
  *====================================================================*

1  *********************************************************************

   FLUKA Version 4-5.0        by CERN   DATE:  4/27/26    TIME: 21:00:20

   MD5SUM      : 63770c976b3093edc79d643abe3c2447
   SHA256      : c5916376f30ad703d0b54ed2d7f7a05c1a25eba7
   COMMIT DATE : 2025-02-25 19:04:43 +0100               
   DPMSHA      : b5d876d441b51fde69d36ecb808767bb23e1876d

   *********************************************************************
 
 Successfully allocated   680000000 bytes of memory
 
 *----------------   ...+....1....+....2....+....3....+....4....+....5....+....6....+....7....+....8   ----------------*

 ***** Next control card *****   TITLE      0.000       0.000       0.000       0.000       0.000       0.000                



     Charged pion fluence inside and around a proton-irradiated Be target            


 *----------------   ...+....1....+....2....+....3....+....4....+....5....+....6....+....7....+....8   ----------------*
 *----------------                                                                                     ----------------*
 *----------------   ...+....1....+....2....+....3....+....4....+....5....+....6....+....7....+....8   ----------------*
 *----------------   ...+....1....+....2....+....3....+....4....+....5....+....6....+....7....+....8   ----------------*
 *----------------     Be target, 1st and 2nd half                                                     ----------------*
 *----------------     External Black Hole                                                             ----------------*
 *----------------     Vacuum                                                                          ----------------*
 *----------------   ...+....1....+....2....+....3....+....4....+....5....+....6....+....7....+....8   ----------------*
 *----------------    e+e- and gamma production threshold set at 10 MeV                                ----------------*
 *----------------    score in each region energy deposition and stars produced by primaries           ----------------*
 *----------------    Boundary crossing fluence in the middle of the target (log intervals, one-way)   ----------------*
 *----------------    Boundary crossing current in the middle of the target (log intervals, one-way)   ----------------*
 *----------------    Tracklength fluence inside the target, Upstream part and Downstream part         ----------------*
 *----------------    Logarithmic energy intervals                                                     ----------------*
 *----------------    Cartesian binning of the pion fluence inside and around the target               ----------------*
 *----------------    Cartesian binning of the deposited energy inside the target                      ----------------*
 *----------------   ...+....1....+....2....+....3....+....4....+....5....+....6....+....7....+....8   ----------------*
 *----------------   ...+....1....+....2....+....3....+....4....+....5....+....6....+....7....+....8   ----------------*

 ***** Next control card *****   BEAM       50.00       0.000       0.000       0.000       0.000       0.000      PROTON    


 **** Density scaling factors start at location        1 and end at     4000 (I*4 addr.) ****

 ***** Next control card *****   BEAMPOS    0.000       0.000      -10.00       0.000       0.000       0.000                


 ***** Next control card *****   GEOBEGIN   0.000       0.000       0.000       0.000       0.000       0.000      COMBNAME  

1

          A simple Be target inside vacuum                            

                    IVLFLG= 0          IDBG = 0



                                                  Body data
  RPP body1            1 -0.50000000D+07  0.50000000D+07 -0.50000000D+07  0.50000000D+07 -0.50000000D+07  0.50000000D+07         5
  RPP body2            2 -0.10000000D+07  0.10000000D+07 -0.10000000D+07  0.10000000D+07 -0.10000000D+03  0.10000000D+07        15
 *
 *---------------    plane to separate the upstream and downstream part of the target                 ---------------*
 *
  RPP body3            3 -0.25000000D+01  0.25000000D+01 -0.55000000D+01  0.55000000D+01  0.00000000D+00  0.95000000D+01        25
  XYP body4            4  0.48000000D+01  0.00000000D+00  0.00000000D+00  0.00000000D+00  0.00000000D+00  0.00000000D+00        35
  END                  5  0.00000000D+00  0.00000000D+00  0.00000000D+00  0.00000000D+00  0.00000000D+00  0.00000000D+00        45
 Number of bodies         4
 Length of FPD-Array     50

  Accuracy parameter:  7.30E-03 suggested:  7.30E-03

  Detected max. geometry dimension:  1.00E+06 cm


                                                  Input region data
 *
 *---------------    black hole                                                                       ---------------*
 *
regBH1        5 +        body1    -        body2                                                                                    
 *
 *---------------    vacuum around                                                                    ---------------*
 *
regVA2        5 +        body2    -        body3                                                                                    
 *
 *---------------    Be target 1st half                                                               ---------------*
 *
regBE3        5 +        body3    +        body4                                                                                    
 *
 *---------------    Be target 2nd half                                                               ---------------*
 *
regBE4        5 +        body3    -        body4                                                                                    
  END                                                                                                                               
 Number of input regions       4
 Number of  code zones         4
 Length of integer array     109


 CODE ZONE    INPUT REGION   ZONE DATA LOC.    NO. OF BODIES    REGION NO.
      1            1              33                 2               1
      2            2              42                 2               2
      3            3              51                 2               3
      4            4              60                 2               4


    I    IR1(I)    IR2(I)
    1       1         1
    2       2         2
    3       3         3
    4       4         4


 Interpreted body echo 


 Body n.        1  RPP  body1      Rot.     0
         -5000000.              5000000.             -5000000.              5000000.             -5000000.              5000000.    
 Body n.        2  RPP  body2      Rot.     0
         -1000000.              1000000.             -1000000.              1000000.             -100.0000              1000000.    
 Body n.        3  RPP  body3      Rot.     0
         -2.500000              2.500000             -5.500000              5.500000              0.000000              9.500000    
 Body n.        4  XYP  body4      Rot.     0
          4.800000    


 Interpreted region echo 


 Region n.        1 regBH1  
                  1       -2
 Region n.        2 regVA2  
                  2       -3
 Region n.        3 regBE3  
                  3        4
 Region n.        4 regBE4  
                  3       -4

 All region volumes set to 1

 

           Volumes (cm**3)
1
    Reg.       1           2           3           4
 Volume   1.000D+00   1.000D+00   1.000D+00   1.000D+00
0NGEOM=      4002,   NGLAST=      4284

 **** Stars/Energy accumulation arrays start at location     4287 and end at     4318 (I*4 addr.) ****

 **** Minimum step size array start at location     4321 and end at     4332 (I*4 addr.) ****

 **** Maximum step size array start at location     4335 and end at     4346 (I*4 addr.) ****
GEOEND                                                                          


 Total time used for geometry initialization:  1.188E-03 s



 ***** Next control card *****   MATERIAL   4.000       0.000       1.848       5.000       0.000       0.000      BERYLLIU  


 ***** Next control card *****   RANDOMIZ   1.000       1.000       0.000       0.000       0.000       0.000                


 ***** Next control card *****   ASSIGNMA   5.000       3.000       4.000       0.000       0.000       0.000                


 ***** Next control card *****   ASSIGNMA   1.000       1.000       0.000       0.000       0.000       0.000                


 ***** Next control card *****   ASSIGNMA   2.000       2.000       0.000       0.000       0.000       0.000                


 ***** Next control card *****   EMFCUT   -1.0000E-02  1.0000E-02   1.000       5.000       0.000       0.000      PROD-CUT  


 ***** Next control card *****   SCORE      208.0       210.0       0.000       0.000       0.000       0.000                


 ***** Next control card *****   USRBDX     99.00       209.0      -46.00       3.000       4.000       400.0      piFluenUD 


 ***** Next control card *****   USRBDX     50.00      1.0000E-09   50.00       0.000       0.000       10.00       &        


 ***** Next control card *****   USRBDX    -1.000       209.0      -47.00       3.000       4.000       400.0      piCurrUD  


 ***** Next control card *****   USRBDX     50.00      1.0000E-09   50.00       0.000       0.000       10.00       &        


 ***** Next control card *****   USRTRACK  -1.000       209.0      -48.00       3.000       1000.       20.00      piFluenU  


 ***** Next control card *****   USRTRACK   50.00      1.0000E-03   0.000       0.000       0.000       0.000       &        


 ***** Next control card *****   USRTRACK  -1.000       209.0      -49.00       4.000       1000.       20.00      piFluenD  


 ***** Next control card *****   USRTRACK   50.00      1.0000E-03   0.000       0.000       0.000       0.000       &        


 ***** Next control card *****   USRBIN     10.00       209.0      -50.00       50.00       50.00       50.00      piFluBin  


 ***** Next control card *****   USRBIN    -50.00      -50.00      -10.00       100.0       100.0       60.00       &        


 ***** Next control card *****   USRBIN     10.00       208.0      -51.00       10.00       10.00       5.000      Edeposit  


 ***** Next control card *****   USRBIN    -10.00      -10.00       0.000       20.00       20.00       5.000       &        


 ***** Next control card *****   START     3.0000E+05   0.000       0.000       0.000       0.000       0.000                



 Total time used for input reading:  3.665E-03 s



 === Magnetic fields ===

 === Magnetic field region assignments ===

  **** Power exponent for grey particle correlations set at  -13.0000000     ****

  *** Reading evaporation and nuclear data from unit: 14

****** Nuclear data file for Fluka v4 *******

File Version:_    45.0

  *** Evaporation: using NNDC (1996) data ***

 Starting location in blank common of LVL data:    4348
 Last location in blank common of LVL data:     9651637

 Starting location in blank common of  CE   data: 9651638
 Last location in blank common of  CE   data:     9702413

 Starting location in blank common of alpha data: 9702414
 Last location in blank common of alpha data:     9705173

 Starting location in blank common of gamma data: 9705174
 Last location in blank common of gamma data:     9836121

 Starting location in blank common of beta data: 9836122
 Last location in blank common of beta data:     9878424

 Starting location in blank common of GDR data: 9878425
 Last location in blank common of GDR data:     9933479

 Starting location in blank common of (g,x) data: 9933480
 Last location in blank common of (g,x) data:    10236400

  **** RIPL2/Ign. self-cons. T=0 N,Z-dep. level density used ****
  ****      RIPL-2 / Ignyatuk level density en. dep. used    ****
  **** with Moller, Nix self-cons set of parameters for T=oo ****
  ****       Original Gilbert/Cameron pairing energy used    ****


  **** Maximum Fermi momentum  :   0.268371314      GeV/c ****

  **** Maximum Fermi energy    :    3.76013778E-02  GeV   ****

  **** Average Fermi energy    :    2.26768460E-02  GeV   ****

  **** Average binding energy  :    7.68006314E-03  GeV   ****

  **** Nuclear well depth      :    4.52814400E-02  GeV   ****

  **** Excess  mass  for 11-B  :    8.66803993E-03  GeV   ****

  **** Cameron E. m. for 11-B  :    7.92484451E-03  GeV   ****

  **** Cam.El. E. m. for 11-B  :    8.51833168E-03  GeV   ****

  **** My.&Sw. E. m. for 11-B  :    8.87639914E-03  GeV   ****

  **** Atomic  mass  for 11-B  :    10.2551060      GeV   ****

  **** Nuclear mass  for 11-B  :    10.2525511      GeV   ****

  **** Excess  mass  for 12-C  :    0.00000000      GeV   ****

  **** Cameron E. m. for 12-C  :    1.51353085E-03  GeV   ****

  **** Cam.El. E. m. for 12-C  :    1.63579860E-03  GeV   ****

  **** My.&Sw. E. m. for 12-C  :   -3.83192004E-04  GeV   ****

  **** Atomic  mass  for 12-C  :    11.1779318      GeV   ****

  **** Nuclear mass  for 12-C  :    11.1748667      GeV   ****

  **** Excess  mass  for 13-C  :    3.12499981E-03  GeV   ****

  **** Cameron E. m. for 13-C  :    2.87424121E-03  GeV   ****

  **** Cam.El. E. m. for 13-C  :    3.48056527E-03  GeV   ****

  **** My.&Sw. E. m. for 13-C  :    3.55792139E-03  GeV   ****

  **** Atomic  mass  for 13-C  :    12.1125507      GeV   ****

  **** Nuclear mass  for 13-C  :    12.1094866      GeV   ****

  **** Excess  mass  for 14-N  :    2.86339992E-03  GeV   ****

  **** Cameron E. m. for 14-N  :    3.37313744E-03  GeV   ****

  **** Cam.El. E. m. for 14-N  :    3.69752850E-03  GeV   ****

  **** My.&Sw. E. m. for 14-N  :    2.86558736E-03  GeV   ****

  **** Atomic  mass  for 14-N  :    13.0437841      GeV   ****

  **** Nuclear mass  for 14-N  :    13.0402088      GeV   ****

  **** Excess  mass  for 15-O  :    2.85555003E-03  GeV   ****

  **** Cameron E. m. for 15-O  :    2.40658456E-03  GeV   ****

  **** Cam.El. E. m. for 15-O  :    2.59008165E-03  GeV   ****

  **** My.&Sw. E. m. for 15-O  :    3.32844956E-03  GeV   ****

  **** Atomic  mass  for 15-O  :    13.9752703      GeV   ****

  **** Nuclear mass  for 15-O  :    13.9711847      GeV   ****

  **** Excess  mass  for 16-O  :   -4.73699998E-03  GeV   ****

  **** Cameron E. m. for 16-O  :   -3.31055629E-03  GeV   ****

  **** Cam.El. E. m. for 16-O  :   -3.19385715E-03  GeV   ****

  **** My.&Sw. E. m. for 16-O  :   -4.83116647E-03  GeV   ****

  **** Atomic  mass  for 16-O  :    14.8991718      GeV   ****

  **** Nuclear mass  for 16-O  :    14.8950863      GeV   ****

  **** Excess  mass  for 27-Al :   -1.71969198E-02  GeV   ****

  **** Cameron E. m. for 27-Al :   -1.86259765E-02  GeV   ****

  **** Cam.El. E. m. for 27-Al :   -1.71393938E-02  GeV   ****

  **** My.&Sw. E. m. for 27-Al :   -1.71456710E-02  GeV   ****

  **** Atomic  mass  for 27-Al :    25.1331501      GeV   ****

  **** Nuclear mass  for 27-Al :    25.1265125      GeV   ****

  **** Excess  mass  for 28-Si :   -2.14928202E-02  GeV   ****

  **** Cameron E. m. for 28-Si :   -2.20552329E-02  GeV   ****

  **** Cam.El. E. m. for 28-Si :   -2.02140864E-02  GeV   ****

  **** My.&Sw. E. m. for 28-Si :   -2.15357170E-02  GeV   ****

  **** Atomic  mass  for 28-Si :    26.0603485      GeV   ****

  **** Nuclear mass  for 28-Si :    26.0532017      GeV   ****

  **** Excess  mass  for 40-Ca :   -3.48461308E-02  GeV   ****

  **** Cameron E. m. for 40-Ca :   -3.57677415E-02  GeV   ****

  **** Cam.El. E. m. for 40-Ca :   -3.36877368E-02  GeV   ****

  **** My.&Sw. E. m. for 40-Ca :   -3.49160209E-02  GeV   ****

  **** Atomic  mass  for 40-Ca :    37.2249260      GeV   ****

  **** Nuclear mass  for 40-Ca :    37.2147255      GeV   ****

  **** Excess  mass  for 55-Fe :   -5.74751087E-02  GeV   ****

  **** Cameron E. m. for 55-Fe :   -5.95041849E-02  GeV   ****

  **** Cam.El. E. m. for 55-Fe :   -5.80860823E-02  GeV   ****

  **** My.&Sw. E. m. for 55-Fe :   -5.75032495E-02  GeV   ****

  **** Atomic  mass  for 55-Fe :    51.1747131      GeV   ****

  **** Nuclear mass  for 55-Fe :    51.1614609      GeV   ****

  **** Excess  mass  for 56-Fe :   -6.06013089E-02  GeV   ****

  **** Cameron E. m. for 56-Fe :   -6.23576604E-02  GeV   ****

  **** Cam.El. E. m. for 56-Fe :   -6.08849637E-02  GeV   ****

  **** My.&Sw. E. m. for 56-Fe :   -6.04862086E-02  GeV   ****

  **** Atomic  mass  for 56-Fe :    52.1030807      GeV   ****

  **** Nuclear mass  for 56-Fe :    52.0898285      GeV   ****

  **** Excess  mass  for 107-Ag:   -8.84052590E-02  GeV   ****

  **** Cameron E. m. for 107-Ag:   -8.91378522E-02  GeV   ****

  **** Cam.El. E. m. for 107-Ag:   -8.86852369E-02  GeV   ****

  **** My.&Sw. E. m. for 107-Ag:   -8.82571116E-02  GeV   ****

  **** Atomic  mass  for 107-Ag:    99.5814896      GeV   ****

  **** Nuclear mass  for 107-Ag:    99.5576096      GeV   ****

  **** Excess  mass  for 132-Xe:   -8.92794058E-02  GeV   ****

  **** Cameron E. m. for 132-Xe:   -8.98088515E-02  GeV   ****

  **** Cam.El. E. m. for 132-Xe:   -8.92864987E-02  GeV   ****

  **** My.&Sw. E. m. for 132-Xe:   -8.94251093E-02  GeV   ****

  **** Atomic  mass  for 132-Xe:    122.867973      GeV   ****

  **** Nuclear mass  for 132-Xe:    122.840576      GeV   ****

  **** Excess  mass  for 181-Ta:   -4.84412275E-02  GeV   ****

  **** Cameron E. m. for 181-Ta:   -4.81105074E-02  GeV   ****

  **** Cam.El. E. m. for 181-Ta:   -4.78131436E-02  GeV   ****

  **** My.&Sw. E. m. for 181-Ta:   -4.82191741E-02  GeV   ****

  **** Atomic  mass  for 181-Ta:    168.552032      GeV   ****

  **** Nuclear mass  for 181-Ta:    168.515137      GeV   ****

  **** Excess  mass  for 208-Pb:   -2.17638295E-02  GeV   ****

  **** Cameron E. m. for 208-Pb:   -1.84126478E-02  GeV   ****

  **** Cam.El. E. m. for 208-Pb:   -2.03331560E-02  GeV   ****

  **** My.&Sw. E. m. for 208-Pb:   -2.09293775E-02  GeV   ****

  **** Atomic  mass  for 208-Pb:    193.729050      GeV   ****

  **** Nuclear mass  for 208-Pb:    193.687683      GeV   ****

  **** Excess  mass  for 209-Bi:   -1.82725303E-02  GeV   ****

  **** Cameron E. m. for 209-Bi:   -1.47107309E-02  GeV   ****

  **** Cam.El. E. m. for 209-Bi:   -1.71704441E-02  GeV   ****

  **** My.&Sw. E. m. for 209-Bi:   -1.77380107E-02  GeV   ****

  **** Atomic  mass  for 209-Bi:    194.664047      GeV   ****

  **** Nuclear mass  for 209-Bi:    193.687195      GeV   ****

  **** Excess  mass  for 235-U :    4.09132205E-02  GeV   ****

  **** Cameron E. m. for 235-U :    4.64000776E-02  GeV   ****

  **** Cam.El. E. m. for 235-U :    4.20622788E-02  GeV   ****

  **** My.&Sw. E. m. for 235-U :    4.13222089E-02  GeV   ****

  **** Atomic  mass  for 235-U :    218.942078      GeV   ****

  **** Nuclear mass  for 235-U :    218.895767      GeV   ****

  **** Excess  mass  for 238-U :    4.73045185E-02  GeV   ****

  **** Cameron E. m. for 238-U :    5.24553321E-02  GeV   ****

  **** Cam.El. E. m. for 238-U :    4.81762439E-02  GeV   ****

  **** My.&Sw. E. m. for 238-U :    4.73943055E-02  GeV   ****

  **** Atomic  mass  for 238-U :    221.742950      GeV   ****

  **** Nuclear mass  for 238-U :    221.696655      GeV   ****

  **** Evaporation from residual nucleus activated **** 
  **** Deexcitation gamma   production   activated **** 
  **** Evaporated "heavies" transport    activated **** 
  **** High Energy fission   requested & activated **** 
  **** Fermi Break Up        requested & activated **** 


 ****  Neutrino generators initialized  F  T  T ****



 *** Neutrino xsec file header:       Neutrino Xsec file from nundis + nunres ***
 *** Neutrino xsec file generated on:  DATE:  6/ 1/15,  TIME: 12:53:31 ***

    Minimum kinetic energy for BME   :   1.0000E-03 (GeV/n)
    Overall minimum kinetic energy for ion nuclear interactions:   1.0000E-03 (GeV/n)


  **** Fluorescence data successfully retrieved from unit          13  ****

 **** Subroutine Mulmix: medium n.    5 ****

 Number of elements =   1,  Density=    1.84800     (g/cm**3)
0  I         Z              Pa            F_i            Rho_i 
 Index    Atomic         Atomic       Proportion     Proportion 
          Number         Weight        by Number      by weight 

    1    4.00000        9.01218        1.00000        1.84800    

 ZTILDE,AE1O3,BLCCRA=   4.00000E+00   2.08102E+00   2.84575E-03

 ZTILDE,AE1O3,BLCCRE=   3.00000E+00   2.08102E+00   2.84575E-03
 BLCC,XCC,TFFLU0,XR0FLU=   8.70192E+03   7.17510E-04   7.69391E-04   3.44717E-05
 BLCCE,XCCE,TFEMF0,XR0EMF=   1.08774E+04   8.02201E-01   1.83902E-03   7.29765E-02
 Particle n.:   -6  Ecutm (prim. & sec.) =   3.728     GeV   3.729     GeV,    Hthnsz =  1.0000E+30 GeV
 Particle n.:   -5  Ecutm (prim. & sec.) =   2.809     GeV   2.810     GeV,    Hthnsz =  1.0000E+30 GeV
 Particle n.:   -4  Ecutm (prim. & sec.) =   2.810     GeV   2.811     GeV,    Hthnsz =  1.0000E+30 GeV
 Particle n.:   -3  Ecutm (prim. & sec.) =   1.877     GeV   1.878     GeV,    Hthnsz =  1.0000E+30 GeV
 Particle n.:    1  Ecutm (prim. & sec.) =  0.9393     GeV  0.9403     GeV,    Hthnsz =  1.0000E+30 GeV
 Particle n.:    2  Ecutm (prim. & sec.) =  0.9393     GeV  0.9403     GeV,    Hthnsz =  1.0000E+30 GeV
 Particle n.:    3  Ecutm (prim. & sec.) =  1.5110E-03 GeV  2.5110E-03 GeV,    Hthnsz =  1.0000E+30 GeV
 Particle n.:    4  Ecutm (prim. & sec.) =  1.5110E-03 GeV  2.5110E-03 GeV,    Hthnsz =  1.0000E+30 GeV
 Particle n.:   10  Ecutm (prim. & sec.) =  0.1067     GeV  0.1077     GeV,    Hthnsz =  1.0000E+30 GeV
 Particle n.:   11  Ecutm (prim. & sec.) =  0.1067     GeV  0.1077     GeV,    Hthnsz =  1.0000E+30 GeV
 Particle n.:   13  Ecutm (prim. & sec.) =  0.1406     GeV  0.1416     GeV,    Hthnsz =  1.0000E+30 GeV
 Particle n.:   14  Ecutm (prim. & sec.) =  0.1406     GeV  0.1416     GeV,    Hthnsz =  1.0000E+30 GeV
 Particle n.:   15  Ecutm (prim. & sec.) =  0.4946     GeV  0.4956     GeV,    Hthnsz =  1.0000E+30 GeV
 Particle n.:   16  Ecutm (prim. & sec.) =  0.4946     GeV  0.4956     GeV,    Hthnsz =  1.0000E+30 GeV
 Particle n.:   20  Ecutm (prim. & sec.) =   1.198     GeV   1.199     GeV,    Hthnsz =  1.0000E+30 GeV
 Particle n.:   21  Ecutm (prim. & sec.) =   1.190     GeV   1.191     GeV,    Hthnsz =  1.0000E+30 GeV
 Particle n.:   31  Ecutm (prim. & sec.) =   1.190     GeV   1.191     GeV,    Hthnsz =  1.0000E+30 GeV
 Particle n.:   33  Ecutm (prim. & sec.) =   1.198     GeV   1.199     GeV,    Hthnsz =  1.0000E+30 GeV
 Particle n.:   36  Ecutm (prim. & sec.) =   1.322     GeV   1.323     GeV,    Hthnsz =  1.0000E+30 GeV
 Particle n.:   37  Ecutm (prim. & sec.) =   1.322     GeV   1.323     GeV,    Hthnsz =  1.0000E+30 GeV
 Particle n.:   38  Ecutm (prim. & sec.) =   1.673     GeV   1.674     GeV,    Hthnsz =  1.0000E+30 GeV
 Particle n.:   39  Ecutm (prim. & sec.) =   1.673     GeV   1.674     GeV,    Hthnsz =  1.0000E+30 GeV
 Particle n.:   41  Ecutm (prim. & sec.) =   1.778     GeV   1.779     GeV,    Hthnsz =  1.0000E+30 GeV
 Particle n.:   42  Ecutm (prim. & sec.) =   1.778     GeV   1.779     GeV,    Hthnsz =  1.0000E+30 GeV
 Particle n.:   45  Ecutm (prim. & sec.) =   1.870     GeV   1.871     GeV,    Hthnsz =  1.0000E+30 GeV
 Particle n.:   46  Ecutm (prim. & sec.) =   1.870     GeV   1.871     GeV,    Hthnsz =  1.0000E+30 GeV
 Particle n.:   49  Ecutm (prim. & sec.) =   1.969     GeV   1.970     GeV,    Hthnsz =  1.0000E+30 GeV
 Particle n.:   50  Ecutm (prim. & sec.) =   1.969     GeV   1.970     GeV,    Hthnsz =  1.0000E+30 GeV
 Particle n.:   51  Ecutm (prim. & sec.) =   2.286     GeV   2.287     GeV,    Hthnsz =  1.0000E+30 GeV
 Particle n.:   52  Ecutm (prim. & sec.) =   2.469     GeV   2.470     GeV,    Hthnsz =  1.0000E+30 GeV
 Particle n.:   54  Ecutm (prim. & sec.) =   2.575     GeV   2.576     GeV,    Hthnsz =  1.0000E+30 GeV
 Particle n.:   57  Ecutm (prim. & sec.) =   2.286     GeV   2.287     GeV,    Hthnsz =  1.0000E+30 GeV
 Particle n.:   58  Ecutm (prim. & sec.) =   2.469     GeV   2.470     GeV,    Hthnsz =  1.0000E+30 GeV
 Particle n.:   60  Ecutm (prim. & sec.) =   2.575     GeV   2.576     GeV,    Hthnsz =  1.0000E+30 GeV
 **** Atomic electron contribution accounted via the Fano correction  ****
 **** f_Fano = 9.779E+00, Z_Fano = 4.000E+00                          ****

 **** Isotope tabulation data start     at location 10236401 and end at 10241310 (I*4 addr.) ****

 **** Non analog absorption factors start     at location 10241313 and end at 10241320 (I*4 addr.) ****

 **** Biased downscattering factors start     at location 10241323 and end at 10241330 (I*4 addr.) ****

 **** Non analog absorption group limits start at location10241331 and end at 10241334 (I*4 addr.) ****

 **** Biased downscattering group limits start at location10241335 and end at 10241338 (I*4 addr.) ****

 **** Cut-off group limits start        at location 10241339 and end at 10241342 (I*4 addr.) ****

 **** Lower Weight Window  limits start at location 10241345 and end at 10241352 (I*4 addr.) ****
1
 ***** Neutron Xsec: group limits, average energies, velocities and momenta *****
 ***** start at location 10241353, end at location 10243520 (I*4 addr.) *****


 *****                     Neutron Xsec:                     ****
 **** Group limits, average energies, velocities and momenta start at location 10241353, end at location 10243520 (I*4 addr.) *****


 *** Low energy neutron Point Wise materials
   ###  Material   Z   A m   T(K)/Abu   Dataset      Ver    Filename
     5  BERYLLIU   4   9 0    296.0K    JEFF-3.3     1.1    4_9_Berylium

   Doppler broadening Z= 4 A=  9 to T=296K time=0.003655s
Doppler broadening total time=0.003763 s
 Group cross sections storage starts at  10250281
 Last location used for group xsecs  10250280


                    *** Values read from the cross section file ***
    Panini independent Xsec                                                      

 Number of primary groups           260
 Number of primary downscatters     260
 Number of primary upscatters        30
 Number of secondary groups          42
 Number of secondary downscatters    42
 Number of neutron+gamma groups     302
 Total xsec table length            335
 Loc. of within group (g->g) xsec    34
 Number of media read               285
 Number of Leg. coefficients          6
 Number of discrete angles            3
1
  *** Fluka low energy group transport threshold:  261
      corresponding to an energy threshold of: 1.00001E-14 GeV
1
  *** Fluka to low en. xsec material correspondence: printed atomic densities are meaningless when used in a compound ***

   Fluka medium     Name     Xsec medium  atomic density          Id. 1        Id. 2        Id. 3
     number                   number     ( at/(cm barn) )



 No radioactive products/decays requested 




 Flags for applying biasing to prompt and/or decay radiation:
                        Hadr/muon         EM       Low en. Neut.
                       Prompt/Decay  Prompt/Decay  Prompt/Decay 
  Inter./decay length:    T    F        T    F        T    F
  Leading Particle   :    T    F        T    F        T    F
  Importance and WW  :    T    F        T    F        T    F



  EM transport threshold multipliers:      prompt       decay
                                           1.00E+00    1.00E+00

  *** dp/dx tab. generated up to     156.71 GeV/c/n ***

   *** Barkas Z^3 corrections accounted for ***

   *** Bloch  Z^4 corrections accounted for ***

   *** Mott Z - e corrections accounted for ***

   *** Nuclear stopping power accounted for ***

   **** Nuclear form factor 'a la Kelner' selected      ****
   **** Standard Coulomb correction selected            ****
   ****   for charged hadron and muon bremsstrahlung    ****



 *****   dp/dx : material number   5 "BERYLLIU"    *****

   ***** Average excitation energy : 6.3700E+01 eV, weighted Z/A : 4.4384E-01                *****
   ***** Sternheimer density effect parameters:                                              *****
   ***** X0 =   0.0592, X1 =   1.6922, C =  -2.7847, A =   0.8039 m =   2.4339 D0 =   0.1400 *****

   ***** Restricted energy loss tabulated in     73 intervals *****
   ***** Delta ray production activated above  1.0000E-03 GeV *****

   ***** dE/dx fluctuations activated for this medium, level  1 *****
   *****     (up to  2I discrete levels, up to   2 K-edges)     *****

   ***** Restricted pair production energy loss added         *****
   ***** Exp. pair production activated above  0.0000E+00 GeV *****

   ***** Restricted bremsstrahlung energy loss added          *****
   ***** Exp. bremsstrahlung activated above   1.0000E-03 GeV *****

 ***** dp/dx tabulations in blank common start at location  10250283 *****
 ***** end at location  10259918 (I*4 addresses) *****

  *** Range: P_max:   1.77827895      P_min   3.98107152E-03  ***

 ***** Range tabulations in blank common start at location  10259921 *****
 ***** end at location  10260028 (I*4 addresses) *****


 *****  Sigtab : material number   5 "BERYLLIU"    *****

 *****  Muon photonuclear interac. requested       *****

 *****  Xsec tabulations in blank common start at location  10260031 *****
 *****  end at location  10270170 (I*4 addresses) for this medium *****


 ***** Total,elastic,inelastic,pair,bremss. macroscopic cross sections tabulated in     78 intervals *****

 *****  Xsec tabulations in blank common start at location  10260031 *****
 *****  end at location  10270170 (I*4 addresses) *****

 ***** Form Fact. tabulations in blank common start at location10270171 *****
 ***** end at location10331542 (I*4 addresses) *****
    Chem. sym. : Be, Z =  4., A =     9.012, PZ =  1.00000E+00 , RHOZ =  1.84800E+00
 Electron Xsecs for EMF medium #     1(BERYLLIU) tabulated in    334 intervals
 Min kin. energy  1.000E-02 (GeV)Max kin. energy   157.     (GeV)

 ***** EMF   tabulations in blank common start at  location10332098 *****
 ***** end at location10359236 (I*4 addresses) *****

1 Quantities/Biasing associated with each media: 



 BERYLLIU                
      Rho =    1.84800     g/cm**3     Rlc=    35.2760     cm
      Ae =    10.5110     MeV    Ue =    156715.     MeV
      Ap =    10.0000     MeV    Up =    156714.     MeV
      dE/dx fluctuations activated for this medium, level  1
      below the threshold for explicit secondary electron production
     (up to  2I discrete levels, up to   2 K-edges)

1 Correspondence of regions and EMF-FLUKA material numbers and names:

       Region          EMF                     FLUKA

          1 regBH1           0   VACUUM               1  BLCKHOLE
          2 regVA2           0   VACUUM               2  VACUUM  
          3 regBE3           1   BERYLLIU             5  BERYLLIU
  Prompt:
     Ecut =  1.0511E+01 MeV,    Pcut =  1.0000E+01 MeV
     BIAS = F,   Ray. = F,   S(q,Z) = T,  Pz(q,Z) = F,  Acolin.= F
  Delayed:
     Ecut =  1.0511E+01 MeV,    Pcut =  1.0000E+01 MeV
          4 regBE4           1   BERYLLIU             5  BERYLLIU
  Prompt:
     Ecut =  1.0511E+01 MeV,    Pcut =  1.0000E+01 MeV
     BIAS = F,   Ray. = F,   S(q,Z) = T,  Pz(q,Z) = F,  Acolin.= F
  Delayed:
     Ecut =  1.0511E+01 MeV,    Pcut =  1.0000E+01 MeV

 Starting location in blank common of binning data:10360579
 Last location in blank common of binning data:    11564581

 Starting location in blank common of bdrx data:11564583
 Last location in blank common of bdrx data:    11566585

 Starting location in blank common of track/coll data:11566587
 Last location in blank common of track/coll data:    11566669
1
  === Output before the actual run - Particle properties: ===



  === Transportable Fluka particles: ===

 Particle  Number     Mass     Mean Life  Charge Baryon Discard  Decay  PDG id
                  (GeV/c**2)      (s)            number Flag(=1) Flag

 4-HELIUM    -6    3.7273803   1.000E+18      2      4      0      1      9999
 3-HELIUM    -5    2.8083922   1.000E+18      2      3      0      1      9999
 TRITON      -4    2.8089218   1.000E+18      1      3      0      1      9999
 DEUTERON    -3    1.8756134   1.000E+18      1      2      0      1      9999
 HEAVYION    -2    0.0000000   1.000E+18      0      0      0      1      9999
 OPTIPHOT    -1    0.0000000   1.000E+18      0      0      0      1      9999
 RAY          0    0.0000000    0.00          0      0      0      1      9999
 PROTON       1    0.9382723   1.000E+18      1      1      0      1      2212
 APROTON      2    0.9382723   1.000E+18     -1     -1      0      1     -2212
 ELECTRON     3    0.0005110   1.000E+18     -1      0      0      1        11
 POSITRON     4    0.0005110   1.000E+18      1      0      0      1       -11
 NEUTRIE      5    0.0000000   1.000E+18      0      0      1      1        12
 ANEUTRIE     6    0.0000000   1.000E+18      0      0      1      1       -12
 PHOTON       7    0.0000000   1.000E+18      0      0      0      1        22
 NEUTRON      8    0.9395656    889.          0      1      0      1      2112
 ANEUTRON     9    0.9395656    889.          0     -1      0      1     -2112
 MUON+       10    0.1056584   2.197E-06      1      0      0      1       -13
 MUON-       11    0.1056584   2.197E-06     -1      0      0      1        13
 KAONLONG    12    0.4976710   5.170E-08      0      0      0      1       130
 PION+       13    0.1395699   2.603E-08      1      0      0      1       211
 PION-       14    0.1395699   2.603E-08     -1      0      0      1      -211
 KAON+       15    0.4936460   1.237E-08      1      0      0      1       321
 KAON-       16    0.4936460   1.237E-08     -1      0      0      1      -321
 LAMBDA      17    1.1156300   2.632E-10      0      1      0      1      3122
 ALAMBDA     18    1.1156300   2.632E-10      0     -1      0      1     -3122
 KAONSHRT    19    0.4976710   8.922E-11      0      0      0      1       310
 SIGMA-      20    1.1974300   1.479E-10     -1      1      0      1      3112
 SIGMA+      21    1.1893700   7.990E-11      1      1      0      1      3222
 SIGMAZER    22    1.1925500   7.400E-20      0      1      0      1      3212
 PIZERO      23    0.1349764   8.400E-17      0      0      0      1       111
 KAONZERO    24    0.4976710    0.00          0      0      0      1       311
 AKAONZER    25    0.4976710    0.00          0      0      0      1      -311
 RESERVED    26    0.1349764   8.400E-17      0      0      0      1         0
 NEUTRIM     27    0.0000000   1.000E+18      0      0      1      1        14
 ANEUTRIM    28    0.0000000   1.000E+18      0      0      1      1       -14
 RESERVED    29    0.5474500    0.00          0      0      0      1         0
 RESERVED    30    0.0000000    0.00          0      0      0      1         0
 ASIGMA-     31    1.1893700   7.990E-11     -1     -1      0      1     -3222
 ASIGMAZE    32    1.1925500   7.400E-20      0     -1      0      1     -3212
 ASIGMA+     33    1.1974300   1.479E-10      1     -1      0      1     -3112
 XSIZERO     34    1.3149000   2.900E-10      0      1      0      1      3322
 AXSIZERO    35    1.3149000   2.900E-10      0     -1      0      1     -3322
 XSI-        36    1.3213200   1.639E-10     -1      1      0      1      3312
 AXSI+       37    1.3213200   1.639E-10      1     -1      0      1     -3312
 OMEGA-      38    1.6724300   8.220E-11     -1      1      0      1      3334
 AOMEGA+     39    1.6724300   8.220E-11      1     -1      0      1     -3334
 WWLOWNEU    40    0.9395656    889.          0      1      0      1      2112
 TAU+        41    1.7770000   2.910E-13      1      0      0      1       -15
 TAU-        42    1.7770000   2.910E-13     -1      0      0      1        15
 NEUTRIT     43    0.0000000   1.000E+18      0      0      1      1        16
 ANEUTRIT    44    0.0000000   1.000E+18      0      0      1      1       -16
 D+          45    1.8693000   1.057E-12      1      0      0      1       411
 D-          46    1.8693000   1.057E-12     -1      0      0      1      -411
 D0          47    1.8646000   4.150E-13      0      0      0      1       421
 D0BAR       48    1.8646000   4.150E-13      0      0      0      1      -421
 DS+         49    1.9683000   4.900E-13      1      0      0      1       431
 DS-         50    1.9683000   4.900E-13     -1      0      0      1      -431
 LAMBDAC+    51    2.2849000   2.060E-13      1      1      0      1      4122
 XSIC+       52    2.4679000   4.420E-13      1      1      0      1      4232
 XSIC0       53    2.4710000   1.120E-13      0      1      0      1      4132
 XSIPC+      54    2.5741000   5.000E-20      1      1      0      1      4322
 XSIPC0      55    2.5788000   5.000E-20      0      1      0      1      4312
 OMEGAC0     56    2.7300000   6.400E-14      0      1      0      1      4332
 ALAMBDC-    57    2.2849000   2.060E-13     -1     -1      0      1     -4122
 AXSIC-      58    2.4679000   4.420E-13     -1     -1      0      1     -4232
 AXSIC0      59    2.4710000   1.120E-13      0     -1      0      1     -4132
 AXSIPC-     60    2.5741000   5.000E-20     -1     -1      0      1     -4322
 AXSIPC0     61    2.5788000   5.000E-20      0     -1      0      1     -4312
 AOMEGAC0    62    2.7300000   6.400E-14      0     -1      0      1     -4332
 RESERVED    63    0.0000000    0.00          0      0      0      1      9999
 RESERVED    64    0.0000000    0.00          0      0      0      1      9999
1
  === Generalised particles (201-233)  (for scoring): === 

 Generalised particle   Number

 ALL-PART                 201
 ALL-CHAR                 202
 ALL-NEUT                 203
 ALL-NEGA                 204
 ALL-POSI                 205
 NUCLEONS                 206
 NUC&PI+-                 207
 ENERGY                   208
 PIONS+-                  209
 BEAMPART                 210
 EM-ENRGY                 211
 MUONS                    212
 E+&E-                    213
 AP&AN                    214
 KAONS                    215
 STRANGE                  216
 KAONS+-                  217
 HAD-CHAR                 218
 FISSIONS                 219
 HE-FISS                  220
 LE-FISS                  221
 NEU-BALA                 222
 HAD-NEUT                 223
 KAONS0                   224
 C-MESONS                 225
 C-(A)BAR                 226
 CHARMED                  227
 DOSE                     228
 UNB-ENER                 229
 UNB-EMEN                 230
 X-MOMENT                 231
 Y-MOMENT                 232
 Z-MOMENT                 233
 ACTIVITY                 234
 ACTOMASS                 235
 SI1MEVNE                 236
 HADGT20M                 237
 NIEL-DEP                 238
 DPA-SCO                  239
 DOSE-EQ                  240
 DOSE-EM                  241
 NET-CHRG                 242
 DOSEQLET                 243
 RES-NIEL                 244
 DPA-NRT                  245
 LOWENNEU                 246
 NTLOWENE                 247
 ALL-IONS                 248
 HEHAD-EQ                 249
 THNEU-EQ                 250
 RES-NUCL                 251
 DOSE-H2O                 252
 ALPHA-D                  253
 SQBETA-D                 254
 LGH-IONS                 255
 HVY-IONS                 256
 E+E-GAMM                 257
 ANNIHRST                 258
 ARC-DPA                  259
 BLANK                    260
1
  === Output before the actual run - Beam properties ===



  Fluka incident beam properties: 


    Beam particle: PROTON   Id:   1 (Fluka)  2212 (PDG) Charge:   1 Baryon n.:   1
                   Mass:  0.9382723100     (GeV/c^2) Mean life: 1.0000E+18 (s) Weight:  1.000    
    Average beam momentum      :                 50.00000000     (GeV/c)
    Average beam kinetic energy:                 49.07053046     (GeV)
    Momentum deviation at FWHM (rectangular):        0.0000000 (GeV/c)
    Beam hit position     :   0.00000000       0.00000000      -10.0000000      cm
    Beam direction cosines:   0.00000000       0.00000000       1.00000000    
    Beam spot FWHM X-width (Rectangular ):  0.0000      cm
    Beam spot FWHM Y-width (Rectangular ):  0.0000      cm
    Beam FWHM angular divergence (Rectangular ):            0.0000  (mrad)
    (Spatial distribution, polarization, and angular direction and distribution
    are given in the beam frame of reference)

    Beam reference frame (world coordinates): 
      Beam X axis:    1.00000000       0.00000000       0.00000000    
      Beam Y axis:    0.00000000       1.00000000       0.00000000    
      Beam Z axis:    0.00000000       0.00000000       1.00000000    

    The nominal beam position belongs to region:       2 (regVA2  ),
    lattice cell:       0 (        )



  === Particle transport thresholds:

 Global cut-off kinetic energy for particle transport:  1.000E-02 GeV
 The cut-off kinetic energy is superseded by individual particle thresholds if set


   Cut-off kinetic energy for 4-HELIUM transport:  1.000E-02 GeV

   Cut-off kinetic energy for 3-HELIUM transport:  1.000E-02 GeV

   Cut-off kinetic energy for TRITON   transport:  1.000E-02 GeV

   Cut-off kinetic energy for DEUTERON transport:  1.000E-02 GeV

   Cut-off kinetic energy for PROTON   transport:  1.000E-02 GeV

   Cut-off kinetic energy for APROTON  transport:  1.000E-02 GeV

   Cut-off kinetic energy for ELECTRON transport defined in the Emfcut card

   Cut-off kinetic energy for POSITRON transport defined in the Emfcut card

   Cut-off kinetic energy for NEUTRIE  transport:  0.000E+00 GeV

   Cut-off kinetic energy for ANEUTRIE transport:  0.000E+00 GeV

   Cut-off kinetic energy for PHOTON   transport defined in the Emfcut card

   Cut-off kinetic energy for NEUTRON  transport:  1.000E-14 GeV

   Cut-off kinetic energy for ANEUTRON transport:  1.000E-05 GeV

   Cut-off kinetic energy for MUON+    transport:  1.000E-02 GeV

   Cut-off kinetic energy for MUON-    transport:  1.000E-02 GeV

   Cut-off kinetic energy for KAONLONG transport:  1.000E-02 GeV

   Cut-off kinetic energy for PION+    transport:  1.000E-02 GeV

   Cut-off kinetic energy for PION-    transport:  1.000E-02 GeV

   Cut-off kinetic energy for KAON+    transport:  1.000E-02 GeV

   Cut-off kinetic energy for KAON-    transport:  1.000E-02 GeV

   Cut-off kinetic energy for LAMBDA   transport:  1.000E-02 GeV

   Cut-off kinetic energy for ALAMBDA  transport:  1.000E-02 GeV

   Cut-off kinetic energy for KAONSHRT transport:  1.000E-02 GeV

   Cut-off kinetic energy for SIGMA-   transport:  1.000E-02 GeV

   Cut-off kinetic energy for SIGMA+   transport:  1.000E-02 GeV

   Cut-off kinetic energy for SIGMAZER transport:  1.000E-02 GeV

   Cut-off kinetic energy for PIZERO   transport:  1.000E-02 GeV

   Cut-off kinetic energy for KAONZERO transport:  1.000E-02 GeV

   Cut-off kinetic energy for AKAONZER transport:  1.000E-02 GeV

   Cut-off kinetic energy for RESERVED transport:  1.000E-02 GeV

   Cut-off kinetic energy for NEUTRIM  transport:  0.000E+00 GeV

   Cut-off kinetic energy for ANEUTRIM transport:  0.000E+00 GeV

   Cut-off kinetic energy for RESERVED transport:  1.000E-02 GeV

   Cut-off kinetic energy for RESERVED transport:  1.000E-02 GeV

   Cut-off kinetic energy for ASIGMA-  transport:  1.000E-02 GeV

   Cut-off kinetic energy for ASIGMAZE transport:  1.000E-02 GeV

   Cut-off kinetic energy for ASIGMA+  transport:  1.000E-02 GeV

   Cut-off kinetic energy for XSIZERO  transport:  1.000E-02 GeV

   Cut-off kinetic energy for AXSIZERO transport:  1.000E-02 GeV

   Cut-off kinetic energy for XSI-     transport:  1.000E-02 GeV

   Cut-off kinetic energy for AXSI+    transport:  1.000E-02 GeV

   Cut-off kinetic energy for OMEGA-   transport:  1.000E-02 GeV

   Cut-off kinetic energy for AOMEGA+  transport:  1.000E-02 GeV

   Cut-off kinetic energy for WWLOWNEU transport:  1.000E-02 GeV

   Cut-off kinetic energy for TAU+     transport:  1.000E-02 GeV

   Cut-off kinetic energy for TAU-     transport:  1.000E-02 GeV

   Cut-off kinetic energy for NEUTRIT  transport:  0.000E+00 GeV

   Cut-off kinetic energy for ANEUTRIT transport:  0.000E+00 GeV

   Cut-off kinetic energy for D+       transport:  1.000E-02 GeV

   Cut-off kinetic energy for D-       transport:  1.000E-02 GeV

   Cut-off kinetic energy for D0       transport:  1.000E-02 GeV

   Cut-off kinetic energy for D0BAR    transport:  1.000E-02 GeV

   Cut-off kinetic energy for DS+      transport:  1.000E-02 GeV

   Cut-off kinetic energy for DS-      transport:  1.000E-02 GeV

   Cut-off kinetic energy for LAMBDAC+ transport:  1.000E-02 GeV

   Cut-off kinetic energy for XSIC+    transport:  1.000E-02 GeV

   Cut-off kinetic energy for XSIC0    transport:  1.000E-02 GeV

   Cut-off kinetic energy for XSIPC+   transport:  1.000E-02 GeV

   Cut-off kinetic energy for XSIPC0   transport:  1.000E-02 GeV

   Cut-off kinetic energy for OMEGAC0  transport:  1.000E-02 GeV

   Cut-off kinetic energy for ALAMBDC- transport:  1.000E-02 GeV

   Cut-off kinetic energy for AXSIC-   transport:  1.000E-02 GeV

   Cut-off kinetic energy for AXSIC0   transport:  1.000E-02 GeV

   Cut-off kinetic energy for AXSIPC-  transport:  1.000E-02 GeV

   Cut-off kinetic energy for AXSIPC0  transport:  1.000E-02 GeV

   Cut-off kinetic energy for AOMEGAC0 transport:  1.000E-02 GeV

   Cut-off kinetic energy for RESERVED transport:  1.000E-02 GeV

   Cut-off kinetic energy for RESERVED transport:  1.000E-02 GeV


  "Heavy" residual transport activated



  === Termination conditions: ===

 Maximum cpu-time allocated for this run: 100000000000000000.00 sec
 Minimum cpu-time reserved for output:                 10000.00 sec
 Maximum number of beam particles to be followed:        300000
 Maximum number of stars to be generated:              infinite



  === Multiple Coulomb scattering: ===

 Moliere Coulomb scattering for primaries:   T
 Moliere Coulomb scattering for secondaries: T

 Hadrons/muons:
 Flag for MCS check with boundary normals: F
 Flag for Coulomb single scattering(s) at boundaries: F
 (# of Coulomb single scattering(s) at boundaries:        1)
 Flag for single scatterings below min. (Moliere) energy: F




  === Electromagnetic Showers: ===

 EM showers are treated by the EMF (A.Fasso`,A.Ferrari,P.R.Sala) code

 Electrons/positrons:
 Flag for MCS check with boundary normals: F
 Flag for Coulomb single scattering(s) at boundaries: F
 (# of Coulomb single scattering(s) at boundaries:        1)
 Flag for single scatterings below min. (Moliere) energy: F

1
  Region        Particle   importances         RR factor   Cut off  N.A. abs.   N.A. abs.  Bias. Dow.  Bias. Dow.
  number  Fluka part.   EM part.  Low en. n.                group     group      factor       group      factor


       1      1.0000     1.0000     1.0000                   261       230       9.500E-01       0       1.500E+00

       2      1.0000     1.0000     1.0000                   261       230       9.500E-01       0       1.500E+00

       3      1.0000     1.0000     1.0000                   261       230       9.500E-01       0       1.500E+00

       4      1.0000     1.0000     1.0000                   261       230       9.500E-01       0       1.500E+00


 ******* "usrbin" option:

   Cartesian binning n.   1  "piFluBin  " , generalized particle n.  209
      X coordinate: from -5.0000E+01 to  5.0000E+01 cm,   100 bins ( 1.0000E+00 cm wide)
      Y coordinate: from -5.0000E+01 to  5.0000E+01 cm,   100 bins ( 1.0000E+00 cm wide)
      Z coordinate: from -1.0000E+01 to  5.0000E+01 cm,    60 bins ( 1.0000E+00 cm wide)
      data will be printed on unit  -50 (unformatted if < 0)
      accurate deposition along the tracks requested
      normalized (per unit volume) data will be printed at the end of the run
      this is a track-length binning

   Cartesian binning n.   2  "Edeposit  " , generalized particle n.  208
      X coordinate: from -1.0000E+01 to  1.0000E+01 cm,    20 bins ( 1.0000E+00 cm wide)
      Y coordinate: from -1.0000E+01 to  1.0000E+01 cm,    20 bins ( 1.0000E+00 cm wide)
      Z coordinate: from  0.0000E+00 to  5.0000E+00 cm,     5 bins ( 1.0000E+00 cm wide)
      data will be printed on unit  -51 (unformatted if < 0)
      accurate deposition along the tracks requested
      normalized (per unit volume) data will be printed at the end of the run


 ******* "USRBDX" option:

   Bdrx n.   1  "piFluenUD " , generalized particle n.  209, from region n.     3 to region n.     4
      detector area:  4.0000E+02 cm**2
      this is a one way only estimator
      this is a fluence like estimator
      logar. energy binning from  1.0000E-09 to  5.0000E+01 GeV,    50 bins (ratio : 1.6367E+00)
      linear angular binning from  0.0000E+00 to  6.2832E+00 sr ,    10 bins ( 6.2832E-01 sr wide )
      data will be printed on unit  -46 (unformatted if < 0)

   Bdrx n.   2  "piCurrUD  " , generalized particle n.  209, from region n.     3 to region n.     4
      detector area:  4.0000E+02 cm**2
      this is a one way only estimator
      this is a current like estimator
      logar. energy binning from  1.0000E-09 to  5.0000E+01 GeV,    50 bins (ratio : 1.6367E+00)
      linear angular binning from  0.0000E+00 to  6.2832E+00 sr ,    10 bins ( 6.2832E-01 sr wide )
      data will be printed on unit  -47 (unformatted if < 0)


 ******* "USRCOLL"  option:


 No user collision density estimator defined


 ******* "USRTRACK" option:

   Track n.   1  "piFluenU  " , generalized particle n.  209, region n.     3
      detector volume:  1.0000E+03 cm**3

 Energy for Tracklength estimators is kinetic energy            

      logar. energy binning from  1.0000E-03 to  5.0000E+01 GeV,    20 bins (ratio : 1.7177E+00)
      data will be printed on unit  -48 (unformatted if < 0)

   Track n.   2  "piFluenD  " , generalized particle n.  209, region n.     4
      detector volume:  1.0000E+03 cm**3

 Energy for Tracklength estimators is kinetic energy            

      logar. energy binning from  1.0000E-03 to  5.0000E+01 GeV,    20 bins (ratio : 1.7177E+00)
      data will be printed on unit  -49 (unformatted if < 0)


 ******* "Usryield" option:


 No user yield estimator defined


 ******* "RESNUCLEI" option:


 No residual nuclei estimator defined


 ******* "Detect" option:


 No detector defined



  === Material compositions: ===

 Material         Atomic           Atomic           Density          Inelastic        Elastic          Radiation        Inelastic
 Number&Name      Number           Weight                            Scattering       Scattering       Length           Scattering
                                                                     Length for       Length for                        Length for
                                                                     PROTON   at      PROTON   at                       neutrons at
                                                                     Beam energy      Beam energy                       Threshold
                                                                                                                        Momentum

                                                     g/cm**3            cm               cm               cm               cm

    1 BLCKHOLE     0.000            0.000            0.000           0.1000E+31       0.1000E+31       0.1000E+31       0.1000E+31
    2 VACUUM       0.000            0.000            0.000           0.1000E+31       0.1000E+31       0.1000E+31       0.1000E+31
    3 HYDROGEN     1.000            1.008           0.8370E-04       0.6479E+06       0.2671E+07       0.7532E+06       0.8508E+09
    4 HELIUM       2.000            4.003           0.1660E-03       0.3733E+06       0.1500E+07       0.5682E+06       0.6024E+34
    5 BERYLLIU     4.000            9.012            1.848            41.78            125.7            35.28            17.26    
    6 CARBON       6.000            12.01            2.000            41.72            109.1            21.35            18.23    
    7 NITROGEN     7.000            14.01           0.1170E-02       0.7424E+05       0.1882E+06       0.3247E+05       0.3319E+05
    8 OXYGEN       8.000            16.00           0.1330E-02       0.6758E+05       0.1663E+06       0.2574E+05       0.3013E+05
    9 MAGNESIU     12.00            24.30            1.740            57.58            126.1            14.39            26.58    
   10 ALUMINUM     13.00            26.98            2.699            38.14            80.72            8.896            17.24    
   11 IRON         26.00            55.84            7.874            16.12            27.98            1.757            9.128    
   12 COPPER       29.00            63.55            8.960            14.80            24.82            1.436            8.423    
   13 SILVER       47.00            107.9            10.50            14.64            22.15           0.8543            10.59    
   14 SILICON      14.00            28.09            2.329            44.71            93.81            9.370            20.38    
   15 GOLD         79.00            197.0            19.32            9.437            13.03           0.3344            7.012    
   16 MERCURY      80.00            200.6            13.55            13.53            18.62           0.4752            9.852    
   17 LEAD         82.00            207.2            11.35            16.29            22.30           0.5612            12.03    
   18 TANTALUM     73.00            180.9            16.65            10.69            14.98           0.4094            7.390    
   19 SODIUM       11.00            22.99           0.9710            101.7            226.8            28.56            47.77    
   20 ARGON        18.00            39.95           0.1660E-02       0.6943E+05       0.1334E+06       0.1178E+05       0.3754E+05
   21 CALCIUM      20.00            40.08            1.550            74.43            142.9            10.42            36.39    
   22 TIN          50.00            118.7            7.310            21.60            32.17            1.206            14.37    
   23 TUNGSTEN     74.00            183.8            19.30            9.263            12.95           0.3504            6.172    
   24 TITANIUM     22.00            47.87            4.540            26.75            48.66            3.560            15.11    
   25 NICKEL       28.00            58.69            8.902            14.50            24.84            1.424            8.419    


  === Materials: displacement damage settings ===

  Material  Material       Damage     b_arcdpa     c_arcdpa  Explicit
  number    name        threshold                            MAT-PROP
                             (eV)                               card?

         3  HYDROGEN        30.00    0.0000000    0.0000000         F
         4  HELIUM          30.00    0.0000000    0.0000000         F
         5  BERYLLIU        30.00    0.0000000    0.0000000         F
         6  CARBON          30.00    0.0000000    0.0000000         F
         7  NITROGEN        30.00    0.0000000    0.0000000         F
         8  OXYGEN          30.00    0.0000000    0.0000000         F
         9  MAGNESIU        30.00    0.0000000    0.0000000         F
        10  ALUMINUM        30.00    0.0000000    0.0000000         F
        11  IRON            30.00    0.0000000    0.0000000         F
        12  COPPER          30.00    0.0000000    0.0000000         F
        13  SILVER          30.00    0.0000000    0.0000000         F
        14  SILICON         30.00    0.0000000    0.0000000         F
        15  GOLD            30.00    0.0000000    0.0000000         F
        16  MERCURY         30.00    0.0000000    0.0000000         F
        17  LEAD            30.00    0.0000000    0.0000000         F
        18  TANTALUM        30.00    0.0000000    0.0000000         F
        19  SODIUM          30.00    0.0000000    0.0000000         F
        20  ARGON           30.00    0.0000000    0.0000000         F
        21  CALCIUM         30.00    0.0000000    0.0000000         F
        22  TIN             30.00    0.0000000    0.0000000         F
        23  TUNGSTEN        30.00    0.0000000    0.0000000         F
        24  TITANIUM        30.00    0.0000000    0.0000000         F
        25  NICKEL          30.00    0.0000000    0.0000000         F


  === Regions: materials and fields ===

 Region N. and Name Material N. and Name  Magn./El. Field (on/off)
         (Mat. N. and Name Magn./El. Field (on/off) for radioactive products)
                                                Minimum  and  Maximum step size (cm) 
     1  regBH1       1  BLCKHOLE  OFF            0.00000E+00     9.99852E+04
                  (  1  BLCKHOLE OFF )
     2  regVA2       2  VACUUM    OFF            0.00000E+00     9.99852E+04
                  (  2  VACUUM   OFF )
     3  regBE3       5  BERYLLIU  OFF            0.00000E+00     9.99852E+04
                  (  5  BERYLLIU OFF )
     4  regBE4       5  BERYLLIU  OFF            0.00000E+00     9.99852E+04
                  (  5  BERYLLIU OFF )


  === End of the output associated with the input ===

 RM64 INITIALIZED:           1     12345   619321020         0


 Total time used for initialization:  0.267     s


1NUMBER OF BEAM       NUMBER OF BEAM        APPROXIMATE NUMBER    AVERAGE TIME USED     TIME LEFT (RESERVED   NUMBER OF STARS
 PARTICLES HANDLED    PARTICLES LEFT        OF BEAM PARTICLES     BY A BEAM PARTICLE     10000.0 SECONDS      CREATED
                                            THAT CAN STILL BE                           FOR PRINTOUT)
                                            HANDLED

 NEXT SEEDS:24EA16BC       0       0       0       0       0       1    3039       0       0
          1                299999                299999             1.2397766E-04         1.0000000E+30                 0       
 NEXT SEEDS:24EA170A       0       0       0       0       0       1    3039       0       0
       6000                294000                294000             2.3066131E-04         1.0000000E+30              2858       
 NEXT SEEDS:2547FFE1       0       0       0       0       0       1    3039       0       0
      12000                288000                288000             2.2893202E-04         1.0000000E+30              5699       
 NEXT SEEDS:25A580B8       0       0       0       0       0       1    3039       0       0
      18000                282000                282000             2.2904732E-04         1.0000000E+30              8503       
 NEXT SEEDS:26018554       0       0       0       0       0       1    3039       0       0
      24000                276000                276000             2.2805746E-04         1.0000000E+30             11243       
 NEXT SEEDS:265BD789       0       0       0       0       0       1    3039       0       0
      30000                270000                270000             2.2770125E-04         1.0000000E+30             14108       
 NEXT SEEDS:26BA1399       0       0       0       0       0       1    3039       0       0
      36000                264000                264000             2.2800067E-04         1.0000000E+30             16917       
 NEXT SEEDS:2715CB26       0       0       0       0       0       1    3039       0       0
      42000                258000                258000             2.2672167E-04         1.0000000E+30             19709       
 NEXT SEEDS:2771A96E       0       0       0       0       0       1    3039       0       0
      48000                252000                252000             2.2520540E-04         1.0000000E+30             22459       
 NEXT SEEDS:27CBF5A2       0       0       0       0       0       1    3039       0       0
      54000                246000                246000             2.2414856E-04         1.0000000E+30             25244       
 NEXT SEEDS:2826FBCB       0       0       0       0       0       1    3039       0       0
      60000                240000                240000             2.2437566E-04         1.0000000E+30             28051       
 NEXT SEEDS:288632ED       0       0       0       0       0       1    3039       0       0
      66000                234000                234000             2.2500813E-04         1.0000000E+30             30964       
 NEXT SEEDS:28E5538C       0       0       0       0       0       1    3039       0       0
      72000                228000                228000             2.2478514E-04         1.0000000E+30             33789       
 NEXT SEEDS:2942CDAE       0       0       0       0       0       1    3039       0       0
      78000                222000                222000             2.2346817E-04         1.0000000E+30             36421       
 NEXT SEEDS:29993E75       0       0       0       0       0       1    3039       0       0
      84000                216000                216000             2.2306458E-04         1.0000000E+30             39168       
 NEXT SEEDS:29F69323       0       0       0       0       0       1    3039       0       0
      90000                210000                210000             2.2287612E-04         1.0000000E+30             41982       
 NEXT SEEDS:2A555DD7       0       0       0       0       0       1    3039       0       0
      96000                204000                204000             2.2399290E-04         1.0000000E+30             44944       
 NEXT SEEDS:2AB6D643       0       0       0       0       0       1    3039       0       0
     102000                198000                198000             2.2445178E-04         1.0000000E+30             47862       
 NEXT SEEDS:2B177F42       0       0       0       0       0       1    3039       0       0
     108000                192000                192000             2.2632867E-04         1.0000000E+30             50816       
 NEXT SEEDS:2B78DE64       0       0       0       0       0       1    3039       0       0
     114000                186000                186000             2.2802309E-04         1.0000000E+30             53643       
 NEXT SEEDS:2BD76A20       0       0       0       0       0       1    3039       0       0
     120000                180000                180000             2.3188669E-04         1.0000000E+30             56514       
 NEXT SEEDS:2C371D3C       0       0       0       0       0       1    3039       0       0
     126000                174000                174000             2.3485754E-04         1.0000000E+30             59342       
 NEXT SEEDS:2C94925C       0       0       0       0       0       1    3039       0       0
     132000                168000                168000             2.3666814E-04         1.0000000E+30             62267       
 NEXT SEEDS:2CF3918F       0       0       0       0       0       1    3039       0       0
     138000                162000                162000             2.3696583E-04         1.0000000E+30             65181       
 NEXT SEEDS:2D54B0A0       0       0       0       0       0       1    3039       0       0
     144000                156000                156000             2.3698355E-04         1.0000000E+30             68053       
 NEXT SEEDS:2DB52389       0       0       0       0       0       1    3039       0       0
     150000                150000                150000             2.3722492E-04         1.0000000E+30             70994       
 NEXT SEEDS:2E14A336       0       0       0       0       0       1    3039       0       0
     156000                144000                144000             2.3746888E-04         1.0000000E+30             73973       
 NEXT SEEDS:2E760C61       0       0       0       0       0       1    3039       0       0
     162000                138000                138000             2.3737532E-04         1.0000000E+30             76887       
 NEXT SEEDS:2ED75DB5       0       0       0       0       0       1    3039       0       0
     168000                132000                132000             2.3786800E-04         1.0000000E+30             79746       
 NEXT SEEDS:2F34FE7E       0       0       0       0       0       1    3039       0       0
     174000                126000                126000             2.3725421E-04         1.0000000E+30             82608       
 NEXT SEEDS:2F927FD8       0       0       0       0       0       1    3039       0       0
     180000                120000                120000             2.3663850E-04         1.0000000E+30             85390       
 NEXT SEEDS:2FED1643       0       0       0       0       0       1    3039       0       0
     186000                114000                114000             2.3601615E-04         1.0000000E+30             88122       
 NEXT SEEDS:304841D5       0       0       0       0       0       1    3039       0       0
     192000                108000                108000             2.3563072E-04         1.0000000E+30             91012       
 NEXT SEEDS:30A8A0A1       0       0       0       0       0       1    3039       0       0
     198000                102000                102000             2.3543937E-04         1.0000000E+30             94002       
 NEXT SEEDS:310AC6F5       0       0       0       0       0       1    3039       0       0
     204000                 96000                 96000             2.3466696E-04         1.0000000E+30             96638       
 NEXT SEEDS:31644120       0       0       0       0       0       1    3039       0       0
     210000                 90000                 90000             2.3446418E-04         1.0000000E+30             99559       
 NEXT SEEDS:31C4BA3D       0       0       0       0       0       1    3039       0       0
     216000                 84000                 84000             2.3391928E-04         1.0000000E+30            102313       
 NEXT SEEDS:32204EE6       0       0       0       0       0       1    3039       0       0
     222000                 78000                 78000             2.3419199E-04         1.0000000E+30            105259       
 NEXT SEEDS:3281756B       0       0       0       0       0       1    3039       0       0
     228000                 72000                 72000             2.3378343E-04         1.0000000E+30            107937       
 NEXT SEEDS:32DB406E       0       0       0       0       0       1    3039       0       0
     234000                 66000                 66000             2.3321746E-04         1.0000000E+30            110639       
 NEXT SEEDS:3335DA3E       0       0       0       0       0       1    3039       0       0
     240000                 60000                 60000             2.3278533E-04         1.0000000E+30            113377       
 NEXT SEEDS:33911E18       0       0       0       0       0       1    3039       0       0
     246000                 54000                 54000             2.3259516E-04         1.0000000E+30            116340       
 NEXT SEEDS:33F162D0       0       0       0       0       0       1    3039       0       0
     252000                 48000                 48000             2.3226454E-04         1.0000000E+30            119175       
 NEXT SEEDS:344EEF06       0       0       0       0       0       1    3039       0       0
     258000                 42000                 42000             2.3256393E-04         1.0000000E+30            122180       
 NEXT SEEDS:34B23F6F       0       0       0       0       0       1    3039       0       0
     264000                 36000                 36000             2.3255200E-04         1.0000000E+30            125131       
 NEXT SEEDS:35146F4B       0       0       0       0       0       1    3039       0       0
     270000                 30000                 30000             2.3226462E-04         1.0000000E+30            127891       
 NEXT SEEDS:35701F7D       0       0       0       0       0       1    3039       0       0
     276000                 24000                 24000             2.3229333E-04         1.0000000E+30            130902       
 NEXT SEEDS:35D3945C       0       0       0       0       0       1    3039       0       0
     282000                 18000                 18000             2.3190196E-04         1.0000000E+30            133636       
 NEXT SEEDS:362EBD29       0       0       0       0       0       1    3039       0       0
     288000                 12000                 12000             2.3187748E-04         1.0000000E+30            136584       
 NEXT SEEDS:36917DE8       0       0       0       0       0       1    3039       0       0
     294000                  6000                  6000             2.3147632E-04         1.0000000E+30            139268       
 NEXT SEEDS:36ECB04D       0       0       0       0       0       1    3039       0       0
     299950                    50                    50             2.3115475E-04         1.0000000E+30            142033       
 NEXT SEEDS:3747CB66       0       0       0       0       0       1    3039       0       0
     299951                    49                    49             2.3115457E-04         1.0000000E+30            142033       
 NEXT SEEDS:3747CB9D       0       0       0       0       0       1    3039       0       0
     299952                    48                    48             2.3115407E-04         1.0000000E+30            142033       
 NEXT SEEDS:3747CBE6       0       0       0       0       0       1    3039       0       0
     299953                    47                    47             2.3115361E-04         1.0000000E+30            142033       
 NEXT SEEDS:3747CC83       0       0       0       0       0       1    3039       0       0
     299954                    46                    46             2.3115317E-04         1.0000000E+30            142033       
 NEXT SEEDS:3747CCD0       0       0       0       0       0       1    3039       0       0
     299955                    45                    45             2.3115298E-04         1.0000000E+30            142033       
 NEXT SEEDS:3747CD24       0       0       0       0       0       1    3039       0       0
     299956                    44                    44             2.3115336E-04         1.0000000E+30            142037       
 NEXT SEEDS:3747E35F       0       0       0       0       0       1    3039       0       0
     299957                    43                    43             2.3115320E-04         1.0000000E+30            142037       
 NEXT SEEDS:3747E3A6       0       0       0       0       0       1    3039       0       0
     299958                    42                    42             2.3115268E-04         1.0000000E+30            142037       
 NEXT SEEDS:3747E3C5       0       0       0       0       0       1    3039       0       0
     299959                    41                    41             2.3115219E-04         1.0000000E+30            142037       
 NEXT SEEDS:3747E41E       0       0       0       0       0       1    3039       0       0
     299960                    40                    40             2.3115165E-04         1.0000000E+30            142037       
 NEXT SEEDS:3747E45D       0       0       0       0       0       1    3039       0       0
     299961                    39                    39             2.3115088E-04         1.0000000E+30            142037       
 NEXT SEEDS:3747E47B       0       0       0       0       0       1    3039       0       0
     299962                    38                    38             2.3115011E-04         1.0000000E+30            142037       
 NEXT SEEDS:3747E4B1       0       0       0       0       0       1    3039       0       0
     299963                    37                    37             2.3115112E-04         1.0000000E+30            142038       
 NEXT SEEDS:3747F87F       0       0       0       0       0       1    3039       0       0
     299964                    36                    36             2.3116283E-04         1.0000000E+30            142043       
 NEXT SEEDS:374831C7       0       0       0       0       0       1    3039       0       0
     299965                    35                    35             2.3116685E-04         1.0000000E+30            142045       
 NEXT SEEDS:37484A8F       0       0       0       0       0       1    3039       0       0
     299966                    34                    34             2.3117660E-04         1.0000000E+30            142053       
 NEXT SEEDS:374882AC       0       0       0       0       0       1    3039       0       0
     299967                    33                    33             2.3117644E-04         1.0000000E+30            142053       
 NEXT SEEDS:374882E0       0       0       0       0       0       1    3039       0       0
     299968                    32                    32             2.3117603E-04         1.0000000E+30            142053       
 NEXT SEEDS:37488344       0       0       0       0       0       1    3039       0       0
     299969                    31                    31             2.3117554E-04         1.0000000E+30            142053       
 NEXT SEEDS:374883D6       0       0       0       0       0       1    3039       0       0
     299970                    30                    30             2.3117502E-04         1.0000000E+30            142053       
 NEXT SEEDS:3748841D       0       0       0       0       0       1    3039       0       0
     299971                    29                    29             2.3117486E-04         1.0000000E+30            142053       
 NEXT SEEDS:374884F0       0       0       0       0       0       1    3039       0       0
     299972                    28                    28             2.3117440E-04         1.0000000E+30            142053       
 NEXT SEEDS:37488533       0       0       0       0       0       1    3039       0       0
     299973                    27                    27             2.3117393E-04         1.0000000E+30            142053       
 NEXT SEEDS:374885AF       0       0       0       0       0       1    3039       0       0
     299974                    26                    26             2.3117339E-04         1.0000000E+30            142053       
 NEXT SEEDS:374885CC       0       0       0       0       0       1    3039       0       0
     299975                    25                    25             2.3117285E-04         1.0000000E+30            142053       
 NEXT SEEDS:374885F0       0       0       0       0       0       1    3039       0       0
     299976                    24                    24             2.3117236E-04         1.0000000E+30            142053       
 NEXT SEEDS:3748868B       0       0       0       0       0       1    3039       0       0
     299977                    23                    23             2.3117187E-04         1.0000000E+30            142053       
 NEXT SEEDS:374886E3       0       0       0       0       0       1    3039       0       0
     299978                    22                    22             2.3117140E-04         1.0000000E+30            142053       
 NEXT SEEDS:374887D8       0       0       0       0       0       1    3039       0       0
     299979                    21                    21             2.3117088E-04         1.0000000E+30            142053       
 NEXT SEEDS:37488829       0       0       0       0       0       1    3039       0       0
     299980                    20                    20             2.3117111E-04         1.0000000E+30            142053       
 NEXT SEEDS:37488AF6       0       0       0       0       0       1    3039       0       0
     299981                    19                    19             2.3117242E-04         1.0000000E+30            142054       
 NEXT SEEDS:37489440       0       0       0       0       0       1    3039       0       0
     299982                    18                    18             2.3117213E-04         1.0000000E+30            142054       
 NEXT SEEDS:3748947F       0       0       0       0       0       1    3039       0       0
     299983                    17                    17             2.3117604E-04         1.0000000E+30            142058       
 NEXT SEEDS:3748AABA       0       0       0       0       0       1    3039       0       0
     299984                    16                    16             2.3117601E-04         1.0000000E+30            142058       
 NEXT SEEDS:3748AAF1       0       0       0       0       0       1    3039       0       0
     299985                    15                    15             2.3117557E-04         1.0000000E+30            142058       
 NEXT SEEDS:3748AB4E       0       0       0       0       0       1    3039       0       0
     299986                    14                    14             2.3117632E-04         1.0000000E+30            142059       
 NEXT SEEDS:3748B1DA       0       0       0       0       0       1    3039       0       0
     299987                    13                    13             2.3117591E-04         1.0000000E+30            142059       
 NEXT SEEDS:3748B277       0       0       0       0       0       1    3039       0       0
     299988                    12                    12             2.3117544E-04         1.0000000E+30            142059       
 NEXT SEEDS:3748B304       0       0       0       0       0       1    3039       0       0
     299989                    11                    11             2.3117503E-04         1.0000000E+30            142059       
 NEXT SEEDS:3748B348       0       0       0       0       0       1    3039       0       0
     299990                    10                    10             2.3117474E-04         1.0000000E+30            142059       
 NEXT SEEDS:3748B44A       0       0       0       0       0       1    3039       0       0
     299991                     9                     9             2.3117423E-04         1.0000000E+30            142059       
 NEXT SEEDS:3748B491       0       0       0       0       0       1    3039       0       0
     299992                     8                     8             2.3117427E-04         1.0000000E+30            142060       
 NEXT SEEDS:3748B67D       0       0       0       0       0       1    3039       0       0
     299993                     7                     7             2.3117380E-04         1.0000000E+30            142060       
 NEXT SEEDS:3748B6EE       0       0       0       0       0       1    3039       0       0
     299994                     6                     6             2.3117326E-04         1.0000000E+30            142060       
 NEXT SEEDS:3748B70C       0       0       0       0       0       1    3039       0       0
     299995                     5                     5             2.3117277E-04         1.0000000E+30            142060       
 NEXT SEEDS:3748B77E       0       0       0       0       0       1    3039       0       0
     299996                     4                     4             2.3117223E-04         1.0000000E+30            142060       
 NEXT SEEDS:3748B7BD       0       0       0       0       0       1    3039       0       0
     299997                     3                     3             2.3117169E-04         1.0000000E+30            142060       
 NEXT SEEDS:3748B7E1       0       0       0       0       0       1    3039       0       0
     299998                     2                     2             2.3117117E-04         1.0000000E+30            142060       
 NEXT SEEDS:3748B827       0       0       0       0       0       1    3039       0       0
     299999                     1                     1             2.3117424E-04         1.0000000E+30            142062       
 NEXT SEEDS:3748C7BC       0       0       0       0       0       1    3039       0       0
     300000                     0                     1             2.3117431E-04         1.0000000E+30            142062       
 NEXT SEEDS:3748CA29       0       0       0       0       0       1    3039       0       0
 All cases handled by Feeder.
1Region # name     volume         ENERGY        Density   BEAMPART Star Density            Star Density            Star Density   
                in cubic cm         GeV/cm**3             Stars/cm**3             Stars/cm**3             Stars/cm**3          
                                  /one beam particle      /one beam particle      /one beam particle      /one beam particle   

      1 regBH1   1.000000000D+00         4.759202778D+01         0.000000000D+00         0.000000000D+00         0.000000000D+00
      2 regVA2   1.000000000D+00         0.000000000D+00         0.000000000D+00         0.000000000D+00         0.000000000D+00
      3 regBE3   1.000000000D+00         2.786031391D-02         1.086066667D-01         0.000000000D+00         0.000000000D+00
      4 regBE4   1.000000000D+00         4.241678113D-02         9.517333333D-02         0.000000000D+00         0.000000000D+00

 Total (integrated over volume):         4.766230488D+01         2.037800000D-01         0.000000000D+00         0.000000000D+00

 ***** Next control card *****   STOP       0.000       0.000       0.000       0.000       0.000       0.000                


 **** Total number of not-performed scatterings in FLUKA:      19497
 **** Total number of scatterings with no  LDA  in FLUKA:    3289380
 **** Ratio of rejected/accepted samplings from the Moliere's distribution in FLUKA:   0.0000
 **** ( Total multiple scatterings: 1.1488E+07: Total single scatterings: 0.0000E+00,
 ****   split into: 1 0.0000E+00 2 0.0000E+00 3 0.0000E+00 4 0.0000E+00 5 0.0000E+00)


 **** Total number of not-performed scatterings in EMF  :       9426
 **** Total number of scatterings with no  LDA  in EMF  :     161262
 **** Ratio of rejected/accepted samplings from the Moliere's distribution in EMF  :   0.0000
 **** ( Total multiple scatterings: 2.6598E+06: Total single scatterings: 0.0000E+00 )





 * ========================================================================== *
 * ====       Summary of FLUKA v4 run (Copyright (C) 2020 CERN)          ==== *
 * ========================================================================== *



  Total number of primaries run:         300000 for a weight of: 3.000000E+05
  !!! Please remember that all results are normalized  per unit weight !!!
  The main stack maximum occupancy was         72 out of      70000 available


  Total number of inelastic interactions (stars):            142062
  Total weight of the inelastic interactions (stars):  1.420620E+05


  Total number of elastic interactions:             64075
  Total weight of the elastic interactions:  6.407500E+04


  Total number of low energy neutron interactions:             190201
  Total weight of the low energy neutron interactions: 1.902010E+05

  Total CPU time used to follow all primary particles:   6.935E+01 seconds of:                                                   
  Average CPU time used to follow a primary particle:    2.312E-04 seconds of:                                                   
  Maximum CPU time used to follow a primary particle:    3.268E-02 seconds of:                                                   
  Residual CPU time left:                                1.000E+30 seconds of:                                                   
  Maximum RAM used:       748292 (KB on Linux, B on OSX)


 Number of stars generated per beam particle:
 Prompt radiation      Radioactive decays
   4.7354E-01 (100.%)   0.0000E+00 (100.%) 
   1.2667E-04 ( 0.0%)   0.0000E+00 ( 0.0%) generated by 4-HELIUM
   9.0000E-05 ( 0.0%)   0.0000E+00 ( 0.0%) generated by 3-HELIUM
   7.9667E-04 ( 0.2%)   0.0000E+00 ( 0.0%) generated by TRITON  
   1.5467E-03 ( 0.3%)   0.0000E+00 ( 0.0%) generated by DEUTERON
   0.0000E+00 ( 0.0%)   0.0000E+00 ( 0.0%) generated by HEAVYION
   0.0000E+00 ( 0.0%)   0.0000E+00 ( 0.0%) generated by OPTIPHOT
   0.0000E+00 ( 0.0%)   0.0000E+00 ( 0.0%) generated by RAY     
   2.5146E-01 (53.1%)   0.0000E+00 ( 0.0%) generated by PROTON  
   7.7333E-04 ( 0.2%)   0.0000E+00 ( 0.0%) generated by APROTON 
   0.0000E+00 ( 0.0%)   0.0000E+00 ( 0.0%) generated by ELECTRON
   0.0000E+00 ( 0.0%)   0.0000E+00 ( 0.0%) generated by POSITRON
   0.0000E+00 ( 0.0%)   0.0000E+00 ( 0.0%) generated by NEUTRIE 
   0.0000E+00 ( 0.0%)   0.0000E+00 ( 0.0%) generated by ANEUTRIE
   0.0000E+00 ( 0.0%)   0.0000E+00 ( 0.0%) generated by PHOTON  
   5.9180E-02 (12.5%)   0.0000E+00 ( 0.0%) generated by NEUTRON 
   7.0667E-04 ( 0.1%)   0.0000E+00 ( 0.0%) generated by ANEUTRON
   0.0000E+00 ( 0.0%)   0.0000E+00 ( 0.0%) generated by MUON+   
   3.3333E-06 ( 0.0%)   0.0000E+00 ( 0.0%) generated by MUON-   
   0.0000E+00 ( 0.0%)   0.0000E+00 ( 0.0%) generated by KAONLONG
   6.7830E-02 (14.3%)   0.0000E+00 ( 0.0%) generated by PION+   
   7.7473E-02 (16.4%)   0.0000E+00 ( 0.0%) generated by PION-   
   2.8600E-03 ( 0.6%)   0.0000E+00 ( 0.0%) generated by KAON+   
   2.2533E-03 ( 0.5%)   0.0000E+00 ( 0.0%) generated by KAON-   
   2.8067E-03 ( 0.6%)   0.0000E+00 ( 0.0%) generated by LAMBDA  
   8.6667E-05 ( 0.0%)   0.0000E+00 ( 0.0%) generated by ALAMBDA 
   0.0000E+00 ( 0.0%)   0.0000E+00 ( 0.0%) generated by KAONSHRT
   3.9333E-04 ( 0.1%)   0.0000E+00 ( 0.0%) generated by SIGMA-  
   5.2667E-04 ( 0.1%)   0.0000E+00 ( 0.0%) generated by SIGMA+  
   0.0000E+00 ( 0.0%)   0.0000E+00 ( 0.0%) generated by SIGMAZER
   0.0000E+00 ( 0.0%)   0.0000E+00 ( 0.0%) generated by PIZERO  
   2.5533E-03 ( 0.5%)   0.0000E+00 ( 0.0%) generated by KAONZERO
   1.9100E-03 ( 0.4%)   0.0000E+00 ( 0.0%) generated by AKAONZER
   0.0000E+00 ( 0.0%)   0.0000E+00 ( 0.0%) generated by RESERVED
   0.0000E+00 ( 0.0%)   0.0000E+00 ( 0.0%) generated by NEUTRIM 
   0.0000E+00 ( 0.0%)   0.0000E+00 ( 0.0%) generated by ANEUTRIM
   0.0000E+00 ( 0.0%)   0.0000E+00 ( 0.0%) generated by RESERVED
   0.0000E+00 ( 0.0%)   0.0000E+00 ( 0.0%) generated by RESERVED
   2.3333E-05 ( 0.0%)   0.0000E+00 ( 0.0%) generated by ASIGMA- 
   0.0000E+00 ( 0.0%)   0.0000E+00 ( 0.0%) generated by ASIGMAZE
   2.3333E-05 ( 0.0%)   0.0000E+00 ( 0.0%) generated by ASIGMA+ 
   6.6667E-05 ( 0.0%)   0.0000E+00 ( 0.0%) generated by XSIZERO 
   0.0000E+00 ( 0.0%)   0.0000E+00 ( 0.0%) generated by AXSIZERO
   5.0000E-05 ( 0.0%)   0.0000E+00 ( 0.0%) generated by XSI-    
   0.0000E+00 ( 0.0%)   0.0000E+00 ( 0.0%) generated by AXSI+   
   0.0000E+00 ( 0.0%)   0.0000E+00 ( 0.0%) generated by OMEGA-  
   0.0000E+00 ( 0.0%)   0.0000E+00 ( 0.0%) generated by AOMEGA+ 
   0.0000E+00 ( 0.0%)   0.0000E+00 ( 0.0%) generated by WWLOWNEU
   0.0000E+00 ( 0.0%)   0.0000E+00 ( 0.0%) generated by TAU+    
   0.0000E+00 ( 0.0%)   0.0000E+00 ( 0.0%) generated by TAU-    
   0.0000E+00 ( 0.0%)   0.0000E+00 ( 0.0%) generated by NEUTRIT 
   0.0000E+00 ( 0.0%)   0.0000E+00 ( 0.0%) generated by ANEUTRIT
   0.0000E+00 ( 0.0%)   0.0000E+00 ( 0.0%) generated by D+      
   0.0000E+00 ( 0.0%)   0.0000E+00 ( 0.0%) generated by D-      
   0.0000E+00 ( 0.0%)   0.0000E+00 ( 0.0%) generated by D0      
   0.0000E+00 ( 0.0%)   0.0000E+00 ( 0.0%) generated by D0BAR   
   0.0000E+00 ( 0.0%)   0.0000E+00 ( 0.0%) generated by DS+     
   0.0000E+00 ( 0.0%)   0.0000E+00 ( 0.0%) generated by DS-     
   0.0000E+00 ( 0.0%)   0.0000E+00 ( 0.0%) generated by LAMBDAC+
   0.0000E+00 ( 0.0%)   0.0000E+00 ( 0.0%) generated by XSIC+   
   0.0000E+00 ( 0.0%)   0.0000E+00 ( 0.0%) generated by XSIC0   
   0.0000E+00 ( 0.0%)   0.0000E+00 ( 0.0%) generated by XSIPC+  
   0.0000E+00 ( 0.0%)   0.0000E+00 ( 0.0%) generated by XSIPC0  
   0.0000E+00 ( 0.0%)   0.0000E+00 ( 0.0%) generated by OMEGAC0 
   0.0000E+00 ( 0.0%)   0.0000E+00 ( 0.0%) generated by ALAMBDC-
   0.0000E+00 ( 0.0%)   0.0000E+00 ( 0.0%) generated by AXSIC-  
   0.0000E+00 ( 0.0%)   0.0000E+00 ( 0.0%) generated by AXSIC0  
   0.0000E+00 ( 0.0%)   0.0000E+00 ( 0.0%) generated by AXSIPC- 
   0.0000E+00 ( 0.0%)   0.0000E+00 ( 0.0%) generated by AXSIPC0 
   0.0000E+00 ( 0.0%)   0.0000E+00 ( 0.0%) generated by AOMEGAC0
   0.0000E+00 ( 0.0%)   0.0000E+00 ( 0.0%) generated by RESERVED
   0.0000E+00 ( 0.0%)   0.0000E+00 ( 0.0%) generated by RESERVED

 Number of secondaries generated in inelastic interactions per beam particle:
 Prompt radiation      Radioactive decays
   4.4754E+00 (100.%)   0.0000E+00 (100.%) 
   4.1714E-01 ( 9.3%)   0.0000E+00 ( 0.0%) 4-HELIUM
   3.6097E-02 ( 0.8%)   0.0000E+00 ( 0.0%) 3-HELIUM
   9.6447E-02 ( 2.2%)   0.0000E+00 ( 0.0%) TRITON  
   1.3725E-01 ( 3.1%)   0.0000E+00 ( 0.0%) DEUTERON
   0.0000E+00 ( 0.0%)   0.0000E+00 ( 0.0%) HEAVYION
   0.0000E+00 ( 0.0%)   0.0000E+00 ( 0.0%) OPTIPHOT
   0.0000E+00 ( 0.0%)   0.0000E+00 ( 0.0%) RAY     
   6.1693E-01 (13.8%)   0.0000E+00 ( 0.0%) PROTON  
   5.1700E-03 ( 0.1%)   0.0000E+00 ( 0.0%) APROTON 
   3.5667E-04 ( 0.0%)   0.0000E+00 ( 0.0%) ELECTRON
   3.5667E-04 ( 0.0%)   0.0000E+00 ( 0.0%) POSITRON
   0.0000E+00 ( 0.0%)   0.0000E+00 ( 0.0%) NEUTRIE 
   0.0000E+00 ( 0.0%)   0.0000E+00 ( 0.0%) ANEUTRIE
   7.4587E-02 ( 1.7%)   0.0000E+00 ( 0.0%) PHOTON  
   8.4953E-01 (19.0%)   0.0000E+00 ( 0.0%) NEUTRON 
   5.0800E-03 ( 0.1%)   0.0000E+00 ( 0.0%) ANEUTRON
   2.3333E-05 ( 0.0%)   0.0000E+00 ( 0.0%) MUON+   
   2.3333E-05 ( 0.0%)   0.0000E+00 ( 0.0%) MUON-   
   6.6667E-06 ( 0.0%)   0.0000E+00 ( 0.0%) KAONLONG
   6.6565E-01 (14.9%)   0.0000E+00 ( 0.0%) PION+   
   6.1582E-01 (13.8%)   0.0000E+00 ( 0.0%) PION-   
   4.4283E-02 ( 1.0%)   0.0000E+00 ( 0.0%) KAON+   
   2.2530E-02 ( 0.5%)   0.0000E+00 ( 0.0%) KAON-   
   2.1963E-02 ( 0.5%)   0.0000E+00 ( 0.0%) LAMBDA  
   6.4000E-04 ( 0.0%)   0.0000E+00 ( 0.0%) ALAMBDA 
   6.6667E-06 ( 0.0%)   0.0000E+00 ( 0.0%) KAONSHRT
   5.4767E-03 ( 0.1%)   0.0000E+00 ( 0.0%) SIGMA-  
   7.2800E-03 ( 0.2%)   0.0000E+00 ( 0.0%) SIGMA+  
   7.3467E-03 ( 0.2%)   0.0000E+00 ( 0.0%) SIGMAZER
   7.7815E-01 (17.4%)   0.0000E+00 ( 0.0%) PIZERO  
   4.2697E-02 ( 1.0%)   0.0000E+00 ( 0.0%) KAONZERO
   2.2690E-02 ( 0.5%)   0.0000E+00 ( 0.0%) AKAONZER
   0.0000E+00 ( 0.0%)   0.0000E+00 ( 0.0%) RESERVED
   3.3333E-06 ( 0.0%)   0.0000E+00 ( 0.0%) NEUTRIM 
   0.0000E+00 ( 0.0%)   0.0000E+00 ( 0.0%) ANEUTRIM
   0.0000E+00 ( 0.0%)   0.0000E+00 ( 0.0%) RESERVED
   0.0000E+00 ( 0.0%)   0.0000E+00 ( 0.0%) RESERVED
   3.0000E-04 ( 0.0%)   0.0000E+00 ( 0.0%) ASIGMA- 
   1.5000E-04 ( 0.0%)   0.0000E+00 ( 0.0%) ASIGMAZE
   2.8000E-04 ( 0.0%)   0.0000E+00 ( 0.0%) ASIGMA+ 
   6.1333E-04 ( 0.0%)   0.0000E+00 ( 0.0%) XSIZERO 
   4.0000E-05 ( 0.0%)   0.0000E+00 ( 0.0%) AXSIZERO
   4.9667E-04 ( 0.0%)   0.0000E+00 ( 0.0%) XSI-    
   2.0000E-05 ( 0.0%)   0.0000E+00 ( 0.0%) AXSI+   
   0.0000E+00 ( 0.0%)   0.0000E+00 ( 0.0%) OMEGA-  
   0.0000E+00 ( 0.0%)   0.0000E+00 ( 0.0%) AOMEGA+ 
   0.0000E+00 ( 0.0%)   0.0000E+00 ( 0.0%) WWLOWNEU
   0.0000E+00 ( 0.0%)   0.0000E+00 ( 0.0%) TAU+    
   0.0000E+00 ( 0.0%)   0.0000E+00 ( 0.0%) TAU-    
   0.0000E+00 ( 0.0%)   0.0000E+00 ( 0.0%) NEUTRIT 
   0.0000E+00 ( 0.0%)   0.0000E+00 ( 0.0%) ANEUTRIT
   0.0000E+00 ( 0.0%)   0.0000E+00 ( 0.0%) D+      
   0.0000E+00 ( 0.0%)   0.0000E+00 ( 0.0%) D-      
   0.0000E+00 ( 0.0%)   0.0000E+00 ( 0.0%) D0      
   0.0000E+00 ( 0.0%)   0.0000E+00 ( 0.0%) D0BAR   
   0.0000E+00 ( 0.0%)   0.0000E+00 ( 0.0%) DS+     
   0.0000E+00 ( 0.0%)   0.0000E+00 ( 0.0%) DS-     
   0.0000E+00 ( 0.0%)   0.0000E+00 ( 0.0%) LAMBDAC+
   0.0000E+00 ( 0.0%)   0.0000E+00 ( 0.0%) XSIC+   
   0.0000E+00 ( 0.0%)   0.0000E+00 ( 0.0%) XSIC0   
   0.0000E+00 ( 0.0%)   0.0000E+00 ( 0.0%) XSIPC+  
   0.0000E+00 ( 0.0%)   0.0000E+00 ( 0.0%) XSIPC0  
   0.0000E+00 ( 0.0%)   0.0000E+00 ( 0.0%) OMEGAC0 
   0.0000E+00 ( 0.0%)   0.0000E+00 ( 0.0%) ALAMBDC-
   0.0000E+00 ( 0.0%)   0.0000E+00 ( 0.0%) AXSIC-  
   0.0000E+00 ( 0.0%)   0.0000E+00 ( 0.0%) AXSIC0  
   0.0000E+00 ( 0.0%)   0.0000E+00 ( 0.0%) AXSIPC- 
   0.0000E+00 ( 0.0%)   0.0000E+00 ( 0.0%) AXSIPC0 
   0.0000E+00 ( 0.0%)   0.0000E+00 ( 0.0%) AOMEGAC0
   0.0000E+00 ( 0.0%)   0.0000E+00 ( 0.0%) RESERVED
   0.0000E+00 ( 0.0%)   0.0000E+00 ( 0.0%) RESERVED

 Number of decay products produced per beam particle:
 Prompt radiation      Radioactive decays
   7.2376E+00 (100.%)   0.0000E+00 (100.%) 
   0.0000E+00 ( 0.0%)   0.0000E+00 ( 0.0%) 4-HELIUM
   0.0000E+00 ( 0.0%)   0.0000E+00 ( 0.0%) 3-HELIUM
   0.0000E+00 ( 0.0%)   0.0000E+00 ( 0.0%) TRITON  
   0.0000E+00 ( 0.0%)   0.0000E+00 ( 0.0%) DEUTERON
   0.0000E+00 ( 0.0%)   0.0000E+00 ( 0.0%) HEAVYION
   0.0000E+00 ( 0.0%)   0.0000E+00 ( 0.0%) OPTIPHOT
   0.0000E+00 ( 0.0%)   0.0000E+00 ( 0.0%) RAY     
   2.1077E-02 ( 0.3%)   0.0000E+00 ( 0.0%) PROTON  
   6.0333E-04 ( 0.0%)   0.0000E+00 ( 0.0%) APROTON 
   4.5472E-01 ( 6.3%)   0.0000E+00 ( 0.0%) ELECTRON
   4.8156E-01 ( 6.7%)   0.0000E+00 ( 0.0%) POSITRON
   4.7085E-01 ( 6.5%)   0.0000E+00 ( 0.0%) NEUTRIE 
   4.4400E-01 ( 6.1%)   0.0000E+00 ( 0.0%) ANEUTRIE
   1.7048E+00 (23.6%)   0.0000E+00 ( 0.0%) PHOTON  
   1.8257E-02 ( 0.3%)   0.0000E+00 ( 0.0%) NEUTRON 
   6.9333E-04 ( 0.0%)   0.0000E+00 ( 0.0%) ANEUTRON
   6.6434E-01 ( 9.2%)   0.0000E+00 ( 0.0%) MUON+   
   6.0287E-01 ( 8.3%)   0.0000E+00 ( 0.0%) MUON-   
   0.0000E+00 ( 0.0%)   0.0000E+00 ( 0.0%) KAONLONG
   5.4713E-02 ( 0.8%)   0.0000E+00 ( 0.0%) PION+   
   6.7787E-02 ( 0.9%)   0.0000E+00 ( 0.0%) PION-   
   0.0000E+00 ( 0.0%)   0.0000E+00 ( 0.0%) KAON+   
   0.0000E+00 ( 0.0%)   0.0000E+00 ( 0.0%) KAON-   
   8.3400E-03 ( 0.1%)   0.0000E+00 ( 0.0%) LAMBDA  
   2.1000E-04 ( 0.0%)   0.0000E+00 ( 0.0%) ALAMBDA 
   0.0000E+00 ( 0.0%)   0.0000E+00 ( 0.0%) KAONSHRT
   0.0000E+00 ( 0.0%)   0.0000E+00 ( 0.0%) SIGMA-  
   0.0000E+00 ( 0.0%)   0.0000E+00 ( 0.0%) SIGMA+  
   0.0000E+00 ( 0.0%)   0.0000E+00 ( 0.0%) SIGMAZER
   7.5690E-02 ( 1.0%)   0.0000E+00 ( 0.0%) PIZERO  
   0.0000E+00 ( 0.0%)   0.0000E+00 ( 0.0%) KAONZERO
   0.0000E+00 ( 0.0%)   0.0000E+00 ( 0.0%) AKAONZER
   0.0000E+00 ( 0.0%)   0.0000E+00 ( 0.0%) RESERVED
   1.1013E+00 (15.2%)   0.0000E+00 ( 0.0%) NEUTRIM 
   1.0658E+00 (14.7%)   0.0000E+00 ( 0.0%) ANEUTRIM
   0.0000E+00 ( 0.0%)   0.0000E+00 ( 0.0%) RESERVED
   0.0000E+00 ( 0.0%)   0.0000E+00 ( 0.0%) RESERVED
   0.0000E+00 ( 0.0%)   0.0000E+00 ( 0.0%) ASIGMA- 
   0.0000E+00 ( 0.0%)   0.0000E+00 ( 0.0%) ASIGMAZE
   0.0000E+00 ( 0.0%)   0.0000E+00 ( 0.0%) ASIGMA+ 
   0.0000E+00 ( 0.0%)   0.0000E+00 ( 0.0%) XSIZERO 
   0.0000E+00 ( 0.0%)   0.0000E+00 ( 0.0%) AXSIZERO
   0.0000E+00 ( 0.0%)   0.0000E+00 ( 0.0%) XSI-    
   0.0000E+00 ( 0.0%)   0.0000E+00 ( 0.0%) AXSI+   
   0.0000E+00 ( 0.0%)   0.0000E+00 ( 0.0%) OMEGA-  
   0.0000E+00 ( 0.0%)   0.0000E+00 ( 0.0%) AOMEGA+ 
   0.0000E+00 ( 0.0%)   0.0000E+00 ( 0.0%) WWLOWNEU
   0.0000E+00 ( 0.0%)   0.0000E+00 ( 0.0%) TAU+    
   0.0000E+00 ( 0.0%)   0.0000E+00 ( 0.0%) TAU-    
   0.0000E+00 ( 0.0%)   0.0000E+00 ( 0.0%) NEUTRIT 
   0.0000E+00 ( 0.0%)   0.0000E+00 ( 0.0%) ANEUTRIT
   0.0000E+00 ( 0.0%)   0.0000E+00 ( 0.0%) D+      
   0.0000E+00 ( 0.0%)   0.0000E+00 ( 0.0%) D-      
   0.0000E+00 ( 0.0%)   0.0000E+00 ( 0.0%) D0      
   0.0000E+00 ( 0.0%)   0.0000E+00 ( 0.0%) D0BAR   
   0.0000E+00 ( 0.0%)   0.0000E+00 ( 0.0%) DS+     
   0.0000E+00 ( 0.0%)   0.0000E+00 ( 0.0%) DS-     
   0.0000E+00 ( 0.0%)   0.0000E+00 ( 0.0%) LAMBDAC+
   0.0000E+00 ( 0.0%)   0.0000E+00 ( 0.0%) XSIC+   
   0.0000E+00 ( 0.0%)   0.0000E+00 ( 0.0%) XSIC0   
   0.0000E+00 ( 0.0%)   0.0000E+00 ( 0.0%) XSIPC+  
   0.0000E+00 ( 0.0%)   0.0000E+00 ( 0.0%) XSIPC0  
   0.0000E+00 ( 0.0%)   0.0000E+00 ( 0.0%) OMEGAC0 
   0.0000E+00 ( 0.0%)   0.0000E+00 ( 0.0%) ALAMBDC-
   0.0000E+00 ( 0.0%)   0.0000E+00 ( 0.0%) AXSIC-  
   0.0000E+00 ( 0.0%)   0.0000E+00 ( 0.0%) AXSIC0  
   0.0000E+00 ( 0.0%)   0.0000E+00 ( 0.0%) AXSIPC- 
   0.0000E+00 ( 0.0%)   0.0000E+00 ( 0.0%) AXSIPC0 
   0.0000E+00 ( 0.0%)   0.0000E+00 ( 0.0%) AOMEGAC0
   0.0000E+00 ( 0.0%)   0.0000E+00 ( 0.0%) RESERVED
   0.0000E+00 ( 0.0%)   0.0000E+00 ( 0.0%) RESERVED

 Number of particles decayed per beam particle:
 Prompt radiation                               Radioactive decays
   3.1435E+00 (100.%)                               0.0000E+00 (100.%) 
   0.0000E+00 ( 0.0%)(<c x tau> =   1.0000E+30 cm)   0.0000E+00 ( 0.0%)(<c x tau> =   1.0000E+30 cm)  4-HELIUM
   0.0000E+00 ( 0.0%)(<c x tau> =   1.0000E+30 cm)   0.0000E+00 ( 0.0%)(<c x tau> =   1.0000E+30 cm)  3-HELIUM
   0.0000E+00 ( 0.0%)(<c x tau> =   1.0000E+30 cm)   0.0000E+00 ( 0.0%)(<c x tau> =   1.0000E+30 cm)  TRITON  
   0.0000E+00 ( 0.0%)(<c x tau> =   1.0000E+30 cm)   0.0000E+00 ( 0.0%)(<c x tau> =   1.0000E+30 cm)  DEUTERON
   0.0000E+00 ( 0.0%)(<c x tau> =   1.0000E+30 cm)   0.0000E+00 ( 0.0%)(<c x tau> =   1.0000E+30 cm)  HEAVYION
   0.0000E+00 ( 0.0%)(<c x tau> =   1.0000E+30 cm)   0.0000E+00 ( 0.0%)(<c x tau> =   1.0000E+30 cm)  OPTIPHOT
   0.0000E+00 ( 0.0%)(<c x tau> =   1.0000E+30 cm)   0.0000E+00 ( 0.0%)(<c x tau> =   1.0000E+30 cm)  RAY     
   0.0000E+00 ( 0.0%)(<c x tau> =   1.0000E+30 cm)   0.0000E+00 ( 0.0%)(<c x tau> =   1.0000E+30 cm)  PROTON  
   0.0000E+00 ( 0.0%)(<c x tau> =   1.0000E+30 cm)   0.0000E+00 ( 0.0%)(<c x tau> =   1.0000E+30 cm)  APROTON 
   0.0000E+00 ( 0.0%)(<c x tau> =   1.0000E+30 cm)   0.0000E+00 ( 0.0%)(<c x tau> =   1.0000E+30 cm)  ELECTRON
   0.0000E+00 ( 0.0%)(<c x tau> =   1.0000E+30 cm)   0.0000E+00 ( 0.0%)(<c x tau> =   1.0000E+30 cm)  POSITRON
   0.0000E+00 ( 0.0%)(<c x tau> =   1.0000E+30 cm)   0.0000E+00 ( 0.0%)(<c x tau> =   1.0000E+30 cm)  NEUTRIE 
   0.0000E+00 ( 0.0%)(<c x tau> =   1.0000E+30 cm)   0.0000E+00 ( 0.0%)(<c x tau> =   1.0000E+30 cm)  ANEUTRIE
   0.0000E+00 ( 0.0%)(<c x tau> =   1.0000E+30 cm)   0.0000E+00 ( 0.0%)(<c x tau> =   1.0000E+30 cm)  PHOTON  
   0.0000E+00 ( 0.0%)(<c x tau> =   1.0000E+30 cm)   0.0000E+00 ( 0.0%)(<c x tau> =   1.0000E+30 cm)  NEUTRON 
   0.0000E+00 ( 0.0%)(<c x tau> =   1.0000E+30 cm)   0.0000E+00 ( 0.0%)(<c x tau> =   1.0000E+30 cm)  ANEUTRON
   4.6291E-01 (14.7%)(<c x tau> =   6.5997E+04 cm)   0.0000E+00 ( 0.0%)(<c x tau> =   1.0000E+30 cm)  MUON+   
   4.3694E-01 (13.9%)(<c x tau> =   6.5854E+04 cm)   0.0000E+00 ( 0.0%)(<c x tau> =   1.0000E+30 cm)  MUON-   
   6.6667E-06 ( 0.0%)(<c x tau> =   1.5525E+03 cm)   0.0000E+00 ( 0.0%)(<c x tau> =   1.0000E+30 cm)  KAONLONG
   6.3285E-01 (20.1%)(<c x tau> =   7.7747E+02 cm)   0.0000E+00 ( 0.0%)(<c x tau> =   1.0000E+30 cm)  PION+   
   5.8544E-01 (18.6%)(<c x tau> =   7.7875E+02 cm)   0.0000E+00 ( 0.0%)(<c x tau> =   1.0000E+30 cm)  PION-   
   4.1357E-02 ( 1.3%)(<c x tau> =   3.7557E+02 cm)   0.0000E+00 ( 0.0%)(<c x tau> =   1.0000E+30 cm)  KAON+   
   2.0243E-02 ( 0.6%)(<c x tau> =   3.7858E+02 cm)   0.0000E+00 ( 0.0%)(<c x tau> =   1.0000E+30 cm)  KAON-   
   2.7497E-02 ( 0.9%)(<c x tau> =   8.0448E+00 cm)   0.0000E+00 ( 0.0%)(<c x tau> =   1.0000E+30 cm)  LAMBDA  
   7.6333E-04 ( 0.0%)(<c x tau> =   7.8659E+00 cm)   0.0000E+00 ( 0.0%)(<c x tau> =   1.0000E+30 cm)  ALAMBDA 
   6.6667E-06 ( 0.0%)(<c x tau> =   2.6911E+00 cm)   0.0000E+00 ( 0.0%)(<c x tau> =   1.0000E+30 cm)  KAONSHRT
   5.0833E-03 ( 0.2%)(<c x tau> =   4.1327E+00 cm)   0.0000E+00 ( 0.0%)(<c x tau> =   1.0000E+30 cm)  SIGMA-  
   6.7533E-03 ( 0.2%)(<c x tau> =   2.3221E+00 cm)   0.0000E+00 ( 0.0%)(<c x tau> =   1.0000E+30 cm)  SIGMA+  
   7.3467E-03 ( 0.2%)(<c x tau> =   2.2101E-09 cm)   0.0000E+00 ( 0.0%)(<c x tau> =   1.0000E+30 cm)  SIGMAZER
   8.5384E-01 (27.2%)(<c x tau> =   2.5191E-06 cm)   0.0000E+00 ( 0.0%)(<c x tau> =   1.0000E+30 cm)  PIZERO  
   3.4677E-02 ( 1.1%)(<c x tau> =   1.0000E+30 cm)   0.0000E+00 ( 0.0%)(<c x tau> =   1.0000E+30 cm)  KAONZERO
   2.6057E-02 ( 0.8%)(<c x tau> =   1.0000E+30 cm)   0.0000E+00 ( 0.0%)(<c x tau> =   1.0000E+30 cm)  AKAONZER
   0.0000E+00 ( 0.0%)(<c x tau> =   1.0000E+30 cm)   0.0000E+00 ( 0.0%)(<c x tau> =   1.0000E+30 cm)  RESERVED
   0.0000E+00 ( 0.0%)(<c x tau> =   1.0000E+30 cm)   0.0000E+00 ( 0.0%)(<c x tau> =   1.0000E+30 cm)  NEUTRIM 
   0.0000E+00 ( 0.0%)(<c x tau> =   1.0000E+30 cm)   0.0000E+00 ( 0.0%)(<c x tau> =   1.0000E+30 cm)  ANEUTRIM
   0.0000E+00 ( 0.0%)(<c x tau> =   1.0000E+30 cm)   0.0000E+00 ( 0.0%)(<c x tau> =   1.0000E+30 cm)  RESERVED
   0.0000E+00 ( 0.0%)(<c x tau> =   1.0000E+30 cm)   0.0000E+00 ( 0.0%)(<c x tau> =   1.0000E+30 cm)  RESERVED
   2.7667E-04 ( 0.0%)(<c x tau> =   2.0096E+00 cm)   0.0000E+00 ( 0.0%)(<c x tau> =   1.0000E+30 cm)  ASIGMA- 
   1.5000E-04 ( 0.0%)(<c x tau> =   2.4992E-09 cm)   0.0000E+00 ( 0.0%)(<c x tau> =   1.0000E+30 cm)  ASIGMAZE
   2.5667E-04 ( 0.0%)(<c x tau> =   3.6409E+00 cm)   0.0000E+00 ( 0.0%)(<c x tau> =   1.0000E+30 cm)  ASIGMA+ 
   5.4667E-04 ( 0.0%)(<c x tau> =   8.2145E+00 cm)   0.0000E+00 ( 0.0%)(<c x tau> =   1.0000E+30 cm)  XSIZERO 
   4.0000E-05 ( 0.0%)(<c x tau> =   9.7157E+00 cm)   0.0000E+00 ( 0.0%)(<c x tau> =   1.0000E+30 cm)  AXSIZERO
   4.4667E-04 ( 0.0%)(<c x tau> =   4.9302E+00 cm)   0.0000E+00 ( 0.0%)(<c x tau> =   1.0000E+30 cm)  XSI-    
   2.0000E-05 ( 0.0%)(<c x tau> =   3.0328E+00 cm)   0.0000E+00 ( 0.0%)(<c x tau> =   1.0000E+30 cm)  AXSI+   
   0.0000E+00 ( 0.0%)(<c x tau> =   1.0000E+30 cm)   0.0000E+00 ( 0.0%)(<c x tau> =   1.0000E+30 cm)  OMEGA-  
   0.0000E+00 ( 0.0%)(<c x tau> =   1.0000E+30 cm)   0.0000E+00 ( 0.0%)(<c x tau> =   1.0000E+30 cm)  AOMEGA+ 
   0.0000E+00 ( 0.0%)(<c x tau> =   1.0000E+30 cm)   0.0000E+00 ( 0.0%)(<c x tau> =   1.0000E+30 cm)  WWLOWNEU
   0.0000E+00 ( 0.0%)(<c x tau> =   1.0000E+30 cm)   0.0000E+00 ( 0.0%)(<c x tau> =   1.0000E+30 cm)  TAU+    
   0.0000E+00 ( 0.0%)(<c x tau> =   1.0000E+30 cm)   0.0000E+00 ( 0.0%)(<c x tau> =   1.0000E+30 cm)  TAU-    
   0.0000E+00 ( 0.0%)(<c x tau> =   1.0000E+30 cm)   0.0000E+00 ( 0.0%)(<c x tau> =   1.0000E+30 cm)  NEUTRIT 
   0.0000E+00 ( 0.0%)(<c x tau> =   1.0000E+30 cm)   0.0000E+00 ( 0.0%)(<c x tau> =   1.0000E+30 cm)  ANEUTRIT
   0.0000E+00 ( 0.0%)(<c x tau> =   1.0000E+30 cm)   0.0000E+00 ( 0.0%)(<c x tau> =   1.0000E+30 cm)  D+      
   0.0000E+00 ( 0.0%)(<c x tau> =   1.0000E+30 cm)   0.0000E+00 ( 0.0%)(<c x tau> =   1.0000E+30 cm)  D-      
   0.0000E+00 ( 0.0%)(<c x tau> =   1.0000E+30 cm)   0.0000E+00 ( 0.0%)(<c x tau> =   1.0000E+30 cm)  D0      
   0.0000E+00 ( 0.0%)(<c x tau> =   1.0000E+30 cm)   0.0000E+00 ( 0.0%)(<c x tau> =   1.0000E+30 cm)  D0BAR   
   0.0000E+00 ( 0.0%)(<c x tau> =   1.0000E+30 cm)   0.0000E+00 ( 0.0%)(<c x tau> =   1.0000E+30 cm)  DS+     
   0.0000E+00 ( 0.0%)(<c x tau> =   1.0000E+30 cm)   0.0000E+00 ( 0.0%)(<c x tau> =   1.0000E+30 cm)  DS-     
   0.0000E+00 ( 0.0%)(<c x tau> =   1.0000E+30 cm)   0.0000E+00 ( 0.0%)(<c x tau> =   1.0000E+30 cm)  LAMBDAC+
   0.0000E+00 ( 0.0%)(<c x tau> =   1.0000E+30 cm)   0.0000E+00 ( 0.0%)(<c x tau> =   1.0000E+30 cm)  XSIC+   
   0.0000E+00 ( 0.0%)(<c x tau> =   1.0000E+30 cm)   0.0000E+00 ( 0.0%)(<c x tau> =   1.0000E+30 cm)  XSIC0   
   0.0000E+00 ( 0.0%)(<c x tau> =   1.0000E+30 cm)   0.0000E+00 ( 0.0%)(<c x tau> =   1.0000E+30 cm)  XSIPC+  
   0.0000E+00 ( 0.0%)(<c x tau> =   1.0000E+30 cm)   0.0000E+00 ( 0.0%)(<c x tau> =   1.0000E+30 cm)  XSIPC0  
   0.0000E+00 ( 0.0%)(<c x tau> =   1.0000E+30 cm)   0.0000E+00 ( 0.0%)(<c x tau> =   1.0000E+30 cm)  OMEGAC0 
   0.0000E+00 ( 0.0%)(<c x tau> =   1.0000E+30 cm)   0.0000E+00 ( 0.0%)(<c x tau> =   1.0000E+30 cm)  ALAMBDC-
   0.0000E+00 ( 0.0%)(<c x tau> =   1.0000E+30 cm)   0.0000E+00 ( 0.0%)(<c x tau> =   1.0000E+30 cm)  AXSIC-  
   0.0000E+00 ( 0.0%)(<c x tau> =   1.0000E+30 cm)   0.0000E+00 ( 0.0%)(<c x tau> =   1.0000E+30 cm)  AXSIC0  
   0.0000E+00 ( 0.0%)(<c x tau> =   1.0000E+30 cm)   0.0000E+00 ( 0.0%)(<c x tau> =   1.0000E+30 cm)  AXSIPC- 
   0.0000E+00 ( 0.0%)(<c x tau> =   1.0000E+30 cm)   0.0000E+00 ( 0.0%)(<c x tau> =   1.0000E+30 cm)  AXSIPC0 
   0.0000E+00 ( 0.0%)(<c x tau> =   1.0000E+30 cm)   0.0000E+00 ( 0.0%)(<c x tau> =   1.0000E+30 cm)  AOMEGAC0
   0.0000E+00 ( 0.0%)(<c x tau> =   1.0000E+30 cm)   0.0000E+00 ( 0.0%)(<c x tau> =   1.0000E+30 cm)  RESERVED
   0.0000E+00 ( 0.0%)(<c x tau> =   1.0000E+30 cm)   0.0000E+00 ( 0.0%)(<c x tau> =   1.0000E+30 cm)  RESERVED

 Number of stopping particles per beam particle:
 Prompt radiation      Radioactive decays
   1.0096E+00 (100.%)   0.0000E+00 (100.%) 
   5.0697E-01 (50.2%)   0.0000E+00 ( 0.0%) 4-HELIUM
   3.5923E-02 ( 3.6%)   0.0000E+00 ( 0.0%) 3-HELIUM
   9.5453E-02 ( 9.5%)   0.0000E+00 ( 0.0%) TRITON  
   1.3421E-01 (13.3%)   0.0000E+00 ( 0.0%) DEUTERON
   0.0000E+00 ( 0.0%)   0.0000E+00 ( 0.0%) HEAVYION
   0.0000E+00 ( 0.0%)   0.0000E+00 ( 0.0%) OPTIPHOT
   0.0000E+00 ( 0.0%)   0.0000E+00 ( 0.0%) RAY     
   1.9908E-01 (19.7%)   0.0000E+00 ( 0.0%) PROTON  
   6.6667E-06 ( 0.0%)   0.0000E+00 ( 0.0%) APROTON 
   0.0000E+00 ( 0.0%)   0.0000E+00 ( 0.0%) ELECTRON
   0.0000E+00 ( 0.0%)   0.0000E+00 ( 0.0%) POSITRON
   0.0000E+00 ( 0.0%)   0.0000E+00 ( 0.0%) NEUTRIE 
   0.0000E+00 ( 0.0%)   0.0000E+00 ( 0.0%) ANEUTRIE
   0.0000E+00 ( 0.0%)   0.0000E+00 ( 0.0%) PHOTON  
   0.0000E+00 ( 0.0%)   0.0000E+00 ( 0.0%) NEUTRON 
   0.0000E+00 ( 0.0%)   0.0000E+00 ( 0.0%) ANEUTRON
   1.1537E-02 ( 1.1%)   0.0000E+00 ( 0.0%) MUON+   
   1.1333E-04 ( 0.0%)   0.0000E+00 ( 0.0%) MUON-   
   0.0000E+00 ( 0.0%)   0.0000E+00 ( 0.0%) KAONLONG
   1.1560E-02 ( 1.1%)   0.0000E+00 ( 0.0%) PION+   
   1.2583E-02 ( 1.2%)   0.0000E+00 ( 0.0%) PION-   
   5.9000E-04 ( 0.1%)   0.0000E+00 ( 0.0%) KAON+   
   2.2000E-04 ( 0.0%)   0.0000E+00 ( 0.0%) KAON-   
   3.3333E-06 ( 0.0%)   0.0000E+00 ( 0.0%) LAMBDA  
   0.0000E+00 ( 0.0%)   0.0000E+00 ( 0.0%) ALAMBDA 
   0.0000E+00 ( 0.0%)   0.0000E+00 ( 0.0%) KAONSHRT
   6.0000E-05 ( 0.0%)   0.0000E+00 ( 0.0%) SIGMA-  
   1.3333E-05 ( 0.0%)   0.0000E+00 ( 0.0%) SIGMA+  
   3.3333E-06 ( 0.0%)   0.0000E+00 ( 0.0%) SIGMAZER
   1.1767E-03 ( 0.1%)   0.0000E+00 ( 0.0%) PIZERO  
   5.3333E-05 ( 0.0%)   0.0000E+00 ( 0.0%) KAONZERO
   1.6667E-05 ( 0.0%)   0.0000E+00 ( 0.0%) AKAONZER
   0.0000E+00 ( 0.0%)   0.0000E+00 ( 0.0%) RESERVED
   0.0000E+00 ( 0.0%)   0.0000E+00 ( 0.0%) NEUTRIM 
   0.0000E+00 ( 0.0%)   0.0000E+00 ( 0.0%) ANEUTRIM
   0.0000E+00 ( 0.0%)   0.0000E+00 ( 0.0%) RESERVED
   0.0000E+00 ( 0.0%)   0.0000E+00 ( 0.0%) RESERVED
   0.0000E+00 ( 0.0%)   0.0000E+00 ( 0.0%) ASIGMA- 
   0.0000E+00 ( 0.0%)   0.0000E+00 ( 0.0%) ASIGMAZE
   0.0000E+00 ( 0.0%)   0.0000E+00 ( 0.0%) ASIGMA+ 
   0.0000E+00 ( 0.0%)   0.0000E+00 ( 0.0%) XSIZERO 
   0.0000E+00 ( 0.0%)   0.0000E+00 ( 0.0%) AXSIZERO
   0.0000E+00 ( 0.0%)   0.0000E+00 ( 0.0%) XSI-    
   0.0000E+00 ( 0.0%)   0.0000E+00 ( 0.0%) AXSI+   
   0.0000E+00 ( 0.0%)   0.0000E+00 ( 0.0%) OMEGA-  
   0.0000E+00 ( 0.0%)   0.0000E+00 ( 0.0%) AOMEGA+ 
   0.0000E+00 ( 0.0%)   0.0000E+00 ( 0.0%) WWLOWNEU
   0.0000E+00 ( 0.0%)   0.0000E+00 ( 0.0%) TAU+    
   0.0000E+00 ( 0.0%)   0.0000E+00 ( 0.0%) TAU-    
   0.0000E+00 ( 0.0%)   0.0000E+00 ( 0.0%) NEUTRIT 
   0.0000E+00 ( 0.0%)   0.0000E+00 ( 0.0%) ANEUTRIT
   0.0000E+00 ( 0.0%)   0.0000E+00 ( 0.0%) D+      
   0.0000E+00 ( 0.0%)   0.0000E+00 ( 0.0%) D-      
   0.0000E+00 ( 0.0%)   0.0000E+00 ( 0.0%) D0      
   0.0000E+00 ( 0.0%)   0.0000E+00 ( 0.0%) D0BAR   
   0.0000E+00 ( 0.0%)   0.0000E+00 ( 0.0%) DS+     
   0.0000E+00 ( 0.0%)   0.0000E+00 ( 0.0%) DS-     
   0.0000E+00 ( 0.0%)   0.0000E+00 ( 0.0%) LAMBDAC+
   0.0000E+00 ( 0.0%)   0.0000E+00 ( 0.0%) XSIC+   
   0.0000E+00 ( 0.0%)   0.0000E+00 ( 0.0%) XSIC0   
   0.0000E+00 ( 0.0%)   0.0000E+00 ( 0.0%) XSIPC+  
   0.0000E+00 ( 0.0%)   0.0000E+00 ( 0.0%) XSIPC0  
   0.0000E+00 ( 0.0%)   0.0000E+00 ( 0.0%) OMEGAC0 
   0.0000E+00 ( 0.0%)   0.0000E+00 ( 0.0%) ALAMBDC-
   0.0000E+00 ( 0.0%)   0.0000E+00 ( 0.0%) AXSIC-  
   0.0000E+00 ( 0.0%)   0.0000E+00 ( 0.0%) AXSIC0  
   0.0000E+00 ( 0.0%)   0.0000E+00 ( 0.0%) AXSIPC- 
   0.0000E+00 ( 0.0%)   0.0000E+00 ( 0.0%) AXSIPC0 
   0.0000E+00 ( 0.0%)   0.0000E+00 ( 0.0%) AOMEGAC0
   0.0000E+00 ( 0.0%)   0.0000E+00 ( 0.0%) RESERVED
   0.0000E+00 ( 0.0%)   0.0000E+00 ( 0.0%) RESERVED

 Number of secondaries created by low energy neutron per beam particle:
 Prompt radiation      Radioactive decays
   7.6295E-01 (100.%)   0.0000E+00 (100.%) 
   5.8597E-01 (76.8%)   0.0000E+00 ( 0.0%) elastic NEUTRON 
   4.0000E-05 ( 0.0%)   0.0000E+00 ( 0.0%) inelastic NEUTRON 
   8.5653E-02 (11.2%)   0.0000E+00 ( 0.0%) fission NEUTRON 
   2.0000E-05 ( 0.0%)   0.0000E+00 ( 0.0%) PROTON  
   4.4667E-04 ( 0.1%)   0.0000E+00 ( 0.0%) PHOTON  
   6.6667E-05 ( 0.0%)   0.0000E+00 ( 0.0%) DEUTERON
   5.5333E-04 ( 0.1%)   0.0000E+00 ( 0.0%) TRITON  
   0.0000E+00 ( 0.0%)   0.0000E+00 ( 0.0%) 3-HELIUM
   9.0200E-02 (11.8%)   0.0000E+00 ( 0.0%) 4-HELIUM

   4.9071E+01  (100.%) GeV available per beam particle divided into
 Prompt radiation      Radioactive decays
   5.9858E-02  ( 0.1%)   0.0000E+00 ( 0.0%) GeV hadron and muon dE/dx
   9.4617E-03  ( 0.0%)   0.0000E+00 ( 0.0%) GeV electro-magnetic showers
   9.5741E-04  ( 0.0%)   0.0000E+00 ( 0.0%) GeV nuclear recoils and heavy fragments
   0.0000E+00  ( 0.0%)   0.0000E+00 ( 0.0%) GeV particles below threshold
   0.0000E+00  ( 0.0%)   0.0000E+00 ( 0.0%) GeV residual excitation energy
   0.0000E+00  ( 0.0%)   0.0000E+00 ( 0.0%) GeV low energy neutrons
   4.7592E+01  (97.0%)   0.0000E+00 ( 0.0%) GeV particles escaping the system
   1.3977E+00  ( 2.8%)   0.0000E+00 ( 0.0%) GeV particles discarded
   0.0000E+00  ( 0.0%)   0.0000E+00 ( 0.0%) GeV particles out of time limit
   1.0530E-02  ( 0.0%)                      GeV missing





 * ========================================================================== *
 * ======        End of FLUKA v4 run (Copyright (C) 2020 CERN)         ====== *
 * ========================================================================== *


  **** This version might be obsolete.  ****
  **** Please contact the FLUKA list    ****
  **** or look for an updated version   ****
  **** at http://fluka.cern             ****

